account_id,account_type,holder_name,bank,branch_city,latitude,longitude,kyc_completeness,account_age_days,opened_on,prior_fraud_flag
ACC-7E1F4AC50C,legit,Aryan Maharaj,PNB,Ahmedabad,22.91745,72.63668,0.74,1008,2023-11-27,False
ACC-0F76706FB1,legit,Udant Dewan,Union Bank,Mumbai,19.12376,72.98369,0.83,361,2025-09-04,False
ACC-C9EC862861,legit,Gagan Sami,SBI,Delhi,28.50409,77.13675,0.87,2470,2019-11-26,False
ACC-A7A8933842,legit,Ayushman Chander,Canara,Chennai,13.12321,80.28285,0.88,907,2024-03-07,False
ACC-F8D246D2D0,legit,Viraj Tiwari,BoB,Jalandhar,31.42581,75.64615,0.8,658,2024-11-11,False
ACC-9057966242,legit,Rushil Saini,HDFC,Bengaluru,12.89466,77.66581,0.81,423,2025-07-04,False
ACC-E73288F9DD,legit,Saumya Mall,SBI,Lucknow,26.94062,80.97423,0.92,3310,2017-08-08,False
ACC-742872BC2B,legit,Nathaniel Sami,IndusInd,Guwahati,26.0431,91.85033,0.79,327,2025-10-08,False
ACC-777B646391,legit,Arunima Dugal,PNB,Ahmedabad,23.05453,72.66916,0.91,2369,2020-03-06,False
ACC-B774B2D1BC,legit,Gayathri Chaudry,PNB,Delhi,28.65748,77.2828,0.96,331,2025-10-04,False
ACC-5CF210449D,legit,Lajita Chatterjee,ICICI,Patna,25.53409,85.17427,0.81,1499,2022-07-24,False
ACC-32FCC8C65C,legit,Hemangini Lalla,HDFC,Hyderabad,17.43099,78.54125,0.88,2804,2018-12-27,False
ACC-8762C82C0F,legit,Tripti Yadav,BoB,Bengaluru,12.98083,77.52563,0.78,1898,2021-06-20,False
ACC-FFAB625EFD,legit,Kritika Brar,Kotak,Nagpur,21.18364,79.10359,0.95,2809,2018-12-22,False
ACC-8F1BE8A8CB,legit,Janaki Handa,Kotak,Jalandhar,31.20598,75.66317,0.82,3302,2017-08-16,False
ACC-9E1489C0CB,legit,Chakradev Kari,Kotak,Mumbai,18.99789,72.99741,0.76,3594,2016-10-28,False
ACC-4E99782B8B,legit,Fariq Kaul,ICICI,Ranchi,23.31589,85.42164,0.78,1884,2021-07-04,False
ACC-1246A18253,legit,Lajita Mall,Union Bank,Hyderabad,17.45121,78.49723,0.83,3064,2018-04-11,False
ACC-98BF50FBA3,legit,Janya Gaba,IndusInd,Kolkata,22.54541,88.28804,0.85,571,2025-02-06,False
ACC-CF494D791D,legit,Isha Kadakia,ICICI,Jalandhar,31.2036,75.4707,0.94,2575,2019-08-13,False
ACC-832DB8563C,legit,Ekbal Garg,Canara,Patna,25.62016,85.10646,0.86,2445,2019-12-21,False
ACC-E03D1772D7,legit,Nihal Shere,HDFC,Guwahati,26.24201,91.60417,0.9,2957,2018-07-27,False
ACC-95F0624A85,legit,Anamika Kanda,HDFC,Guwahati,26.2123,91.80879,0.79,1398,2022-11-02,False
ACC-0C3C054753,legit,Daksh Karnik,Axis,Bengaluru,12.95909,77.71725,0.99,3592,2016-10-30,False
ACC-40E0FD9381,legit,Diya Rattan,Axis,Jalandhar,31.23915,75.68772,0.95,3570,2016-11-21,False
ACC-1BB80E9374,legit,Dominic Kakar,ICICI,Guwahati,26.17395,91.64237,0.86,3128,2018-02-06,False
ACC-071B895276,legit,Simon Tata,Kotak,Jalandhar,31.44017,75.68931,0.85,2458,2019-12-08,False
ACC-D2D793E5E9,legit,Tara Dhar,Axis,Mumbai,19.19197,72.98006,0.77,3411,2017-04-29,False
ACC-BB7ABF97C6,legit,Liam Koshy,Canara,Hyderabad,17.48716,78.6075,0.94,355,2025-09-10,False
ACC-9348003ED1,legit,Priya Rastogi,Canara,Jalandhar,31.33484,75.47505,0.98,2707,2019-04-03,False
ACC-0E0C1E2E4E,legit,Theodore Devi,PNB,Bengaluru,12.9081,77.69526,0.98,1738,2021-11-27,False
ACC-19A3798E9A,legit,Gavin Batta,BoB,Jalandhar,31.38814,75.49543,1.0,1281,2023-02-27,False
ACC-881DE7EA23,legit,Michael Dutta,HDFC,Ahmedabad,22.98829,72.6794,0.77,1854,2021-08-03,False
ACC-8F71C06043,legit,Devansh Rajan,Union Bank,Mumbai,19.03224,72.90157,0.77,947,2024-01-27,False
ACC-49E8CB1413,legit,Upadhriti Wadhwa,SBI,Mumbai,19.13217,72.75848,0.96,281,2025-11-23,False
ACC-3F63039D0D,legit,Advay Contractor,PNB,Mumbai,19.07983,72.81783,0.86,1993,2021-03-17,False
ACC-5DAE621EB3,legit,Harini Choudhury,PNB,Chennai,13.20041,80.2899,0.94,1941,2021-05-08,False
ACC-CFE43AA132,legit,Radhika Dugar,BoB,Jalandhar,31.30088,75.46656,0.81,2704,2019-04-06,False
ACC-63C5769D16,legit,Aarush Lall,HDFC,Patna,25.58519,85.19951,0.72,2763,2019-02-06,False
ACC-F69EFF6313,legit,Yashica Cherian,PNB,Chennai,13.03927,80.36845,0.76,1023,2023-11-12,False
ACC-27D28B0244,legit,Yashica Issac,PNB,Ranchi,23.24685,85.22406,0.96,1899,2021-06-19,False
ACC-B6B4387074,legit,Kashvi Edwin,HDFC,Mumbai,19.06063,72.97536,0.72,2259,2020-06-24,False
ACC-64133B7277,legit,Ekiya Suresh,PNB,Guwahati,26.23532,91.86296,0.75,3091,2018-03-15,False
ACC-162408A040,legit,Isaac Patil,ICICI,Ranchi,23.33906,85.40815,0.81,245,2025-12-29,False
ACC-0EF6EF4616,legit,Wriddhish Bhardwaj,Axis,Patna,25.53064,85.21438,0.83,1868,2021-07-20,False
ACC-546990EA97,legit,Farhan Chada,Canara,Chennai,13.2166,80.28577,0.75,2947,2018-08-06,False
ACC-7065A81A34,legit,Ekapad Walia,IndusInd,Jaipur,26.8361,75.66797,0.72,3018,2018-05-27,False
ACC-FAAF574CBF,legit,Kabir Soman,IndusInd,Lucknow,26.72701,80.96895,0.75,2064,2021-01-05,False
ACC-A07F3210D3,legit,Alka Wable,HDFC,Guwahati,26.03102,91.65129,0.9,2442,2019-12-24,False
ACC-2D88C0440D,legit,Siddharth Zacharia,PNB,Hyderabad,17.35899,78.60605,0.87,2338,2020-04-06,False
ACC-8EB3CAD19A,legit,Devika Rastogi,Union Bank,Delhi,28.64617,77.18717,0.86,2395,2020-02-09,False
ACC-DB4F4EEE3B,legit,Raksha Varughese,PNB,Nagpur,21.08114,79.13407,0.78,1291,2023-02-17,False
ACC-AA7A8B94C0,legit,Jai Kota,HDFC,Bengaluru,13.018,77.54055,0.7,1300,2023-02-08,False
ACC-2D4BA286B8,legit,Devansh Nigam,IndusInd,Kolkata,22.70732,88.49798,0.76,305,2025-10-30,False
ACC-46ACE32C69,legit,Victor Kannan,PNB,Jaipur,26.81306,75.74649,0.81,286,2025-11-18,False
ACC-9A82A8F408,legit,Ekavir Bhargava,Union Bank,Bengaluru,12.95489,77.60628,1.0,1244,2023-04-05,False
ACC-4B2C067387,legit,Ekansh Balay,IndusInd,Jalandhar,31.36762,75.44318,0.79,3351,2017-06-28,False
ACC-78508EE723,legit,Ekavir Varkey,HDFC,Ahmedabad,22.91536,72.6736,0.97,1088,2023-09-08,False
ACC-39DF57796E,legit,Arya Sunder,PNB,Chennai,13.09708,80.20917,0.92,2482,2019-11-14,False
ACC-9FEDF3D99B,legit,Kevin Solanki,Canara,Hyderabad,17.43567,78.58208,0.78,2075,2020-12-25,False
ACC-586C2C4507,legit,Urvashi Ray,Axis,Nagpur,21.23934,78.97801,0.71,1739,2021-11-26,False
ACC-FBE8498AA0,legit,Girindra Chatterjee,ICICI,Lucknow,26.91998,80.98326,0.92,1077,2023-09-19,False
ACC-259A629A07,legit,Irya Sampath,HDFC,Guwahati,26.20009,91.75266,0.98,463,2025-05-25,False
ACC-12DEBE4D7D,legit,Unni Bhagat,Kotak,Chennai,13.19187,80.28302,0.87,3423,2017-04-17,False
ACC-C741D6977A,legit,Darsh Rau,SBI,Bengaluru,12.95262,77.47077,0.97,1498,2022-07-25,False
ACC-9A72BC781A,legit,Ikbal Kothari,IndusInd,Hyderabad,17.43421,78.53182,0.97,1453,2022-09-08,False
ACC-4A9DCACDDC,legit,Ranveer Yadav,ICICI,Patna,25.72216,85.20503,0.99,974,2023-12-31,False
ACC-2491C47775,legit,Logan Sami,Kotak,Jalandhar,31.23872,75.5525,0.93,739,2024-08-22,False
ACC-25C9887F3A,legit,Arya Shere,PNB,Patna,25.67579,85.236,0.78,3325,2017-07-24,False
ACC-6082943E35,legit,Faqid Savant,Canara,Jalandhar,31.3804,75.54445,0.77,163,2026-03-21,False
ACC-6EB684699B,legit,Chandresh Zachariah,PNB,Bhopal,23.373,77.37197,0.77,3365,2017-06-14,False
ACC-159EC4E2F6,legit,Girik Khalsa,HDFC,Ahmedabad,22.93956,72.52498,0.99,3545,2016-12-16,False
ACC-499D1565B6,legit,Niharika Sunder,IndusInd,Jaipur,26.87217,75.78984,0.8,2788,2019-01-12,False
ACC-D0AE8D3A4E,legit,Tanay Rattan,Union Bank,Delhi,28.50994,77.33614,0.99,736,2024-08-25,False
ACC-E515F4F75D,legit,Nitesh Raghavan,Kotak,Jaipur,26.7876,75.8134,0.83,1420,2022-10-11,False
ACC-EDB7761749,legit,Madhavi Lanka,Axis,Guwahati,26.04062,91.84417,0.71,783,2024-07-09,False
ACC-B1F5E6D0A8,legit,Bhavika Sampath,PNB,Patna,25.45942,85.25262,0.81,2210,2020-08-12,False
ACC-73A7274BCF,legit,Mohammed Gupta,Kotak,Mumbai,19.19732,72.99142,0.9,2557,2019-08-31,False
ACC-8B890E7E9D,legit,Teerth Bhardwaj,BoB,Mumbai,19.13539,72.82373,0.8,1271,2023-03-09,False
ACC-9D9CEED106,legit,Dipta Bhandari,BoB,Chennai,13.02747,80.16997,0.9,1727,2021-12-08,False
ACC-DCE8AEC782,legit,Vansha Thakkar,IndusInd,Nagpur,21.0577,79.10688,0.95,1668,2022-02-05,False
ACC-21E3AE70D3,legit,Dakshesh Trivedi,Union Bank,Jaipur,26.85481,75.76835,0.9,2380,2020-02-24,False
ACC-2999994AFC,legit,Quincy Biswas,Canara,Ranchi,23.32837,85.35707,0.94,2098,2020-12-02,False
ACC-C3576ECEFE,legit,Wahab Raval,IndusInd,Jalandhar,31.38977,75.61913,0.9,1167,2023-06-21,False
ACC-AA6D5EBBA7,legit,Yatin Baral,PNB,Kolkata,22.52806,88.44996,0.9,3081,2018-03-25,False
ACC-824E2F1D98,legit,Oni Virk,PNB,Hyderabad,17.46785,78.39139,1.0,194,2026-02-18,False
ACC-1F0F3CBE01,legit,Advika Jayaraman,Union Bank,Kolkata,22.66712,88.24845,0.76,1702,2022-01-02,False
ACC-24E98BF3A4,legit,William Lanka,SBI,Chennai,13.05134,80.24358,0.97,609,2024-12-30,False
ACC-3C0BFA4E3C,legit,Karan Mital,PNB,Bhopal,23.33289,77.30627,0.75,1746,2021-11-19,False
ACC-AC6E983ECA,legit,Diya Bora,HDFC,Chennai,13.08755,80.14914,0.84,1025,2023-11-10,False
ACC-BA384602AA,legit,Tara Chaudhry,Union Bank,Jalandhar,31.31644,75.58461,0.8,2294,2020-05-20,False
ACC-20C002644B,legit,Tanay Toor,IndusInd,Jalandhar,31.43179,75.60665,0.83,2951,2018-08-02,False
ACC-E5FF32B83D,legit,Kevin Palla,Canara,Nagpur,21.15874,79.19555,0.84,3051,2018-04-24,False
ACC-52E3C5EE3A,legit,Yash Pingle,IndusInd,Jalandhar,31.25769,75.61341,0.85,3141,2018-01-24,False
ACC-4AC34A3CF5,legit,Nakul Sarma,PNB,Hyderabad,17.32408,78.37251,0.78,1175,2023-06-13,False
ACC-0309D08B25,legit,Abhiram Mistry,PNB,Lucknow,26.95292,80.83284,0.81,622,2024-12-17,False
ACC-C5A4F93DE5,legit,Krish Lalla,Kotak,Bengaluru,13.02739,77.47682,0.86,1674,2022-01-30,False
ACC-7803864F0D,legit,Hredhaan Dugal,Union Bank,Patna,25.47579,85.22757,0.98,1600,2022-04-14,False
ACC-C9091D07F2,legit,Baghyawati Kade,Canara,Delhi,28.71031,77.28078,0.7,1563,2022-05-21,False
ACC-87A5064991,legit,Samar Lalla,BoB,Lucknow,26.79227,80.91647,0.86,3428,2017-04-12,False
ACC-C2AEE47C4B,legit,Zayan Behl,Canara,Chennai,13.09517,80.29861,0.77,908,2024-03-06,False
ACC-3C019EF409,legit,Pallavi Malhotra,BoB,Patna,25.59022,85.10756,0.92,2744,2019-02-25,False
ACC-9FC0AFB708,legit,Aarush Nath,IndusInd,Bhopal,23.25109,77.31196,0.71,2553,2019-09-04,False
ACC-202632C916,legit,Adweta Edwin,BoB,Patna,25.61894,85.18165,0.74,348,2025-09-17,False
ACC-A1F6C1B59A,legit,Prisha Andra,PNB,Ranchi,23.25808,85.24478,0.84,1345,2022-12-25,False
ACC-B314ABEA6F,legit,Faqid Dixit,BoB,Lucknow,26.9173,80.91353,0.78,3085,2018-03-21,False
ACC-25F4E87B68,legit,Kala Divan,Kotak,Mumbai,19.06797,72.945,0.77,218,2026-01-25,False
ACC-1FAEE737D8,legit,Joshua Barman,SBI,Mumbai,19.15201,72.91871,0.98,3094,2018-03-12,False
ACC-0A1B1B5164,legit,Janya Baral,ICICI,Hyderabad,17.47668,78.51949,0.84,982,2023-12-23,False
ACC-218D531755,legit,Shivansh Krish,Axis,Mumbai,19.09329,72.80147,0.93,2870,2018-10-22,False
ACC-C89F6DD400,legit,Irya Ray,HDFC,Bengaluru,13.00022,77.71993,0.93,2947,2018-08-06,False
ACC-64AB233688,legit,Warjas Gaba,Axis,Bengaluru,13.0972,77.48868,0.87,110,2026-05-13,False
ACC-C7640E1436,legit,Nitara Bakshi,PNB,Nagpur,21.26963,79.06027,0.72,2933,2018-08-20,False
ACC-3902FA8D9F,legit,Gaurangi Sabharwal,Axis,Chennai,13.17204,80.2012,0.96,2860,2018-11-01,False
ACC-40C97E39E2,legit,Amara Dutta,SBI,Kolkata,22.65518,88.44396,0.8,2323,2020-04-21,False
ACC-790F45837C,legit,Lavanya Barad,Kotak,Patna,25.63775,85.0211,0.7,2657,2019-05-23,False
ACC-AA2B7C2290,legit,Tristan Iyengar,Canara,Patna,25.68122,85.03099,0.91,1488,2022-08-04,False
ACC-4D95CE3389,legit,Inaya Mody,Axis,Patna,25.50657,85.14348,0.88,2669,2019-05-11,False
ACC-2E794F15F7,legit,Udant Bajwa,Union Bank,Nagpur,21.15612,79.08374,0.78,1789,2021-10-07,False
ACC-DC9B5ECFC2,legit,Mohini Narasimhan,Canara,Bhopal,23.19111,77.53007,0.77,1147,2023-07-11,False
ACC-1A158E2B39,legit,Ekaraj Mallick,SBI,Ranchi,23.36298,85.35506,0.85,1382,2022-11-18,False
ACC-41740025DD,legit,Yashodhara Ratta,Axis,Lucknow,26.76071,80.86839,0.8,3272,2017-09-15,False
ACC-01D44AE2F0,legit,Ayaan D’Alia,SBI,Nagpur,21.17179,79.19093,0.85,2281,2020-06-02,False
ACC-3254A1CA4E,legit,Pranav Lanka,IndusInd,Hyderabad,17.273,78.54618,0.93,2006,2021-03-04,False
ACC-3A9523F661,legit,Ikbal Saraf,SBI,Chennai,13.07624,80.32795,0.73,1840,2021-08-17,False
ACC-90CBA5197E,legit,Dipta Sarin,Union Bank,Hyderabad,17.35916,78.41732,0.81,2724,2019-03-17,False
ACC-1CEC7DB577,legit,Lekha Gupta,IndusInd,Guwahati,26.15286,91.71607,0.8,3060,2018-04-15,False
ACC-F7241A5691,legit,Chaitanya Sarin,HDFC,Chennai,13.0702,80.21844,0.92,949,2024-01-25,False
ACC-BFF43FCEEC,legit,Zinal Yohannan,ICICI,Lucknow,26.74388,80.95589,0.76,3126,2018-02-08,False
ACC-F1A6C1EA09,legit,Januja Sankar,IndusInd,Chennai,13.07843,80.3314,0.88,3118,2018-02-16,False
ACC-75F2FA030F,legit,Ganga Murthy,ICICI,Mumbai,19.1659,72.82263,0.79,1483,2022-08-09,False
ACC-EF4C528854,legit,Charita Tripathi,IndusInd,Chennai,13.09193,80.2097,0.79,228,2026-01-15,False
ACC-1C50ED9C49,legit,Nilima Narain,SBI,Bengaluru,13.00886,77.66292,0.87,425,2025-07-02,False
ACC-ADDBD37CDA,legit,Chakrika Datta,Axis,Ranchi,23.33835,85.26655,0.98,215,2026-01-28,False
ACC-D6669E7AAC,legit,Osha Raghavan,HDFC,Ranchi,23.2398,85.19213,0.87,2019,2021-02-19,False
ACC-21D44CE318,legit,Charvi Ravi,Axis,Ahmedabad,22.90185,72.47659,0.73,2310,2020-05-04,False
ACC-BE9AE46CD4,legit,Daksha Mangat,Union Bank,Hyderabad,17.28188,78.55817,0.94,2488,2019-11-08,False
ACC-933DCCC0E8,legit,Qushi Nagy,Axis,Hyderabad,17.45951,78.45437,0.96,1818,2021-09-08,False
ACC-839BC026ED,legit,Riya Sathe,HDFC,Patna,25.5415,85.17031,0.98,2502,2019-10-25,False
ACC-C37F861391,legit,Yasti Solanki,ICICI,Hyderabad,17.41892,78.42309,0.77,337,2025-09-28,False
ACC-8F943FF21B,legit,Frado Mander,Union Bank,Guwahati,26.02965,91.60179,0.84,1850,2021-08-07,False
ACC-D4A942971A,legit,Girik Keer,Canara,Delhi,28.54133,77.26493,0.72,2884,2018-10-08,False
ACC-A0826D22AE,legit,Umang Issac,Union Bank,Hyderabad,17.49957,78.56449,0.9,2565,2019-08-23,False
ACC-BF52E5A85B,legit,Aryan Batra,ICICI,Nagpur,21.06413,78.98409,0.97,925,2024-02-18,False
ACC-47E287D902,legit,Vaishnavi Bora,Axis,Bhopal,23.16321,77.29358,0.88,3251,2017-10-06,False
ACC-FB8C719E6E,legit,Oeshi Hayer,Canara,Bhopal,23.2786,77.35547,0.91,514,2025-04-04,False
ACC-7F97DE3607,legit,Warda Ratta,Canara,Chennai,13.05635,80.20914,0.83,2216,2020-08-06,False
ACC-1BE237EF1F,legit,Manbir Ahluwalia,Union Bank,Kolkata,22.44824,88.34553,0.78,1325,2023-01-14,False
ACC-6E9CCAA402,legit,Pavani Kanda,Union Bank,Mumbai,19.00274,72.92481,0.88,3529,2017-01-01,False
ACC-D4B88C7671,legit,Zarna Shetty,Union Bank,Delhi,28.74892,77.25556,0.71,1108,2023-08-19,False
ACC-898942215E,legit,Zaid Dara,Axis,Jalandhar,31.23821,75.58133,0.75,1816,2021-09-10,False
ACC-0633630EE6,legit,Kiaan Shetty,Canara,Kolkata,22.55527,88.44883,0.8,378,2025-08-18,False
ACC-637F34A9D9,legit,Saanvi Thaman,Kotak,Lucknow,26.79834,80.83934,0.82,663,2024-11-06,False
ACC-D7879A2627,legit,Sanaya Dutt,IndusInd,Ranchi,23.28686,85.42992,0.71,3337,2017-07-12,False
ACC-E7014E27E0,legit,Shivani Lad,BoB,Mumbai,19.02587,72.82994,0.96,3169,2017-12-27,False
ACC-EDF8AEA14D,legit,Aradhana Verma,Canara,Bhopal,23.39182,77.45521,0.82,2227,2020-07-26,False
ACC-B2E0AC9287,legit,William Maharaj,Canara,Hyderabad,17.38998,78.51984,0.93,2046,2021-01-23,False
ACC-97177103D0,legit,Faras Mangal,Canara,Hyderabad,17.32204,78.38697,0.96,1184,2023-06-04,False
ACC-C35B9127FF,legit,Anita Nayak,PNB,Ranchi,23.24178,85.43748,0.91,2498,2019-10-29,False
ACC-C2CBD0C8EC,legit,Faris Devi,PNB,Jaipur,26.92614,75.80142,1.0,386,2025-08-10,False
ACC-D0A2372515,legit,Vihaan Rajagopal,ICICI,Nagpur,21.04133,79.20903,0.85,2658,2019-05-22,False
ACC-AD385E3FB0,legit,Tanish Bhatt,Canara,Chennai,13.02645,80.32622,0.99,1706,2021-12-29,False
ACC-7B2CEDF0C2,legit,Nikita Narayanan,Union Bank,Hyderabad,17.37332,78.39066,0.85,785,2024-07-07,False
ACC-3E8F3ABF9C,legit,Ojasvi Bhatia,BoB,Nagpur,21.04756,78.97193,0.8,3169,2017-12-27,False
ACC-B893CD7F4B,legit,Osha Ramachandran,Axis,Jalandhar,31.32809,75.66283,0.95,1163,2023-06-25,False
ACC-7302298273,legit,Lajita Sood,Canara,Kolkata,22.70744,88.3611,0.86,613,2024-12-26,False
ACC-3C9806DF8A,legit,Indira Misra,Canara,Lucknow,26.80141,81.01725,0.98,1550,2022-06-03,False
ACC-66D7D5D3CA,legit,Oni Yohannan,BoB,Bhopal,23.17575,77.46598,0.77,2347,2020-03-28,False
ACC-7514A16381,legit,Vinaya Kanda,BoB,Jalandhar,31.30189,75.52706,0.82,1942,2021-05-07,False
ACC-38E209123A,legit,Rajata Sunder,Canara,Ahmedabad,23.10153,72.61249,0.99,628,2024-12-11,False
ACC-3EF22AE255,legit,Lopa Nayar,HDFC,Bengaluru,12.97222,77.61897,0.96,3567,2016-11-24,False
ACC-699468409A,legit,Noah Sibal,ICICI,Ranchi,23.23591,85.42053,0.82,67,2026-06-25,False
ACC-721930AB12,legit,Avi Ramesh,Axis,Ahmedabad,23.14952,72.45649,0.8,3206,2017-11-20,False
ACC-DF69D91010,legit,Fiyaz Sangha,IndusInd,Chennai,13.05499,80.15727,0.81,1350,2022-12-20,False
ACC-130E527A8D,legit,Triya Gopal,IndusInd,Lucknow,26.88097,81.05091,0.71,2003,2021-03-07,False
ACC-2E36E5F8A4,legit,Abha Raghavan,PNB,Mumbai,19.00432,72.92754,0.92,1182,2023-06-06,False
ACC-296A1F7971,legit,Siddharth Sha,HDFC,Patna,25.72338,85.20797,0.83,2888,2018-10-04,False
ACC-CCEA09B822,legit,Geetika Raghavan,SBI,Chennai,13.0285,80.14339,0.79,1333,2023-01-06,False
ACC-1672980D7E,legit,Oviya Krishnan,Union Bank,Lucknow,26.82797,80.87706,0.9,1692,2022-01-12,False
ACC-38AC7EBCEF,legit,Upma Bahl,BoB,Bengaluru,12.88241,77.48081,0.89,3571,2016-11-20,False
ACC-9F3F8647A9,legit,Inaya Kapur,Canara,Hyderabad,17.38437,78.50917,0.89,956,2024-01-18,False
ACC-7A16E4EF27,legit,Banjeet Balasubramanian,Canara,Ranchi,23.27797,85.177,0.97,3300,2017-08-18,False
ACC-DD605CC508,legit,Ryan Bahri,Union Bank,Ahmedabad,23.03509,72.45623,0.79,1420,2022-10-11,False
ACC-11553C3108,legit,William Date,PNB,Patna,25.64554,85.12593,1.0,1242,2023-04-07,False
ACC-FE98868FCE,legit,Ishwar Kamdar,Kotak,Bhopal,23.25536,77.34157,0.87,2347,2020-03-28,False
ACC-C4F1C92E12,legit,Aahana Pillay,BoB,Chennai,13.02736,80.39987,0.78,2701,2019-04-09,False
ACC-40FD962921,legit,Ishwar Gade,Union Bank,Kolkata,22.67127,88.43912,0.92,205,2026-02-07,False
ACC-9D9CAA235E,legit,Hritik Bal,PNB,Bhopal,23.36913,77.35481,0.88,3277,2017-09-10,False
ACC-62C2B0875E,legit,Keya Ranganathan,ICICI,Lucknow,26.77076,80.86245,0.89,1031,2023-11-04,False
ACC-2B11DEC838,legit,Faqid Kibe,Canara,Nagpur,21.18025,78.96372,0.71,3235,2017-10-22,False
ACC-7611E6EE5E,legit,Charvi Dara,Kotak,Lucknow,26.9095,80.83543,0.92,1213,2023-05-06,False
ACC-814BB3CD63,legit,Idika Walia,Kotak,Bengaluru,12.89073,77.67204,0.86,3594,2016-10-28,False
ACC-F92FBF16A2,legit,Kamala Biswas,Canara,Nagpur,21.08432,78.99754,0.99,3382,2017-05-28,False
ACC-7ADF18BB0F,legit,Advik Salvi,Canara,Jaipur,26.97904,75.74371,0.99,476,2025-05-12,False
ACC-336CDB3E2E,legit,Hitesh Sant,BoB,Bengaluru,13.04029,77.52044,0.99,2775,2019-01-25,False
ACC-28D29824EF,legit,Tripti Dua,SBI,Jalandhar,31.34149,75.46547,0.78,1621,2022-03-24,False
ACC-1FAB4FE7F5,legit,Patrick Vig,Axis,Mumbai,19.06378,72.92441,0.88,2758,2019-02-11,False
ACC-C6FBBC5DC0,legit,Veda Shroff,PNB,Bhopal,23.29735,77.37786,0.84,2769,2019-01-31,False
ACC-916753B14F,legit,Amrita Naidu,PNB,Kolkata,22.67645,88.3805,0.89,2503,2019-10-24,False
ACC-E7FA384148,legit,Gabriel Mallick,BoB,Ahmedabad,23.11003,72.68205,0.74,1242,2023-04-07,False
ACC-AA2A409CCB,legit,Yagnesh Shetty,HDFC,Delhi,28.73451,77.15613,0.73,2022,2021-02-16,False
ACC-6AE4386F7B,legit,Gayathri Balakrishnan,IndusInd,Nagpur,21.15595,79.0581,0.83,1524,2022-06-29,False
ACC-F0B35E74EA,legit,Ekta Gopal,HDFC,Chennai,13.14394,80.37487,0.95,2687,2019-04-23,False
ACC-B739AC709B,legit,Simon Pant,Kotak,Kolkata,22.54777,88.48593,0.77,139,2026-04-14,False
ACC-D03850541F,legit,Harini Mammen,Kotak,Ranchi,23.46587,85.40567,0.86,411,2025-07-16,False
ACC-2FFF4B263F,legit,Advaith Varughese,HDFC,Ahmedabad,22.9843,72.54387,0.98,782,2024-07-10,False
ACC-B0ADCF0EF4,legit,Frederick Khurana,Union Bank,Bhopal,23.24766,77.45659,0.99,2633,2019-06-16,False
ACC-2615FB9091,legit,Vrinda Khosla,Union Bank,Delhi,28.69141,77.13969,0.76,520,2025-03-29,False
ACC-866F9BCA0B,legit,Vritti Sem,PNB,Bhopal,23.33156,77.33345,0.8,889,2024-03-25,False
ACC-CBD640205D,legit,Girik Menon,ICICI,Bengaluru,13.04961,77.62054,1.0,1140,2023-07-18,False
ACC-DD90926B70,legit,Nidhi Kohli,SBI,Guwahati,26.07711,91.64823,0.74,2712,2019-03-29,False
ACC-CCEC58F489,legit,Jyoti Solanki,SBI,Lucknow,26.92507,80.87537,0.75,1331,2023-01-08,False
ACC-0EBA265950,legit,Pavani Narayanan,HDFC,Delhi,28.51302,77.18764,0.84,470,2025-05-18,False
ACC-CB4AD17DFE,legit,Sudiksha Madan,IndusInd,Jalandhar,31.28871,75.60152,0.77,1856,2021-08-01,False
ACC-2772396B1A,legit,Zayan Kashyap,IndusInd,Kolkata,22.44919,88.44045,0.79,3556,2016-12-05,False
ACC-AEE8AC8B42,legit,Reyansh Mutti,BoB,Ahmedabad,23.14791,72.4527,0.83,1966,2021-04-13,False
ACC-E273084685,legit,Qasim Handa,HDFC,Mumbai,19.07337,72.98843,0.8,306,2025-10-29,False
ACC-B684F395A0,legit,Veda Malhotra,Union Bank,Bengaluru,12.85422,77.53379,0.86,2598,2019-07-21,False
ACC-0BE5BCC8A0,legit,Harish Hari,Canara,Lucknow,26.81451,80.97252,0.85,1212,2023-05-07,False
ACC-2B5F825F48,legit,Utkarsh Patel,IndusInd,Patna,25.48577,85.19213,0.92,3498,2017-02-01,False
ACC-BD9438B62E,legit,Chasmum Atwal,Kotak,Hyderabad,17.3661,78.59159,0.95,1699,2022-01-05,False
ACC-ACDADA8CEB,legit,Anusha Bath,Kotak,Patna,25.57139,85.02816,0.9,1753,2021-11-12,False
ACC-F7E5116AF5,legit,Brinda Date,HDFC,Lucknow,26.96929,80.99669,0.73,1947,2021-05-02,False
ACC-14300691C9,legit,Harshil Arora,Kotak,Mumbai,18.96606,72.76866,0.94,3031,2018-05-14,False
ACC-B7823C27D8,legit,Upasna Srinivas,Kotak,Guwahati,26.02558,91.85961,0.9,2305,2020-05-09,False
ACC-15113E5F76,legit,Harini Gour,BoB,Patna,25.55453,85.18229,0.96,3078,2018-03-28,False
ACC-B8E1238B67,legit,Zayyan Sridhar,Kotak,Chennai,12.96147,80.2133,0.73,1284,2023-02-24,False
ACC-420FED7829,legit,Dhruv Rattan,HDFC,Guwahati,26.06686,91.77856,0.81,923,2024-02-20,False
ACC-B79CF1E2E6,legit,Ethan Bera,PNB,Guwahati,26.10871,91.80717,0.94,2356,2020-03-19,False
ACC-AB3C5011ED,legit,Manthan Modi,Union Bank,Bhopal,23.27638,77.48488,0.9,2551,2019-09-06,False
ACC-0F9E6E857D,legit,Yuvraj Dani,Axis,Guwahati,26.01646,91.85217,0.71,3402,2017-05-08,False
ACC-14BB7A2CD6,legit,Upkaar Virk,Kotak,Jaipur,26.96718,75.73567,0.7,1396,2022-11-04,False
ACC-73C38DBB72,legit,Shravya Savant,ICICI,Bhopal,23.16348,77.45513,0.92,290,2025-11-14,False
ACC-5D08515DA7,legit,Pushti Mody,BoB,Delhi,28.50356,77.21724,0.84,1545,2022-06-08,False
ACC-AABAB59228,legit,Hardik Johal,Union Bank,Bengaluru,12.93648,77.65449,0.88,3186,2017-12-10,False
ACC-3B161F37FC,legit,Aishani Bumb,SBI,Nagpur,21.02488,78.99561,0.9,2535,2019-09-22,False
ACC-7B3B8F0BFF,legit,Wriddhish Ghose,Canara,Jaipur,26.89703,75.76676,0.82,2491,2019-11-05,False
ACC-1EB891BCE8,legit,Naksh Agate,HDFC,Hyderabad,17.4539,78.38233,0.78,1765,2021-10-31,False
ACC-3CA1139AD6,legit,Shravya Singhal,SBI,Ahmedabad,23.04767,72.57868,0.77,1268,2023-03-12,False
ACC-6F896842BF,legit,Bachittar Kata,ICICI,Kolkata,22.45227,88.28401,0.93,870,2024-04-13,False
ACC-927E6074CB,legit,Barkha Setty,BoB,Jaipur,26.86595,75.65425,0.75,3064,2018-04-11,False
ACC-0EF9A10310,legit,Vivaan Lalla,Kotak,Patna,25.60291,85.06466,0.72,2293,2020-05-21,False
ACC-E46609194C,legit,Pavani Contractor,HDFC,Bhopal,23.32532,77.39536,0.96,1888,2021-06-30,False
ACC-1D7B8F9113,legit,Manthan Lata,BoB,Kolkata,22.55349,88.33807,0.79,2627,2019-06-22,False
ACC-43F7F1BA86,legit,Ekbal Bhasin,Union Bank,Patna,25.4646,85.09024,0.84,3287,2017-08-31,False
ACC-04F3E4D1E4,legit,Damyanti Mani,HDFC,Chennai,13.19615,80.15938,0.77,3464,2017-03-07,False
ACC-3999FEBF46,legit,Jeet Sidhu,Axis,Kolkata,22.54569,88.25002,0.92,3570,2016-11-21,False
ACC-3535A7CF50,legit,Neha Magar,HDFC,Hyderabad,17.33988,78.39701,0.86,2095,2020-12-05,False
ACC-DFAA153F85,legit,Raksha Buch,ICICI,Hyderabad,17.49471,78.44599,0.77,2984,2018-06-30,False
ACC-A04FEE425F,legit,Rachana Naidu,HDFC,Bengaluru,12.90565,77.50636,0.75,631,2024-12-08,False
ACC-5686318150,legit,Atharv Chand,Union Bank,Jalandhar,31.36058,75.56646,0.83,2314,2020-04-30,False
ACC-5719E56777,legit,Ansh Luthra,Kotak,Nagpur,21.24906,79.12685,0.96,2563,2019-08-25,False
ACC-CABEA4CE2A,legit,Parth Singhal,Canara,Ahmedabad,22.97281,72.55512,0.89,1925,2021-05-24,False
ACC-55BDA24043,legit,Arunima Golla,HDFC,Jalandhar,31.2651,75.45625,0.79,2083,2020-12-17,False
ACC-CA717E470D,legit,Vyanjana Chand,HDFC,Ranchi,23.21913,85.27412,0.89,1180,2023-06-08,False
ACC-782C1DCA3A,legit,Ijaya Rege,Canara,Bhopal,23.14917,77.43803,0.87,1579,2022-05-05,False
ACC-16D5DE4BFB,legit,Ekani Cheema,Union Bank,Jalandhar,31.39057,75.45215,0.9,3322,2017-07-27,False
ACC-C456B6C5DF,legit,Forum Sabharwal,Canara,Lucknow,26.87508,80.94657,0.73,258,2025-12-16,False
ACC-15A2BC1592,legit,Bhavya Rattan,IndusInd,Nagpur,21.23698,79.21857,0.89,350,2025-09-15,False
ACC-6D239D0E4C,legit,Suhani Chakrabarti,IndusInd,Delhi,28.54572,77.19218,0.86,1804,2021-09-22,False
ACC-F114605CC3,legit,Zayyan Naik,BoB,Bengaluru,12.93482,77.70756,0.93,1591,2022-04-23,False
ACC-D495744B0B,legit,Netra Varkey,Kotak,Ahmedabad,23.04896,72.64957,0.72,2656,2019-05-24,False
ACC-550953772A,legit,Turvi Sachdev,Union Bank,Mumbai,19.09167,72.84704,0.96,1037,2023-10-29,False
ACC-0E17B2F62E,legit,Raghav Vasa,Axis,Lucknow,26.73359,80.99042,0.99,1437,2022-09-24,False
ACC-9912037D7A,legit,Wishi Sathe,HDFC,Chennai,13.12652,80.17042,0.79,2908,2018-09-14,False
ACC-4CC2D08CE6,legit,Samar Loke,IndusInd,Patna,25.63288,85.09124,0.73,528,2025-03-21,False
ACC-24278E82A3,legit,Bhavna Sarma,Axis,Ahmedabad,23.0018,72.53406,0.75,1490,2022-08-02,False
ACC-9ACE70AC5F,legit,Jairaj Balakrishnan,PNB,Hyderabad,17.34222,78.55863,1.0,791,2024-07-01,False
ACC-01947BC03F,legit,Nathan Mukhopadhyay,IndusInd,Bengaluru,12.85732,77.68769,0.93,419,2025-07-08,False
ACC-3CDEE78BB2,legit,Nikita Chander,Kotak,Bhopal,23.3244,77.41977,0.96,2716,2019-03-25,False
ACC-0060D2042A,legit,Ishaan Shenoy,ICICI,Kolkata,22.47288,88.33058,0.95,669,2024-10-31,False
ACC-F37C68CD36,legit,Mitesh Tara,Canara,Jalandhar,31.35971,75.68503,0.71,2958,2018-07-26,False
ACC-7EDF6E2936,legit,Yashodhara Mahajan,Union Bank,Lucknow,26.89437,80.87526,0.79,1824,2021-09-02,False
ACC-BB43C19BEE,legit,Vasudha Sodhi,Axis,Chennai,13.1594,80.19881,0.99,984,2023-12-21,False
ACC-4D424AD3CE,legit,Tanmayi Dhillon,Union Bank,Jalandhar,31.31763,75.66677,1.0,1511,2022-07-12,False
ACC-43F0764A9E,legit,Rayaan Trivedi,IndusInd,Ranchi,23.41692,85.38477,0.83,2064,2021-01-05,False
ACC-A65178755C,legit,Ekaraj Majumdar,Axis,Bengaluru,13.05725,77.67602,0.72,571,2025-02-06,False
ACC-B7766CF1A1,legit,Harini Tripathi,IndusInd,Ranchi,23.44521,85.32434,0.96,425,2025-07-02,False
ACC-A26ED4E77D,legit,Aarnav Mandal,IndusInd,Jaipur,26.79993,75.69549,0.74,1845,2021-08-12,False
ACC-134110EB77,legit,Vrishti Dixit,Canara,Patna,25.48375,85.24855,0.97,3350,2017-06-29,False
ACC-18C29B6F29,legit,Veda Pai,Kotak,Nagpur,21.01787,78.96746,0.77,2061,2021-01-08,False
ACC-38251481D0,legit,Krishna Shah,Kotak,Mumbai,19.04219,72.75018,0.94,410,2025-07-17,False
ACC-C7F0E00F88,legit,Ranbir Khare,ICICI,Bengaluru,12.84682,77.70741,0.93,1940,2021-05-09,False
ACC-5337FB769D,legit,Vivaan Roy,SBI,Ranchi,23.33021,85.17588,0.78,329,2025-10-06,False
ACC-016ED7C075,legit,Eesha Solanki,IndusInd,Bhopal,23.16518,77.53158,0.83,2498,2019-10-29,False
ACC-26BB62B633,legit,Libni Doshi,PNB,Jalandhar,31.26873,75.52246,0.83,200,2026-02-12,False
ACC-FE620C98BD,legit,Balhaar Date,Canara,Jalandhar,31.35919,75.45804,0.88,3432,2017-04-08,False
ACC-67B3AE715B,legit,Harish Sarraf,ICICI,Delhi,28.64956,77.22928,0.79,2948,2018-08-05,False
ACC-DBB3368EEA,legit,Tanmayi Aurora,ICICI,Delhi,28.64493,77.13888,0.9,1711,2021-12-24,False
ACC-892865ECA5,legit,Nimrat Dubey,IndusInd,Mumbai,19.08235,72.84003,0.85,2159,2020-10-02,False
ACC-4FE08D8EDF,legit,Upasna Lanka,SBI,Guwahati,26.15914,91.70659,0.89,1930,2021-05-19,False
ACC-6364A8BD24,legit,Mitali Buch,HDFC,Lucknow,26.78012,80.81545,0.8,3234,2017-10-23,False
ACC-043CCDBDE9,legit,Lajita Nadig,Kotak,Chennai,13.12516,80.16358,0.74,2388,2020-02-16,False
ACC-6A47CE5A9F,legit,Balendra Biswas,Canara,Lucknow,26.85914,81.03093,0.99,722,2024-09-08,False
ACC-7D818E469A,legit,Bhavna Karan,Canara,Ranchi,23.3797,85.39379,0.71,263,2025-12-11,False
ACC-3DA9871BED,legit,Radha Chaudhari,Kotak,Hyderabad,17.2617,78.40548,0.98,176,2026-03-08,False
ACC-A27D9889F7,legit,Sachi Ganesan,Axis,Guwahati,26.11699,91.82144,0.71,1944,2021-05-05,False
ACC-62B369F1B3,legit,Ayush Batra,SBI,Ahmedabad,22.93901,72.53274,0.96,3203,2017-11-23,False
ACC-2C977634DF,legit,Daksh Memon,BoB,Lucknow,26.78541,81.0271,0.92,1794,2021-10-02,False
ACC-D7608B7F05,legit,Kavya Sankar,Canara,Nagpur,21.26917,79.0447,0.91,770,2024-07-22,False
ACC-C963CD9027,legit,Yash Wali,HDFC,Lucknow,26.96138,80.95141,0.92,3286,2017-09-01,False
ACC-C21DAC488E,legit,Pranit Garde,IndusInd,Mumbai,19.05725,73.01151,0.79,744,2024-08-17,False
ACC-DFAADBE8F3,legit,Farhan Raja,Canara,Mumbai,18.96251,72.92119,0.88,1260,2023-03-20,False
ACC-F92E70E3C1,legit,Widisha Dhar,SBI,Patna,25.504,85.12244,0.92,1836,2021-08-21,False
ACC-70C525537E,legit,Triya Kumar,SBI,Nagpur,21.10595,79.22284,0.72,1129,2023-07-29,False
ACC-26A4FE84BC,legit,Aadhya Andra,ICICI,Ahmedabad,22.99715,72.57494,0.99,3076,2018-03-30,False
ACC-4D79601CD5,legit,Bhavna Dugar,SBI,Bengaluru,13.06583,77.64273,0.74,1799,2021-09-27,False
ACC-2F8D0B5A25,legit,Riya Pai,Union Bank,Hyderabad,17.46027,78.45057,0.71,1573,2022-05-11,False
ACC-7ACEB00C1E,legit,Panini Krishna,Canara,Bengaluru,13.02,77.7159,0.93,1528,2022-06-25,False
ACC-5A1EE3F0E9,legit,Chasmum Issac,Axis,Kolkata,22.47468,88.32794,0.77,1292,2023-02-16,False
ACC-8BDC85DDB6,legit,Vasudha Chhabra,BoB,Mumbai,18.94787,72.79285,0.97,2125,2020-11-05,False
ACC-55211DCBA3,legit,Lakshmi Parmer,PNB,Mumbai,19.01162,72.81291,1.0,1832,2021-08-25,False
ACC-707D020FFD,legit,Chakrika Bains,HDFC,Jaipur,26.96483,75.92206,0.74,824,2024-05-29,False
ACC-C01D8EE4E1,legit,Anvi Anand,HDFC,Mumbai,19.06304,72.98545,0.94,1828,2021-08-29,False
ACC-C61EBC8EFC,legit,Watika Mangat,HDFC,Bhopal,23.39141,77.45796,0.86,2911,2018-09-11,False
ACC-FB262F231A,legit,Indira Kanda,ICICI,Jaipur,27.01817,75.88226,0.94,2920,2018-09-02,False
ACC-39C9248263,legit,Zashil Devan,ICICI,Guwahati,26.06997,91.86732,0.77,3249,2017-10-08,False
ACC-2690ED0E5C,legit,Balveer More,Canara,Ranchi,23.21607,85.3242,0.94,1516,2022-07-07,False
ACC-BD4A668900,legit,Bahadurjit Patla,Axis,Guwahati,26.04444,91.84005,0.82,274,2025-11-30,False
ACC-F7B774FDC5,legit,Gautam Merchant,BoB,Chennai,13.14185,80.27764,0.95,3155,2018-01-10,False
ACC-BC27322374,legit,Ojasvi Gill,Canara,Mumbai,18.97474,72.82825,0.84,308,2025-10-27,False
ACC-A8A2646A94,legit,Kevin Zacharia,IndusInd,Guwahati,26.10248,91.83835,0.89,3200,2017-11-26,False
ACC-C2DC9694BC,legit,Yachana Mahajan,SBI,Bengaluru,13.04397,77.49434,0.95,2064,2021-01-05,False
ACC-6AC42DA33C,legit,Aarini Subramaniam,PNB,Guwahati,26.05072,91.64557,0.8,1326,2023-01-13,False
ACC-4E192E264E,legit,Hamsini Contractor,PNB,Guwahati,26.25124,91.8297,0.89,1031,2023-11-04,False
ACC-8D2B37E15B,legit,Faqid Dhaliwal,IndusInd,Guwahati,26.08354,91.76999,0.73,2521,2019-10-06,False
ACC-7FB138125E,legit,Mekhala Pau,ICICI,Ahmedabad,22.93294,72.69075,0.9,636,2024-12-03,False
ACC-4DEC6547E5,legit,Megha Atwal,SBI,Chennai,13.19135,80.22681,0.95,2313,2020-05-01,False
ACC-FCAC3A896F,legit,Jatin Sha,Union Bank,Delhi,28.50072,77.33023,0.78,3163,2018-01-02,False
ACC-5FFB73CA57,legit,Adweta Raj,SBI,Hyderabad,17.45715,78.46416,0.85,2622,2019-06-27,False
ACC-78063956AD,legit,Hritik Kaur,Canara,Ahmedabad,23.03482,72.60975,0.77,1242,2023-04-07,False
ACC-744D8EC3A9,legit,Aryan Narang,SBI,Jalandhar,31.376,75.52145,0.75,303,2025-11-01,False
ACC-A85ACB75BF,legit,Dev Shetty,ICICI,Patna,25.58984,85.05761,0.79,2489,2019-11-07,False
ACC-D776A0BE4C,legit,Nilima Dada,BoB,Chennai,13.03387,80.4026,0.74,1419,2022-10-12,False
ACC-58E2280A96,legit,Chakradev Barad,Canara,Lucknow,26.85075,80.83976,0.74,995,2023-12-10,False
ACC-A2FBAF3CC0,legit,Waida D’Alia,BoB,Ranchi,23.27597,85.20063,0.96,1193,2023-05-26,False
ACC-67E6A14EEA,legit,Wahab Yogi,Kotak,Patna,25.52606,85.23633,0.98,659,2024-11-10,False
ACC-0CC0CED010,legit,Lipika Setty,IndusInd,Chennai,13.03208,80.34181,0.84,2045,2021-01-24,False
ACC-A6FBC3240E,legit,Oni Dubey,IndusInd,Nagpur,21.09405,78.95933,0.84,1615,2022-03-30,False
ACC-76B304AAAA,legit,Hardik Suri,Axis,Hyderabad,17.30801,78.44694,0.85,212,2026-01-31,False
ACC-C06C86F552,legit,Ati Bali,IndusInd,Nagpur,21.23846,79.13483,0.7,1175,2023-06-13,False
ACC-F185D565E6,legit,Teerth Sawhney,Kotak,Mumbai,19.05733,72.98107,0.93,2984,2018-06-30,False
ACC-B2942B83FB,legit,Warinder Patil,PNB,Lucknow,26.72379,80.82489,0.81,2306,2020-05-08,False
ACC-27BAF0D834,legit,Jhalak Parmer,IndusInd,Jaipur,26.79714,75.78845,0.78,3135,2018-01-30,False
ACC-99EE9C11B6,legit,Mitali Majumdar,BoB,Kolkata,22.62136,88.26088,0.81,401,2025-07-26,False
ACC-0A5EE1B113,legit,Jason Sha,PNB,Lucknow,26.86233,80.90988,0.88,595,2025-01-13,False
ACC-C4BFC0E03A,legit,Simon Bail,Kotak,Patna,25.59412,85.01471,0.94,566,2025-02-11,False
ACC-14622DF05B,legit,Gauri Kohli,ICICI,Guwahati,26.13288,91.76492,0.8,2116,2020-11-14,False
ACC-4CDAB72A3B,legit,Samesh Biswas,Axis,Kolkata,22.52355,88.33497,0.88,2530,2019-09-27,False
ACC-94CA2362BA,legit,Tarak Kaul,Union Bank,Guwahati,26.23323,91.74494,0.79,2907,2018-09-15,False
ACC-FD09B22B95,legit,Manbir Agate,BoB,Bhopal,23.12926,77.36699,0.88,453,2025-06-04,False
ACC-3552A8B7B0,legit,Maanav De,SBI,Jalandhar,31.43377,75.67677,0.88,2582,2019-08-06,False
ACC-A34D67F943,legit,Owen Choudhary,Union Bank,Jaipur,27.03864,75.86376,0.87,3184,2017-12-12,False
ACC-9A5DA012CF,legit,Karan Aurora,Union Bank,Chennai,12.96144,80.26542,0.93,2152,2020-10-09,False
ACC-70566D979F,legit,Wazir Naik,Union Bank,Patna,25.4989,85.18645,0.98,134,2026-04-19,False
ACC-EDE54FCC92,legit,Owen Lanka,ICICI,Mumbai,18.99243,72.86176,0.82,1720,2021-12-15,False
ACC-767782128C,legit,Jonathan Sama,SBI,Hyderabad,17.36078,78.56102,0.91,1936,2021-05-13,False
ACC-62B41A2151,legit,Devansh Soni,Canara,Guwahati,26.0654,91.68892,0.86,2717,2019-03-24,False
ACC-1CCF766288,legit,Janaki Varghese,Kotak,Lucknow,26.97013,80.9353,0.86,2188,2020-09-03,False
ACC-37B3A93D4F,legit,Siya Thakur,Axis,Ahmedabad,23.09601,72.63111,0.88,2639,2019-06-10,False
ACC-BE6BD33BB9,legit,Caleb Verma,PNB,Hyderabad,17.5086,78.42697,0.98,1227,2023-04-22,False
ACC-F8EA76CDC7,legit,Tara Balasubramanian,Canara,Jaipur,26.98569,75.84268,0.8,2832,2018-11-29,False
ACC-CAEEF3E77C,legit,Varenya Ratti,Axis,Lucknow,26.86305,81.06363,0.79,2960,2018-07-24,False
ACC-5A59EEED82,legit,Hritik Swaminathan,Kotak,Kolkata,22.62034,88.33138,0.99,1621,2022-03-24,False
ACC-7E47E73A36,legit,Ethan Buch,HDFC,Jalandhar,31.23045,75.45243,0.8,2930,2018-08-23,False
ACC-FA10BE1FA4,legit,Manbir Bhatti,PNB,Ranchi,23.38625,85.37645,0.95,881,2024-04-02,False
ACC-E002377908,legit,Anvi Nair,HDFC,Jaipur,27.02943,75.84032,0.88,567,2025-02-10,False
ACC-CEEC7AB2F4,legit,Chaitaly Setty,PNB,Kolkata,22.50214,88.24249,0.89,2180,2020-09-11,False
ACC-6BA07DAEE0,legit,Hardik Contractor,HDFC,Delhi,28.50585,77.16313,0.9,1939,2021-05-10,False
ACC-BC8F7A397C,legit,Qushi Seth,BoB,Bengaluru,12.83787,77.60821,0.9,651,2024-11-18,False
ACC-0735508F97,legit,Odika Nori,Axis,Nagpur,21.24807,79.08211,0.8,821,2024-06-01,False
ACC-7B3104B541,legit,Mohini Sagar,Union Bank,Ahmedabad,22.90335,72.64403,0.77,2676,2019-05-04,False
ACC-F957DD43AC,legit,Dhriti Sane,BoB,Chennai,13.143,80.38872,0.96,722,2024-09-08,False
ACC-05DF6021DB,legit,Aadhya Prasad,BoB,Bengaluru,13.08888,77.46929,0.94,3430,2017-04-10,False
ACC-02C0759379,legit,Urvi Bhavsar,SBI,Bengaluru,13.0896,77.7195,0.7,1190,2023-05-29,False
ACC-564DDDA45C,legit,Frederick Chander,Axis,Kolkata,22.60038,88.4797,0.84,1377,2022-11-23,False
ACC-62E67F6055,legit,Gopal Pradhan,IndusInd,Ahmedabad,23.0342,72.56975,0.84,554,2025-02-23,False
ACC-AECA8D84BB,legit,Darpan Narayan,Canara,Hyderabad,17.46846,78.44094,0.89,2999,2018-06-15,False
ACC-4779286848,legit,Nirja Pandya,Axis,Chennai,12.99789,80.33465,0.87,3243,2017-10-14,False
ACC-220F23770A,legit,Charan Mani,BoB,Jalandhar,31.24307,75.60619,0.95,2621,2019-06-28,False
ACC-CC005EB078,legit,Indira Chawla,ICICI,Guwahati,26.09799,91.7094,0.99,395,2025-08-01,False
ACC-3D9503D477,legit,Mohammed Subramaniam,BoB,Ranchi,23.29642,85.2415,0.77,1073,2023-09-23,False
ACC-C17DF81397,legit,Hritik Palla,Union Bank,Jalandhar,31.26303,75.53015,0.7,2390,2020-02-14,False
ACC-40CE764DEC,legit,Ishwar Mallick,HDFC,Ahmedabad,22.98454,72.50013,0.84,2740,2019-03-01,False
ACC-4C3E73EFA6,legit,Pushti Bal,Axis,Bengaluru,12.94604,77.59528,0.91,3641,2016-09-11,False
ACC-765C988E8A,legit,Ayush Gole,PNB,Ahmedabad,23.13497,72.516,0.77,2522,2019-10-05,False
ACC-EB06C9ED42,legit,Dayamai Nori,Kotak,Bengaluru,12.9657,77.58243,0.82,2486,2019-11-10,False
ACC-4161640330,legit,Abeer Golla,PNB,Guwahati,26.25607,91.80575,0.93,3289,2017-08-29,False
ACC-9DDDF0EB39,legit,Nandini Boase,IndusInd,Ahmedabad,23.09135,72.67225,0.83,340,2025-09-25,False
ACC-A0AF725079,legit,Azaan Chand,SBI,Chennai,13.04534,80.38347,0.95,464,2025-05-24,False
ACC-65FA99C299,legit,Krisha Saini,ICICI,Nagpur,21.14728,79.10785,0.8,618,2024-12-21,False
ACC-CFBD921E4D,legit,Harita Dugar,Union Bank,Guwahati,26.12878,91.78493,0.85,2941,2018-08-12,False
ACC-303DA6A399,legit,Devika Nair,ICICI,Nagpur,21.1486,79.17163,0.85,1862,2021-07-26,False
ACC-6AA0A9180D,legit,Charles Dugal,Axis,Ranchi,23.36137,85.32549,0.92,2760,2019-02-09,False
ACC-92BA6DED1D,legit,Chandran Bumb,Union Bank,Patna,25.52774,85.00328,0.72,897,2024-03-17,False
ACC-4B95B5E62E,legit,Saanvi Samra,HDFC,Patna,25.55208,85.0197,1.0,251,2025-12-23,False
ACC-DC86F134B4,legit,Riya Sachdeva,ICICI,Ranchi,23.21754,85.28497,0.93,3154,2018-01-11,False
ACC-CB3F05F503,legit,Tanveer Vala,Canara,Chennai,13.12213,80.24918,0.96,1571,2022-05-13,False
ACC-38A80976AA,legit,Hemani Sani,IndusInd,Nagpur,21.11269,78.97475,0.74,2715,2019-03-26,False
ACC-88A8D95EC3,legit,Bhanumati Sur,BoB,Bhopal,23.21876,77.3257,0.86,2205,2020-08-17,False
ACC-55AB15FD2D,legit,Chakradev Kannan,SBI,Chennai,13.21208,80.36119,0.99,3102,2018-03-04,False
ACC-73AD3C2674,legit,Christopher Amble,BoB,Ranchi,23.39099,85.32161,0.95,2183,2020-09-08,False
ACC-F94199C495,legit,Charvi Kakar,HDFC,Hyderabad,17.37436,78.39349,0.71,777,2024-07-15,False
ACC-EB1B768C42,legit,Aadhya Mann,SBI,Ahmedabad,23.00067,72.64331,0.77,3624,2016-09-28,False
ACC-750B08D60C,legit,Jagdish Amble,SBI,Mumbai,18.96813,72.75164,0.77,2453,2019-12-13,False
ACC-4A7B999733,legit,Qushi Gill,SBI,Delhi,28.58749,77.1372,0.74,894,2024-03-20,False
ACC-F4366809DC,legit,Lajita Walia,Kotak,Jaipur,26.84055,75.89984,0.87,2364,2020-03-11,False
ACC-79256D8375,legit,Xiti Pandya,ICICI,Jalandhar,31.37263,75.52773,1.0,1241,2023-04-08,False
ACC-62606F5DC1,legit,Mekhala Basak,IndusInd,Guwahati,26.06911,91.68228,0.98,254,2025-12-20,False
ACC-B3DBC46391,legit,Anirudh Sharaf,BoB,Nagpur,21.20937,79.0004,0.87,2785,2019-01-15,False
ACC-7F7EE3CA38,legit,Dhriti Sanghvi,BoB,Delhi,28.74155,77.32835,0.94,2754,2019-02-15,False
ACC-8C6EEE6E66,legit,Omisha Mann,BoB,Lucknow,26.89976,80.92141,0.76,1233,2023-04-16,False
ACC-5B3E8503F1,legit,Nidhi Bail,ICICI,Guwahati,26.13734,91.83062,0.94,1236,2023-04-13,False
ACC-82303C3115,legit,Onveer Sharma,IndusInd,Nagpur,21.02624,79.0646,0.86,1711,2021-12-24,False
ACC-ADEE22EAB1,legit,Gaurang Sarkar,HDFC,Patna,25.5246,85.05742,0.98,2653,2019-05-27,False
ACC-3F1332028A,legit,Yagnesh Sarin,PNB,Bhopal,23.22506,77.42223,0.72,3402,2017-05-08,False
ACC-BD36F7BA6A,legit,Farhan Randhawa,HDFC,Patna,25.64104,85.16542,0.76,3583,2016-11-08,False
ACC-910BA4F446,legit,Harinakshi Kant,Canara,Jalandhar,31.34967,75.62254,0.76,893,2024-03-21,False
ACC-B57DC57093,legit,Om Bose,PNB,Nagpur,21.10066,79.21172,0.98,67,2026-06-25,False
ACC-02C5001F94,legit,Yashvi Hari,PNB,Chennai,12.97927,80.40572,0.91,1966,2021-04-13,False
ACC-F3D06559F3,legit,Indali Divan,Kotak,Chennai,13.00284,80.3829,0.93,2266,2020-06-17,False
ACC-C8A8330605,legit,Harshil Dhingra,Axis,Patna,25.58498,85.17779,0.81,1268,2023-03-12,False
ACC-805C00B3BA,legit,Rudra Ghose,Canara,Nagpur,21.14506,78.97972,0.93,2964,2018-07-20,False
ACC-735C11E982,legit,Faqid Goel,SBI,Lucknow,26.95868,80.91126,0.87,1700,2022-01-04,False
ACC-31FE231B1B,legit,Ucchal Sen,Union Bank,Hyderabad,17.4502,78.35595,0.87,2271,2020-06-12,False
ACC-5F15AE2D5F,legit,Diya Dora,BoB,Patna,25.53875,85.05549,0.87,947,2024-01-27,False
ACC-6E3E268136,legit,Ekansh Singh,Kotak,Hyderabad,17.38481,78.52849,0.78,2810,2018-12-21,False
ACC-CB0B0E032C,legit,Chavvi Maharaj,Canara,Bhopal,23.25682,77.47302,0.84,3034,2018-05-11,False
ACC-4AF65220ED,legit,Indira Tripathi,IndusInd,Chennai,13.16242,80.18131,0.85,2955,2018-07-29,False
ACC-3CD4B5DA97,legit,Dayita Shenoy,IndusInd,Nagpur,21.25103,79.22072,0.71,245,2025-12-29,False
ACC-D4C1048A81,legit,Baljiwan Bhandari,SBI,Bhopal,23.14485,77.49854,0.82,203,2026-02-09,False
ACC-3CA6155674,legit,Bhavini Bose,SBI,Bhopal,23.29522,77.29583,0.77,623,2024-12-16,False
ACC-D8D4E9B435,legit,Yashica Rajagopalan,Union Bank,Ranchi,23.30983,85.34145,0.97,2736,2019-03-05,False
ACC-852D8A89CD,legit,Benjamin Sengupta,BoB,Ahmedabad,23.01922,72.43805,0.7,2264,2020-06-19,False
ACC-2F5AFAD426,legit,Ekanta Soni,SBI,Guwahati,26.20455,91.74586,0.85,1179,2023-06-09,False
ACC-2B7C24EF20,legit,David Seshadri,HDFC,Chennai,13.12974,80.35345,0.98,739,2024-08-22,False
ACC-73A9A3591F,legit,Hemal Chad,Axis,Guwahati,26.04961,91.65294,0.94,2161,2020-09-30,False
ACC-7883394F1B,legit,Balveer Kota,Canara,Jaipur,26.99211,75.67352,0.87,1668,2022-02-05,False
ACC-478A68504D,legit,Reva Viswanathan,HDFC,Chennai,13.00861,80.32044,0.9,3477,2017-02-22,False
ACC-ABD4538C3C,legit,Januja Pradhan,BoB,Bhopal,23.30041,77.28603,0.81,1665,2022-02-08,False
ACC-8948A66CCA,legit,Lila Rege,HDFC,Ranchi,23.22413,85.17702,0.85,706,2024-09-24,False
ACC-DFABF003B7,legit,Charles Natt,HDFC,Patna,25.63326,85.092,0.97,3519,2017-01-11,False
ACC-F2A8694245,legit,Forum Chandra,Union Bank,Nagpur,21.02217,79.0102,0.84,3560,2016-12-01,False
ACC-7919653E0C,legit,Bhanumati Krishnan,IndusInd,Delhi,28.72854,77.25885,0.87,1153,2023-07-05,False
ACC-B0650C64D9,legit,Gauri Bumb,PNB,Delhi,28.52724,77.30371,0.88,69,2026-06-23,False
ACC-9CAE4D5853,legit,Inaya Mukherjee,Axis,Jalandhar,31.41267,75.66293,0.75,320,2025-10-15,False
ACC-2E4FEC1EA8,legit,Kai Chad,IndusInd,Hyderabad,17.40303,78.58114,0.8,2778,2019-01-22,False
ACC-D51E8CAB49,legit,Krisha Narasimhan,HDFC,Jalandhar,31.3908,75.65471,0.85,2828,2018-12-03,False
ACC-AAFB6325CE,legit,Girik Sampath,HDFC,Lucknow,26.72608,80.9292,0.8,3440,2017-03-31,False
ACC-AF3A1DDB76,legit,Andrew Patil,Kotak,Jalandhar,31.35677,75.60204,0.71,3173,2017-12-23,False
ACC-907F3585BC,legit,Pranit Kala,Kotak,Jaipur,26.98903,75.77394,0.87,939,2024-02-04,False
ACC-DBA678DC6E,legit,Vedika Handa,BoB,Patna,25.57568,85.18617,0.73,2711,2019-03-30,False
ACC-C0D660E6FD,legit,Laksh Dubey,HDFC,Kolkata,22.5173,88.29537,0.78,306,2025-10-29,False
ACC-445AF8A995,legit,Chakrika Chaudhuri,BoB,Patna,25.65131,85.17379,0.8,3034,2018-05-11,False
ACC-FC68401E79,legit,Gayathri Deep,Kotak,Mumbai,18.9656,72.99742,0.93,1826,2021-08-31,False
ACC-6D358C6424,legit,Mitesh Gaba,IndusInd,Mumbai,18.97668,72.79321,0.87,1843,2021-08-14,False
ACC-2917D096F0,legit,Noah Sarma,HDFC,Patna,25.48688,85.02669,0.88,2275,2020-06-08,False
ACC-39123E81E5,legit,Nirja Patla,BoB,Jalandhar,31.27855,75.54518,0.82,1200,2023-05-19,False
ACC-B1F9006D61,legit,Sachi Mane,Union Bank,Mumbai,19.13677,72.89379,0.86,999,2023-12-06,False
ACC-F3BE1B6D2F,legit,Vivaan Walla,Axis,Ahmedabad,22.99027,72.47379,0.85,1238,2023-04-11,False
ACC-8F67E176FD,legit,Dayamai Singh,Canara,Mumbai,18.98606,72.81715,0.93,1232,2023-04-17,False
ACC-4AE564720E,legit,Jhalak Sastry,Canara,Lucknow,26.77959,80.87771,0.88,2565,2019-08-23,False
ACC-FE70458486,legit,Baghyawati Raja,BoB,Hyderabad,17.37361,78.38818,0.8,32,2026-07-30,False
ACC-578F5CF5AA,legit,Neel Iyengar,Kotak,Kolkata,22.54014,88.46179,0.83,1808,2021-09-18,False
ACC-174B868AF3,legit,Zashil Ben,Axis,Bhopal,23.35706,77.54077,0.8,562,2025-02-15,False
ACC-7D79DF515F,legit,Kamya Chauhan,Kotak,Chennai,13.00185,80.22048,0.79,1636,2022-03-09,False
ACC-379E774384,legit,Bhavani Chacko,PNB,Chennai,13.11862,80.39712,0.8,3207,2017-11-19,False
ACC-B4EF26F30C,legit,Anjali Sengupta,Union Bank,Jaipur,26.99794,75.75836,0.76,471,2025-05-17,False
ACC-98518C4C77,legit,Rajeshri Chand,Canara,Guwahati,26.05799,91.80853,0.98,115,2026-05-08,False
ACC-D4EEC9C86D,legit,Shravya Palla,HDFC,Hyderabad,17.36837,78.4303,0.95,2842,2018-11-19,False
ACC-49CA71AD82,legit,Oeshi Bera,Axis,Jalandhar,31.40574,75.62295,0.77,575,2025-02-02,False
ACC-C8E71B7947,legit,Yadavi Prakash,HDFC,Ahmedabad,22.92903,72.55062,0.83,1549,2022-06-04,False
ACC-F48B1C477F,legit,Libni Bumb,BoB,Kolkata,22.56699,88.33709,0.86,2080,2020-12-20,False
ACC-8CA8143342,legit,Udarsh Bala,IndusInd,Jalandhar,31.4526,75.6307,0.88,3332,2017-07-17,False
ACC-7B9514B58D,legit,Hardik Nayak,Kotak,Nagpur,21.03363,79.16089,0.75,2698,2019-04-12,False
ACC-31D8A89722,legit,Laksh Barad,BoB,Kolkata,22.44944,88.4946,0.99,2779,2019-01-21,False
ACC-5D3857F4E3,legit,Urmi Dewan,HDFC,Lucknow,26.97257,80.9274,0.78,48,2026-07-14,False
ACC-DDAFB58A0C,legit,Saumya Ahluwalia,Union Bank,Guwahati,26.21122,91.75187,0.77,2821,2018-12-10,False
ACC-A1213A3BAA,legit,Anirudh Kunda,IndusInd,Lucknow,26.81728,81.01981,0.75,2415,2020-01-20,False
ACC-F4704FE65D,legit,Mason Wable,HDFC,Delhi,28.60924,77.15371,0.95,356,2025-09-09,False
ACC-B8F764D783,legit,Indrajit Mani,PNB,Chennai,12.98586,80.21986,0.86,1870,2021-07-18,False
ACC-CB2D6018FF,legit,Charvi Dara,Canara,Lucknow,26.84026,80.92949,0.8,2858,2018-11-03,False
ACC-B727761BBE,legit,William Saini,Kotak,Jaipur,26.78934,75.84427,0.89,97,2026-05-26,False
ACC-BC8E32E08B,legit,Dev Choudhry,PNB,Ahmedabad,23.10359,72.6876,0.85,3038,2018-05-07,False
ACC-6F46916E7E,legit,Amol Varma,PNB,Guwahati,26.05264,91.75238,0.94,1897,2021-06-21,False
ACC-29CB0EC2FB,legit,Maanas Manne,BoB,Ahmedabad,22.93722,72.60937,0.71,1775,2021-10-21,False
ACC-F480D3981E,legit,Aarav Pandit,BoB,Kolkata,22.67614,88.35027,0.7,1764,2021-11-01,False
ACC-542A9CBD37,legit,Omaja Grover,HDFC,Hyderabad,17.30548,78.5549,0.87,3317,2017-08-01,False
ACC-6A2B38523A,legit,Jalsa Bir,PNB,Jalandhar,31.42653,75.49159,0.84,1340,2022-12-30,False
ACC-867E2E7256,legit,Madhavi Singhal,Kotak,Jaipur,26.95854,75.78446,0.88,2622,2019-06-27,False
ACC-640FAAC1A6,legit,Lila Prakash,Canara,Kolkata,22.54356,88.25964,0.89,1446,2022-09-15,False
ACC-8E42257DFC,legit,Amol Parikh,Union Bank,Bhopal,23.30682,77.49385,0.73,2521,2019-10-06,False
ACC-6F305E7DE2,legit,Hemani Khosla,ICICI,Bengaluru,12.92111,77.52394,0.81,484,2025-05-04,False
ACC-42561BAF46,legit,Gaurangi Deol,Union Bank,Bengaluru,12.97453,77.5725,0.82,569,2025-02-08,False
ACC-E459DE3C78,legit,Indira Nigam,ICICI,Bengaluru,12.968,77.6047,0.87,2647,2019-06-02,False
ACC-8E21016DF3,legit,Ucchal Srinivas,Canara,Ranchi,23.28703,85.22503,0.89,3453,2017-03-18,False
ACC-0B9FA22C53,legit,Krishna Bhatnagar,PNB,Bhopal,23.2218,77.28005,0.94,564,2025-02-13,False
ACC-C0FEDCAB89,legit,Balhaar Memon,Canara,Guwahati,26.14597,91.73484,0.82,2809,2018-12-22,False
ACC-3EDAF055AB,legit,Caleb Iyengar,SBI,Bhopal,23.24472,77.32267,0.94,2320,2020-04-24,False
ACC-B61E536FF6,legit,Diya Mukherjee,Axis,Hyderabad,17.32881,78.42585,0.75,2207,2020-08-15,False
ACC-701A2F2D0F,legit,Urvashi Kulkarni,IndusInd,Ranchi,23.36184,85.38326,0.85,2033,2021-02-05,False
ACC-C2B46B24FC,legit,Rayaan Mangal,Kotak,Kolkata,22.46833,88.43825,0.86,3377,2017-06-02,False
ACC-E6B86E6FA6,legit,Champak Narula,PNB,Jalandhar,31.20211,75.63538,1.0,2242,2020-07-11,False
ACC-AC74C712B4,legit,Jeet Pillai,Axis,Mumbai,19.13978,72.91923,0.96,1018,2023-11-17,False
ACC-6C36439464,legit,Mugdha Sarraf,HDFC,Delhi,28.60031,77.16807,0.83,3350,2017-06-29,False
ACC-815F9190D9,legit,Harinakshi Grover,Union Bank,Mumbai,19.1505,72.8066,0.91,3325,2017-07-24,False
ACC-FEFD474107,legit,Widisha Pillai,Union Bank,Bhopal,23.31686,77.44848,0.74,684,2024-10-16,False
ACC-D5B4E47CC4,legit,Fitan Samra,Kotak,Hyderabad,17.46974,78.56925,0.86,2340,2020-04-04,False
ACC-24F522F2BC,legit,Qushi Gole,Axis,Kolkata,22.58308,88.31624,0.79,2888,2018-10-04,False
ACC-3C93F1616E,legit,Ekani Chauhan,HDFC,Jaipur,27.03467,75.7912,0.74,2787,2019-01-13,False
ACC-F096D4C6E9,legit,Falak Merchant,ICICI,Jalandhar,31.40321,75.68938,0.91,1140,2023-07-18,False
ACC-061AE2D0D5,legit,Sanaya Sandhu,PNB,Bengaluru,12.90395,77.65173,0.93,3398,2017-05-12,False
ACC-71B3F3476E,legit,Sachi Panchal,Axis,Ahmedabad,22.9935,72.47469,0.89,2595,2019-07-24,False
ACC-62FE6D513D,legit,Brijesh Pandit,HDFC,Patna,25.58112,85.17372,0.82,3609,2016-10-13,False
ACC-F93CCD06E3,legit,Anvi Bhandari,Canara,Chennai,13.02276,80.38863,0.99,1516,2022-07-07,False
ACC-E6B5060B5D,legit,Nidra Patla,HDFC,Lucknow,26.86885,81.0459,0.92,3474,2017-02-25,False
ACC-3BB48B1CF1,legit,Azaan Dhar,HDFC,Ranchi,23.38054,85.36292,0.94,3487,2017-02-12,False
ACC-7893364839,legit,Bakhshi Date,Canara,Patna,25.51784,85.11858,0.78,872,2024-04-11,False
ACC-C56EE285EE,legit,Warinder Peri,Union Bank,Bhopal,23.20141,77.42539,0.96,539,2025-03-10,False
ACC-DD20BC5842,legit,Leela Bali,SBI,Jalandhar,31.28377,75.62554,0.73,203,2026-02-09,False
ACC-246DDFB129,legit,Shivani Prabhakar,ICICI,Jalandhar,31.417,75.44547,0.83,3517,2017-01-13,False
ACC-26A18336EE,legit,Sachi Bose,ICICI,Delhi,28.74683,77.18949,0.96,2825,2018-12-06,False
ACC-62AE8DB4D8,legit,Jeevika Rao,HDFC,Jaipur,26.82023,75.90425,0.9,1127,2023-07-31,False
ACC-1FBBC00607,legit,Arya Krish,ICICI,Jaipur,26.79954,75.83176,0.72,2662,2019-05-18,False
ACC-527DD88844,legit,Atharv Grewal,BoB,Ahmedabad,22.96993,72.6253,0.9,964,2024-01-10,False
ACC-A830244D0A,legit,Zarna Ram,ICICI,Chennai,12.97329,80.19325,0.88,324,2025-10-11,False
ACC-2FEA127818,legit,Adweta Lad,Kotak,Guwahati,26.19314,91.60357,0.95,2854,2018-11-07,False
ACC-4A829B5104,legit,Tanish Mangal,PNB,Bhopal,23.2389,77.31319,0.81,295,2025-11-09,False
ACC-08756AA444,legit,Ryan Das,Axis,Chennai,13.16539,80.16346,0.74,1510,2022-07-13,False
ACC-D82840F1AF,legit,Ethan Seth,ICICI,Jalandhar,31.41069,75.67742,0.72,2632,2019-06-17,False
ACC-666B15ED36,legit,Sai Chahal,Kotak,Kolkata,22.43976,88.40445,0.92,1807,2021-09-19,False
ACC-22C8A8AA60,legit,Idika Bhattacharyya,Canara,Ahmedabad,23.0896,72.68488,0.96,2528,2019-09-29,False
ACC-B8FC9FB216,legit,Charita Dugar,Union Bank,Mumbai,19.18319,72.78041,0.92,509,2025-04-09,False
ACC-56BE8634FF,legit,Janaki Trivedi,PNB,Lucknow,26.9719,80.89607,0.78,577,2025-01-31,False
ACC-0B1CAB7B46,legit,Jairaj Iyer,Union Bank,Mumbai,19.00794,72.905,0.79,2958,2018-07-26,False
ACC-0E2386D597,legit,Warjas Tak,Axis,Chennai,12.95481,80.3645,0.76,3592,2016-10-30,False
ACC-AEA5766321,legit,Jalsa Pillay,SBI,Kolkata,22.57517,88.43088,0.94,1215,2023-05-04,False
ACC-F5003B4F47,legit,Kai Chadha,PNB,Jalandhar,31.44888,75.57482,0.85,466,2025-05-22,False
ACC-0949F0D18E,legit,Dayamai Rao,Kotak,Kolkata,22.45666,88.46896,0.98,54,2026-07-08,False
ACC-67DD07E5DE,legit,Nirja Rout,Kotak,Bengaluru,12.94102,77.68621,0.86,1728,2021-12-07,False
ACC-4CA38AEDEE,legit,Jeremiah Nadig,HDFC,Bengaluru,13.04261,77.71743,0.71,3160,2018-01-05,False
ACC-16B5023BFB,legit,Shivani Shukla,BoB,Mumbai,18.94459,72.80087,0.85,252,2025-12-22,False
ACC-5E6280B7EB,legit,Kabir Gopal,BoB,Ahmedabad,23.07997,72.64359,0.72,1739,2021-11-26,False
ACC-8572892C25,legit,Rachita Thakkar,Axis,Guwahati,26.15468,91.64233,0.72,347,2025-09-18,False
ACC-639FF4E37D,legit,Jeet Vasa,Kotak,Nagpur,21.06558,79.17146,0.82,2202,2020-08-20,False
ACC-DE0D74A0CF,legit,Daksha Gala,HDFC,Ahmedabad,23.09364,72.6119,0.79,2639,2019-06-10,False
ACC-5667CE7568,legit,Ekantika Kar,PNB,Patna,25.65625,85.23124,0.73,242,2026-01-01,False
ACC-C77EB75317,legit,Zilmil Mander,Axis,Patna,25.49031,85.16795,0.9,230,2026-01-13,False
ACC-7F0DBD2FAA,legit,Zashil Hegde,ICICI,Ahmedabad,23.08754,72.46855,0.91,2904,2018-09-18,False
ACC-E905AF5F05,legit,Jeremiah Mitter,Axis,Bengaluru,12.97063,77.55317,0.75,2123,2020-11-07,False
ACC-EAE932E25B,legit,Yadavi Ganguly,HDFC,Bengaluru,13.03911,77.69554,0.93,3007,2018-06-07,False
ACC-FDB5A12E90,legit,Onveer Nazareth,HDFC,Delhi,28.56931,77.1899,0.78,2150,2020-10-11,False
ACC-54B9E3F978,legit,Ayush Bumb,Kotak,Kolkata,22.60707,88.36286,0.72,2097,2020-12-03,False
ACC-FE85C6E186,legit,Alka Kade,HDFC,Bhopal,23.27798,77.37684,0.97,1049,2023-10-17,False
ACC-3E4E52E0F7,legit,Azaan Tank,SBI,Ahmedabad,23.08271,72.498,0.71,2089,2020-12-11,False
ACC-528E2FBFFC,legit,Chasmum Subramanian,BoB,Bhopal,23.12809,77.28989,0.98,1495,2022-07-28,False
ACC-4086ADBCC7,legit,Nidra Mishra,BoB,Bengaluru,13.08813,77.69122,0.77,2269,2020-06-14,False
ACC-441A624A48,legit,Elijah Bhasin,HDFC,Hyderabad,17.36237,78.54624,0.87,1116,2023-08-11,False
ACC-90A8AB35BD,legit,Ria Sagar,PNB,Mumbai,19.07655,72.98633,0.94,739,2024-08-22,False
ACC-54D1D15CE3,legit,Ucchal Jani,Axis,Delhi,28.73662,77.09249,0.93,1910,2021-06-08,False
ACC-2F6B718C23,legit,Maanas Munshi,Kotak,Jaipur,26.86572,75.80165,0.76,37,2026-07-25,False
ACC-1BDE0C98DE,legit,Hemani Rastogi,Canara,Kolkata,22.64949,88.42865,0.81,998,2023-12-07,False
ACC-420560F7DA,legit,Kamala Varma,IndusInd,Ranchi,23.47864,85.38416,0.93,3005,2018-06-09,False
ACC-FB8B45AA08,legit,Eiravati Khurana,PNB,Hyderabad,17.29056,78.60356,0.86,102,2026-05-21,False
ACC-A2C339E9C0,legit,Jason Loke,SBI,Ahmedabad,23.11428,72.67335,0.93,1377,2022-11-23,False
ACC-12474E0D6B,legit,Yug Dhaliwal,PNB,Patna,25.68843,85.19901,0.86,430,2025-06-27,False
ACC-EB83C67414,legit,Chandresh Mannan,Axis,Hyderabad,17.36333,78.61134,0.73,588,2025-01-20,False
ACC-EB16F1E385,legit,Omya Kothari,Kotak,Nagpur,21.07323,79.18158,0.84,1696,2022-01-08,False
ACC-D082666A95,legit,Falak Munshi,BoB,Chennai,12.97051,80.1614,0.72,551,2025-02-26,False
ACC-4D54803324,legit,Nathaniel Tara,PNB,Kolkata,22.4543,88.4078,0.79,540,2025-03-09,False
ACC-B0438D56AA,legit,Wishi Morar,Kotak,Bhopal,23.2099,77.4939,0.8,2875,2018-10-17,False
ACC-F92965B93C,legit,Arin Chana,Union Bank,Jaipur,26.8404,75.90718,0.73,562,2025-02-15,False
ACC-69261F9DE4,legit,Yashasvi Shankar,HDFC,Mumbai,18.98529,72.86853,0.86,1670,2022-02-03,False
ACC-7CDA84AC00,legit,Tanveer Pandit,HDFC,Jalandhar,31.24698,75.52439,0.73,1090,2023-09-06,False
ACC-C22170FA88,legit,Chandresh Manda,Union Bank,Jalandhar,31.37629,75.66441,0.71,2859,2018-11-02,False
ACC-31878FEFFC,legit,Upma Mangal,PNB,Bhopal,23.35627,77.31755,0.99,2917,2018-09-05,False
ACC-831C4BCD37,legit,Hritik Sankar,ICICI,Patna,25.59774,85.18549,0.71,1070,2023-09-26,False
ACC-44A90443FC,legit,Aishani Pau,PNB,Patna,25.68994,85.15272,0.73,2258,2020-06-25,False
ACC-76445D988C,legit,Jasmit Bath,SBI,Mumbai,19.15813,72.78035,0.95,53,2026-07-09,False
ACC-180C85B69F,legit,Charan Hayer,HDFC,Hyderabad,17.28519,78.57418,0.87,1529,2022-06-24,False
ACC-997180843F,legit,Bhavya Borah,PNB,Jaipur,27.02522,75.67243,0.97,269,2025-12-05,False
ACC-31C7C84AB6,legit,Yamini Seshadri,Kotak,Ranchi,23.42769,85.19932,0.74,3475,2017-02-24,False
ACC-2494521276,legit,Jagat Dave,BoB,Ranchi,23.22265,85.42423,0.85,1779,2021-10-17,False
ACC-BF9CB7E353,legit,Meera Prakash,ICICI,Patna,25.64362,85.04917,0.78,884,2024-03-30,False
ACC-4536A10727,legit,Jasmit Dhawan,Union Bank,Ranchi,23.44773,85.18383,0.77,2541,2019-09-16,False
ACC-78A16E7E25,legit,Yashodhara Ratti,SBI,Jaipur,26.9121,75.89075,0.73,1967,2021-04-12,False
ACC-72C44271E7,legit,Chakradev Barad,IndusInd,Patna,25.49606,85.05637,0.77,3628,2016-09-24,False
ACC-DFFB3F40EF,legit,Gauri Som,Kotak,Jalandhar,31.3378,75.44634,0.84,1571,2022-05-13,False
ACC-6E4E1E9D4F,legit,Manthan Varma,Kotak,Jalandhar,31.32186,75.68773,0.82,2062,2021-01-07,False
ACC-AD57584C63,legit,Falak Nagar,Axis,Bengaluru,12.84351,77.62085,0.72,125,2026-04-28,False
ACC-D8121DF259,legit,Maya Mistry,ICICI,Ranchi,23.35205,85.38172,0.73,958,2024-01-16,False
ACC-FE101774C0,legit,Yashica Upadhyay,SBI,Ahmedabad,22.95254,72.58051,0.93,3245,2017-10-12,False
ACC-21AD94C61E,legit,Chandani Soman,Kotak,Hyderabad,17.40546,78.61715,0.98,1595,2022-04-19,False
ACC-A930381713,legit,Jyoti Narula,Kotak,Bhopal,23.17171,77.3414,0.97,1307,2023-02-01,False
ACC-070D19C553,legit,Omaja Morar,Union Bank,Delhi,28.66889,77.16891,0.74,2330,2020-04-14,False
ACC-0E693A23A9,legit,Urvi Lanka,IndusInd,Hyderabad,17.476,78.57059,0.79,2021,2021-02-17,False
ACC-C8239DDCE2,legit,Charan Srinivasan,PNB,Ranchi,23.21923,85.18965,0.71,2469,2019-11-27,False
ACC-6CE41F6087,legit,Lajita Divan,ICICI,Ranchi,23.20915,85.42254,0.8,830,2024-05-23,False
ACC-14B161A190,legit,Azad Choudhary,SBI,Bengaluru,13.08478,77.68765,0.71,1330,2023-01-09,False
ACC-FE482F5C86,legit,Anirudh Sastry,IndusInd,Kolkata,22.62792,88.26705,0.96,459,2025-05-29,False
ACC-47A6DECA4B,legit,Omya Doshi,Union Bank,Mumbai,19.04184,72.99714,0.73,1625,2022-03-20,False
ACC-DE5B619833,legit,Samar Roy,BoB,Jaipur,26.86445,75.91591,0.94,3004,2018-06-10,False
ACC-A7F8107923,legit,David Devi,Union Bank,Ranchi,23.38442,85.22155,0.94,2306,2020-05-08,False
ACC-0CF66CA1E7,legit,Ekta Sridhar,Axis,Hyderabad,17.42974,78.57169,0.92,1554,2022-05-30,False
ACC-02F5E7CB8F,legit,Dipta Ghose,Union Bank,Jaipur,26.81168,75.84915,0.82,2880,2018-10-12,False
ACC-E1564FA410,legit,Hema Pandya,Kotak,Jalandhar,31.45173,75.44982,0.98,2472,2019-11-24,False
ACC-C5D2B7C89F,legit,Veda Handa,ICICI,Kolkata,22.49717,88.38162,0.8,2037,2021-02-01,False
ACC-F18365684C,legit,Arya Misra,HDFC,Mumbai,19.00519,73.00807,0.95,692,2024-10-08,False
ACC-95313103B8,legit,Chameli Mani,SBI,Ahmedabad,23.0601,72.6759,0.78,1834,2021-08-23,False
ACC-D6689B88F1,legit,Vrinda Nadig,HDFC,Hyderabad,17.43721,78.44629,0.92,3228,2017-10-29,False
ACC-A7035C201C,legit,Ikshita Mahal,BoB,Delhi,28.58307,77.27186,0.85,686,2024-10-14,False
ACC-BF751C37BF,legit,Jairaj Raghavan,Canara,Patna,25.55389,85.10391,0.94,3399,2017-05-11,False
ACC-4C3B5F7DD0,legit,Hemani Dhingra,Canara,Kolkata,22.6134,88.41448,0.72,671,2024-10-29,False
ACC-86858D0E29,legit,Brijesh Mani,HDFC,Bhopal,23.1338,77.28289,0.72,1074,2023-09-22,False
ACC-4FD85A4C52,legit,Hiral Sathe,IndusInd,Bengaluru,13.07645,77.50295,0.98,312,2025-10-23,False
ACC-0013C45F4C,legit,Varenya Kala,SBI,Mumbai,19.0322,73.00886,0.83,1982,2021-03-28,False
ACC-9689E95CF5,legit,Anika Magar,SBI,Ahmedabad,22.93196,72.67674,0.73,648,2024-11-21,False
ACC-C470247F3E,legit,Ikbal Khatri,IndusInd,Hyderabad,17.51322,78.46218,0.78,2274,2020-06-09,False
ACC-0BA8E5E1C6,legit,Chandresh Wali,Union Bank,Jaipur,26.85764,75.67809,0.86,1614,2022-03-31,False
ACC-D843FAA512,legit,Viraj Ben,HDFC,Ranchi,23.25048,85.27199,0.79,1756,2021-11-09,False
ACC-F2C2B527B9,legit,Odika Narayanan,SBI,Ahmedabad,23.05631,72.56608,0.76,402,2025-07-25,False
ACC-16277DA3F8,legit,Harish Devan,HDFC,Ahmedabad,22.96623,72.45841,0.79,3461,2017-03-10,False
ACC-99EC609564,legit,Nakul Ray,HDFC,Patna,25.58625,85.24432,0.89,1090,2023-09-06,False
ACC-A86A8F2CEF,legit,Vansha Iyengar,ICICI,Patna,25.50893,85.24179,0.83,1518,2022-07-05,False
ACC-B982011985,legit,Ekani Mangal,Axis,Jaipur,26.89611,75.72335,0.87,3433,2017-04-07,False
ACC-8F9C68EB8C,legit,Gaurav Kata,Kotak,Bengaluru,13.03977,77.63986,0.94,356,2025-09-09,False
ACC-A7BEAC881D,legit,Parth Sahni,SBI,Patna,25.72132,85.16185,0.95,2272,2020-06-11,False
ACC-A934D822B8,legit,Balhaar Ranganathan,Canara,Bhopal,23.266,77.53845,0.87,2819,2018-12-12,False
ACC-43C7F95B7C,legit,Quincy Mann,SBI,Hyderabad,17.37858,78.3729,0.85,3502,2017-01-28,False
ACC-ABF55A14B6,legit,Aditya Misra,ICICI,Nagpur,21.15035,79.10752,0.74,2545,2019-09-12,False
ACC-11B514782C,legit,Gautami Mane,PNB,Jalandhar,31.31223,75.69757,0.94,689,2024-10-11,False
ACC-E6C3585964,legit,Wakeeta Desai,BoB,Bengaluru,12.848,77.48065,0.76,2803,2018-12-28,False
ACC-012C518606,legit,Anjali Hans,Kotak,Bhopal,23.29429,77.5029,0.97,1061,2023-10-05,False
ACC-5EBDC3EF6B,legit,Ganga Gaba,BoB,Nagpur,21.22887,78.97659,0.87,2283,2020-05-31,False
ACC-E8ED755DF3,legit,Aarini Grewal,SBI,Bhopal,23.19941,77.40129,0.94,3582,2016-11-09,False
ACC-C154C76851,legit,Geetika Merchant,BoB,Kolkata,22.59627,88.44003,0.74,465,2025-05-23,False
ACC-C1685C01FB,legit,Parth Ravi,HDFC,Kolkata,22.59637,88.43373,0.87,415,2025-07-12,False
ACC-FD43157213,legit,Yutika Narang,Kotak,Mumbai,19.15323,72.97702,0.96,3610,2016-10-12,False
ACC-800B8EADF0,legit,Nandini Chandran,Canara,Jaipur,26.88079,75.7834,0.71,2499,2019-10-28,False
ACC-AA9C661D0F,legit,Logan Sood,BoB,Jaipur,26.88618,75.81926,0.71,2793,2019-01-07,False
ACC-A25BD37547,legit,Yuvraj Ahuja,Canara,Nagpur,21.24822,79.13969,0.98,206,2026-02-06,False
ACC-FC78CBF289,legit,Leela Keer,Axis,Nagpur,21.11132,79.04438,0.79,3255,2017-10-02,False
ACC-89C7971B17,legit,Amara Narayan,PNB,Bhopal,23.25763,77.46562,0.74,407,2025-07-20,False
ACC-CB714FE2D9,legit,Advay Lal,BoB,Chennai,13.06732,80.35876,0.88,1108,2023-08-19,False
ACC-5DF531FCA6,legit,Warinder Bhatia,BoB,Mumbai,18.99166,72.7997,0.92,3379,2017-05-31,False
ACC-DB74204A77,legit,Udyati Mohanty,IndusInd,Jalandhar,31.33046,75.54212,0.94,235,2026-01-08,False
ACC-3084D7D388,legit,Nidra Thakkar,IndusInd,Mumbai,19.02495,72.87954,0.96,560,2025-02-17,False
ACC-4283D26207,legit,Jacob Merchant,SBI,Delhi,28.52572,77.3104,0.77,827,2024-05-26,False
ACC-0FF32FDF91,legit,Timothy Kanda,Axis,Ranchi,23.22263,85.27186,0.81,820,2024-06-02,False
ACC-7B282E32C1,legit,Vanya Dua,SBI,Ranchi,23.34549,85.3462,0.77,512,2025-04-06,False
ACC-AAC5FB04B0,legit,Kashvi Sagar,Canara,Ranchi,23.36952,85.22246,0.88,3570,2016-11-21,False
ACC-5B08E29A74,legit,Tejas Kota,HDFC,Lucknow,26.80461,81.03746,0.79,1064,2023-10-02,False
ACC-47795EDE90,legit,Sanya Wable,PNB,Patna,25.47238,85.23323,0.96,3199,2017-11-27,False
ACC-063B0DF9B6,legit,Faras Choudhury,BoB,Ahmedabad,22.94821,72.49214,0.85,2673,2019-05-07,False
ACC-48A80C4541,legit,Yashasvi Jain,Canara,Bhopal,23.33566,77.48492,0.97,41,2026-07-21,False
ACC-B032E7B84B,legit,Nitesh Narang,Axis,Ahmedabad,22.93418,72.65271,0.88,921,2024-02-22,False
ACC-29FC810E66,legit,Jackson Jha,BoB,Jaipur,26.9699,75.84389,0.97,1132,2023-07-26,False
ACC-9FCC7D1426,legit,Gavin Uppal,Axis,Bhopal,23.21901,77.34557,0.9,1916,2021-06-02,False
ACC-0BBFA7333B,legit,Christopher Setty,IndusInd,Bhopal,23.29331,77.43543,1.0,35,2026-07-27,False
ACC-C7F14C5086,legit,Yochana Sagar,Union Bank,Bhopal,23.35162,77.42921,0.78,2437,2019-12-29,False
ACC-BDB1ACBE88,legit,Dalbir Shere,Kotak,Ahmedabad,22.91658,72.45352,0.96,1137,2023-07-21,False
ACC-DB242399C2,legit,Anthony Randhawa,Axis,Jaipur,26.95459,75.90951,0.76,2673,2019-05-07,False
ACC-EAD04534D9,legit,Aarush Kamdar,Union Bank,Guwahati,26.21625,91.84422,0.82,3304,2017-08-14,False
ACC-9775561CCA,legit,Chakradev Sampath,Canara,Lucknow,26.89555,81.00601,1.0,2689,2019-04-21,False
ACC-4EC4D221E6,legit,Devansh Bhasin,SBI,Jaipur,27.02238,75.76152,0.87,3022,2018-05-23,False
ACC-19D7F4B97F,legit,Urmi Balay,PNB,Kolkata,22.65801,88.32151,0.91,2926,2018-08-27,False
ACC-0BA17EEC9F,legit,Nilima Gole,Kotak,Ahmedabad,23.0995,72.68127,0.85,2756,2019-02-13,False
ACC-A080E0B4CA,legit,Osha Prasad,ICICI,Bhopal,23.17071,77.4552,0.79,2291,2020-05-23,False
ACC-216468EA2A,legit,Saumya Purohit,IndusInd,Ranchi,23.24354,85.24437,0.93,3315,2017-08-03,False
ACC-E29496DB40,legit,Faris Zacharia,HDFC,Bengaluru,13.09239,77.7026,0.77,2685,2019-04-25,False
ACC-65DDB8C5FD,legit,Ijaya Dani,Kotak,Hyderabad,17.451,78.43456,0.81,3233,2017-10-24,False
ACC-1DEA054489,legit,Maya Wadhwa,SBI,Kolkata,22.51694,88.45882,0.96,1932,2021-05-17,False
ACC-B530B7482A,legit,Udant Aggarwal,PNB,Kolkata,22.59431,88.39651,0.85,1939,2021-05-10,False
ACC-F596F82B97,legit,Chanchal Sheth,SBI,Bhopal,23.30874,77.42066,0.96,1697,2022-01-07,False
ACC-AC37282B6E,legit,Ladli Karpe,Union Bank,Bengaluru,12.87359,77.5136,0.97,1681,2022-01-23,False
ACC-DCADBBE396,legit,Triveni Pal,HDFC,Ranchi,23.24767,85.40754,0.85,743,2024-08-18,False
ACC-BD293A9B4B,legit,Anya Gulati,SBI,Ahmedabad,23.15402,72.52097,0.84,242,2026-01-01,False
ACC-FB4F337A9C,legit,Azad Saini,ICICI,Hyderabad,17.45559,78.39713,0.85,3136,2018-01-29,False
ACC-C00F471205,legit,Wridesh Jhaveri,BoB,Jalandhar,31.40161,75.47604,0.82,1781,2021-10-15,False
ACC-6F4436A295,legit,Harrison Bandi,Kotak,Ranchi,23.31256,85.18466,0.99,821,2024-06-01,False
ACC-3BC75DF505,legit,Chanakya Konda,SBI,Nagpur,21.09775,79.17826,0.9,785,2024-07-07,False
ACC-0833635625,legit,Neelima Sarna,Kotak,Ahmedabad,23.08564,72.49742,0.79,3597,2016-10-25,False
ACC-5AFE95B7F4,legit,Teerth Bhalla,HDFC,Mumbai,19.04453,72.90167,0.95,689,2024-10-11,False
ACC-7BC373E0D3,legit,Yahvi Mann,Union Bank,Jaipur,27.03361,75.77539,0.86,2136,2020-10-25,False
ACC-C46FDCD89C,legit,Eiravati Nagi,Canara,Patna,25.69896,85.27151,0.81,1408,2022-10-23,False
ACC-6E8E5F6E2C,legit,Chasmum Dhar,BoB,Hyderabad,17.29443,78.59667,0.71,3330,2017-07-19,False
ACC-7794BFD170,legit,Odika Mital,SBI,Hyderabad,17.4464,78.38703,0.88,3011,2018-06-03,False
ACC-89971B1940,legit,Darsh Gill,SBI,Bengaluru,12.86975,77.65166,0.81,3249,2017-10-08,False
ACC-91579CCF81,legit,Warhi Batta,Union Bank,Ahmedabad,22.9565,72.58079,1.0,204,2026-02-08,False
ACC-AAC03853A0,legit,Lakshmi Vohra,HDFC,Ahmedabad,22.91658,72.66224,0.83,202,2026-02-10,False
ACC-63DABB2760,legit,Omaja Rege,ICICI,Patna,25.49237,85.07077,0.76,2879,2018-10-13,False
ACC-AE4D16816A,legit,Charita Puri,HDFC,Ahmedabad,23.05772,72.51765,0.9,2715,2019-03-26,False
ACC-F56DE0C251,legit,Urvashi Khosla,HDFC,Jaipur,26.94559,75.84155,0.85,1720,2021-12-15,False
ACC-44E03E54BF,legit,Charita Dhawan,Canara,Kolkata,22.46929,88.25958,0.76,440,2025-06-17,False
ACC-1E527431C0,legit,Dalbir Sachar,Kotak,Hyderabad,17.46012,78.57629,0.91,831,2024-05-22,False
ACC-18CA389BCC,legit,Krish Rama,Canara,Jaipur,26.82061,75.80031,0.8,855,2024-04-28,False
ACC-885AA00664,legit,Aadhya Jani,Union Bank,Delhi,28.48221,77.09792,0.9,457,2025-05-31,False
ACC-03F034657E,legit,Farhan Sengupta,HDFC,Bengaluru,13.09307,77.67015,0.97,312,2025-10-23,False
ACC-364CCC95E8,legit,George Wason,Axis,Ahmedabad,22.94984,72.70347,0.84,1217,2023-05-02,False
ACC-5E8F1BE27B,legit,Charan Loyal,Axis,Mumbai,19.16064,72.97882,0.81,3495,2017-02-04,False
ACC-447F620CDE,legit,Balveer Bora,SBI,Ahmedabad,22.97188,72.63587,0.7,394,2025-08-02,False
ACC-B3C08E3167,legit,Teerth Srinivas,Canara,Bengaluru,13.01575,77.50555,0.99,1469,2022-08-23,False
ACC-6428682424,legit,Gaurangi Mitter,Kotak,Jaipur,27.01469,75.67729,0.75,3343,2017-07-06,False
ACC-C316F81D91,legit,Siddharth Gupta,BoB,Patna,25.56714,85.12585,0.91,3428,2017-04-12,False
ACC-2847A7188C,legit,Varenya Kibe,ICICI,Ranchi,23.42515,85.34983,0.73,3269,2017-09-18,False
ACC-8663F4CB7F,legit,Mekhala Khatri,ICICI,Chennai,13.14389,80.40085,0.73,3463,2017-03-08,False
ACC-4AD834E3C4,legit,Barkha Rai,Canara,Nagpur,21.17033,79.16989,0.75,2783,2019-01-17,False
ACC-72E364726E,legit,Jagrati Morar,ICICI,Patna,25.66955,85.1677,0.84,3538,2016-12-23,False
ACC-7C2A155650,legit,Jagvi Varghese,HDFC,Ranchi,23.23949,85.28562,0.78,193,2026-02-19,False
ACC-18A95F0463,legit,Unnati Chaudhari,Union Bank,Lucknow,26.71491,81.04575,0.92,2154,2020-10-07,False
ACC-86D9F6EBB9,legit,Ekaja Jani,IndusInd,Hyderabad,17.51416,78.5326,0.86,1390,2022-11-10,False
ACC-C33D5B366A,legit,Dhriti Sachdev,PNB,Chennai,13.11466,80.25255,0.84,2981,2018-07-03,False
ACC-29D2E7CBB1,legit,Timothy Dhingra,IndusInd,Ahmedabad,23.07015,72.54029,0.97,3441,2017-03-30,False
ACC-93A4E5AEC0,legit,Advika Sahni,IndusInd,Kolkata,22.45221,88.40266,0.95,647,2024-11-22,False
ACC-E0BA6B7C1D,legit,Michael Hayre,Canara,Bhopal,23.25877,77.32217,0.8,3082,2018-03-24,False
ACC-E85088220C,legit,Victor Raghavan,IndusInd,Lucknow,26.97377,80.82467,0.89,917,2024-02-26,False
ACC-6EAD40290B,legit,Xalak Nazareth,Union Bank,Patna,25.6798,85.02377,0.83,1824,2021-09-02,False
ACC-08463BBB0C,legit,Vrinda Swaminathan,SBI,Bhopal,23.25948,77.36289,0.73,2042,2021-01-27,False
ACC-B8E2A0CEC8,legit,Om Pandey,HDFC,Patna,25.46865,85.15087,0.94,3387,2017-05-23,False
ACC-8EAC86435A,legit,Logan Suresh,PNB,Kolkata,22.60977,88.46934,0.9,2308,2020-05-06,False
ACC-97DE8F3D46,legit,Daniel Viswanathan,PNB,Ranchi,23.46582,85.27267,0.95,227,2026-01-16,False
ACC-2FE4F9E6DB,legit,Falan Bava,Kotak,Lucknow,26.86296,80.97857,0.91,1942,2021-05-07,False
ACC-4D6FD21437,legit,Nitara Devan,Kotak,Mumbai,18.9672,72.92065,0.81,13,2026-08-18,False
ACC-2030851CD5,legit,Ekansh Dora,Kotak,Ahmedabad,23.14802,72.51518,0.91,2143,2020-10-18,False
ACC-D672496BB9,legit,Tejas Tiwari,BoB,Delhi,28.72116,77.20695,0.73,3371,2017-06-08,False
ACC-76C65895CF,legit,Kashvi Bhasin,BoB,Kolkata,22.49042,88.2614,0.76,3495,2017-02-04,False
ACC-847A760E3C,legit,Vinaya Babu,BoB,Bhopal,23.33596,77.47119,0.71,446,2025-06-11,False
ACC-9FB7DE9911,legit,Nisha Arora,Canara,Ahmedabad,23.11371,72.5954,0.84,3167,2017-12-29,False
ACC-EFB3CA508E,legit,Anvi Wason,SBI,Kolkata,22.69589,88.26515,0.86,2048,2021-01-21,False
ACC-E2A3133D65,legit,Anay Thakkar,Canara,Delhi,28.62829,77.19084,0.98,2401,2020-02-03,False
ACC-4590CA8AF6,legit,Praneel Chhabra,ICICI,Jalandhar,31.43983,75.48896,0.92,2374,2020-03-01,False
ACC-20438A0D47,legit,Manthan Khosla,Kotak,Bengaluru,12.86445,77.63717,0.85,2487,2019-11-09,False
ACC-6B7FC0B72D,legit,Zayyan Pandya,PNB,Patna,25.57212,85.16706,0.78,2841,2018-11-20,False
ACC-CF935DAC6A,legit,Mekhala Brar,ICICI,Lucknow,26.97386,80.93346,0.82,551,2025-02-26,False
ACC-81C5183F45,legit,Nidra Sharaf,IndusInd,Chennai,13.18714,80.27402,0.96,3458,2017-03-13,False
ACC-FFC9D0FFD3,legit,Upkaar Mital,PNB,Chennai,13.14671,80.28518,0.76,895,2024-03-19,False
ACC-5487A8885D,legit,Azad Chander,ICICI,Chennai,13.0261,80.22889,0.99,2759,2019-02-10,False
ACC-575D2A535F,legit,Ladli Purohit,Kotak,Ahmedabad,23.15093,72.48432,0.91,2227,2020-07-26,False
ACC-190183B2DC,legit,Daksh Andra,BoB,Jalandhar,31.28606,75.57089,0.9,2342,2020-04-02,False
ACC-EB4D2BF02E,legit,Fitan Tata,BoB,Nagpur,21.23807,79.03034,0.94,3475,2017-02-24,False
ACC-73068A09D2,legit,Garima Chandran,SBI,Guwahati,26.03814,91.704,0.76,222,2026-01-21,False
ACC-FC1CE0B093,legit,Victor Kakar,Axis,Jalandhar,31.40317,75.70688,0.74,2804,2018-12-27,False
ACC-5BF5891FE1,legit,Anika Batra,IndusInd,Delhi,28.66541,77.15363,0.71,3091,2018-03-15,False
ACC-3A002A27CF,legit,Avni Bali,IndusInd,Bhopal,23.24709,77.44398,0.96,2771,2019-01-29,False
ACC-41733A96C4,legit,Divya Babu,Axis,Chennai,13.12246,80.24067,0.91,2097,2020-12-03,False
ACC-4A6E5CA4CB,legit,Maanas Rao,Kotak,Delhi,28.72917,77.17861,0.99,3233,2017-10-24,False
ACC-205C5A9540,legit,Chandani Gaba,Canara,Delhi,28.48227,77.14179,0.95,2546,2019-09-11,False
ACC-D2850455D3,legit,Lopa Zachariah,Union Bank,Nagpur,21.18196,79.14483,0.86,1511,2022-07-12,False
ACC-8ADBC4AE0B,legit,Leena Dey,Axis,Kolkata,22.49056,88.42469,0.83,797,2024-06-25,False
ACC-67A0A8E390,legit,Xiti Pal,IndusInd,Ahmedabad,22.90749,72.69639,0.74,3015,2018-05-30,False
ACC-AD0BCCC4E1,legit,Guneet Sarkar,ICICI,Delhi,28.59458,77.2243,0.88,537,2025-03-12,False
ACC-651117ECCC,legit,Faqid Oak,SBI,Jaipur,26.77879,75.7782,0.75,639,2024-11-30,False
ACC-AEEECF22FC,legit,Eta Balan,Union Bank,Lucknow,26.87288,81.02016,0.95,2566,2019-08-22,False
ACC-4699D54DC3,legit,Shravya Swaminathan,HDFC,Jaipur,26.90985,75.80694,0.94,1471,2022-08-21,False
ACC-049BEC7606,legit,Ishani Prashad,HDFC,Lucknow,26.85356,81.06971,0.94,2137,2020-10-24,False
ACC-9BF271EE8F,legit,Quincy Rai,Kotak,Bengaluru,12.94888,77.60461,0.77,381,2025-08-15,False
ACC-4868E01901,legit,Chakrika Koshy,PNB,Hyderabad,17.42914,78.44104,0.99,1207,2023-05-12,False
ACC-13A8DBBE7A,legit,Fitan Loyal,SBI,Kolkata,22.58084,88.49812,0.73,3378,2017-06-01,False
ACC-284AA105A8,legit,Lajita Dube,Union Bank,Lucknow,26.83202,81.05552,0.77,2518,2019-10-09,False
ACC-F79E5B6E30,legit,Edhitha Patel,HDFC,Delhi,28.66324,77.1606,0.82,3266,2017-09-21,False
ACC-76274A7181,legit,Gavin Ahluwalia,Kotak,Guwahati,26.20503,91.60774,0.85,2122,2020-11-08,False
ACC-BC7E528579,legit,Sai Parsa,PNB,Guwahati,26.12979,91.61292,0.8,2673,2019-05-07,False
ACC-0165A5DCE4,legit,Harsh Deo,IndusInd,Mumbai,19.19714,72.78781,0.86,3172,2017-12-24,False
ACC-11BAA92237,legit,Rachit Sankar,PNB,Ahmedabad,22.90506,72.61744,0.96,3173,2017-12-23,False
ACC-45ECE5D9E9,legit,Yauvani Reddy,BoB,Patna,25.68482,85.05803,0.89,3399,2017-05-11,False
ACC-CA0071ADF6,legit,Atharv Chakraborty,Kotak,Mumbai,19.14273,72.78412,0.71,1885,2021-07-03,False
ACC-C437E4BF08,legit,Girik Nair,HDFC,Mumbai,18.95553,72.95722,0.87,2290,2020-05-24,False
ACC-2D8F981E06,legit,Advik Manne,BoB,Hyderabad,17.49608,78.46174,0.83,1852,2021-08-05,False
ACC-6145DF68ED,legit,Lipika Chad,Union Bank,Delhi,28.58404,77.10584,0.72,29,2026-08-02,False
ACC-E3CDF1B8F6,legit,Omkaar Rai,Kotak,Chennai,13.10584,80.32499,0.98,302,2025-11-02,False
ACC-71321C26BF,legit,Liam Luthra,HDFC,Mumbai,19.0192,72.92794,0.78,2489,2019-11-07,False
ACC-6E4F982747,legit,Amrita Tailor,SBI,Nagpur,21.12896,79.05985,0.84,2711,2019-03-30,False
ACC-0F6B3E6554,legit,Dev Ganesh,IndusInd,Guwahati,26.06879,91.80289,0.79,3268,2017-09-19,False
ACC-27F3C98FB7,legit,Anya Sama,Kotak,Ahmedabad,22.9263,72.61932,0.99,3261,2017-09-26,False
ACC-88FCBCC66C,legit,Veda Bose,SBI,Delhi,28.62837,77.22388,0.7,509,2025-04-09,False
ACC-A6DE6B58BB,legit,Zayan Koshy,Axis,Kolkata,22.54397,88.37674,0.76,353,2025-09-12,False
ACC-E735F42522,legit,Rohan Shankar,IndusInd,Chennai,13.19177,80.2285,0.74,1695,2022-01-09,False
ACC-DD97A5398E,legit,Krishna Modi,HDFC,Bengaluru,12.89614,77.68507,0.75,800,2024-06-22,False
ACC-B02A895FFA,legit,Meghana Natarajan,IndusInd,Jalandhar,31.34419,75.45576,0.84,3081,2018-03-25,False
ACC-EA88E8CA7B,legit,Forum Sarraf,HDFC,Guwahati,26.02913,91.7826,0.76,1031,2023-11-04,False
ACC-5B113A2100,legit,Qushi Deshpande,PNB,Kolkata,22.56914,88.31818,0.73,530,2025-03-19,False
ACC-7CDA8721D4,legit,Ekani Iyer,Canara,Kolkata,22.45633,88.28106,0.8,1995,2021-03-15,False
ACC-67E20C7EFE,legit,Dipta Goel,Union Bank,Ahmedabad,22.96998,72.59415,0.81,2321,2020-04-23,False
ACC-ABA49273CF,legit,Eiravati Manne,PNB,Lucknow,26.97066,80.85664,0.94,1287,2023-02-21,False
ACC-5EF11517C0,legit,Xavier Nanda,Kotak,Chennai,13.14752,80.25344,0.74,3446,2017-03-25,False
ACC-22F56C107F,legit,Avni Ramaswamy,Kotak,Chennai,13.03718,80.26528,0.93,1829,2021-08-28,False
ACC-12D1954EB8,legit,Ishaan Iyengar,HDFC,Ranchi,23.35807,85.22197,0.95,2489,2019-11-07,False
ACC-5BA2323BCA,legit,Avi Shenoy,Axis,Bhopal,23.34813,77.51836,0.92,809,2024-06-13,False
ACC-D6B7EC030A,legit,Raksha Manne,IndusInd,Ahmedabad,22.90803,72.45664,0.89,81,2026-06-11,False
ACC-655E91503F,legit,Nilima Tata,PNB,Bhopal,23.28203,77.38696,0.97,2421,2020-01-14,False
ACC-FB32091F6D,legit,Chavvi Khurana,Canara,Guwahati,26.0798,91.84268,0.9,2215,2020-08-07,False
ACC-271222B259,legit,Mitesh Sampath,Union Bank,Bengaluru,12.93533,77.51982,0.92,3167,2017-12-29,False
ACC-B2F5356E7C,legit,Ethan Sen,BoB,Jaipur,26.81345,75.7876,0.81,375,2025-08-21,False
ACC-AB8DF99C87,legit,Nandini Warrior,Union Bank,Delhi,28.65787,77.30305,0.91,3308,2017-08-10,False
ACC-81F1B479A1,legit,Balhaar Parsa,Union Bank,Jalandhar,31.32982,75.56166,0.98,738,2024-08-23,False
ACC-AB66858F8B,legit,Ikbal Kothari,Canara,Ahmedabad,23.12309,72.47578,0.98,3003,2018-06-11,False
ACC-69D19FB6C3,legit,Ojas Basu,Axis,Delhi,28.53791,77.20566,0.81,262,2025-12-12,False
ACC-9BF20630BA,legit,Garima Sani,Kotak,Delhi,28.65946,77.21383,0.82,3246,2017-10-11,False
ACC-D7D4D11CC0,legit,Advaith Chaudhari,Kotak,Nagpur,21.13354,78.96562,0.73,2661,2019-05-19,False
ACC-70B8E77906,legit,Tristan Uppal,Axis,Guwahati,26.1806,91.67498,0.87,3043,2018-05-02,False
ACC-CE7F594A4D,victim,Sanaya Prasad,BoB,Jalandhar,31.40797,75.58573,0.7,2243,2020-07-10,False
ACC-44A481182D,mule,Ubika Tella,IndusInd,Ranchi,23.47623,85.23214,0.43,85,2026-05-29,True
ACC-63717C884E,mule,Hemani Bakshi,PNB,Guwahati,26.20551,91.64897,0.21,84,2026-05-30,False
ACC-3A5E7E9E84,mule,Henry Merchant,Axis,Delhi,28.50565,77.32551,0.34,94,2026-05-20,True
ACC-C20D3BE1EB,mule,Frederick D’Alia,Axis,Hyderabad,17.44694,78.44925,0.45,98,2026-05-16,False
ACC-158C2AC522,cashout_node,Ijaya Muni,PNB,Jalandhar,31.42687,75.67161,0.72,18,2026-08-05,False
ACC-E4D956169B,victim,Tamanna Jhaveri,HDFC,Jalandhar,31.41659,75.58555,0.84,2097,2020-12-03,False
ACC-084220E5C8,mule,Ijaya Soni,IndusInd,Mumbai,19.03634,72.8474,0.96,25,2026-01-08,False
ACC-6A2FDABB08,mule,Raksha Sethi,IndusInd,Bengaluru,12.92892,77.60057,0.36,89,2025-11-05,False
ACC-75A5260A2D,mule,Ekalinga Mital,BoB,Jalandhar,31.39539,75.46906,0.37,66,2025-11-28,True
ACC-2A01E6538D,mule,Ishwar Bajaj,Canara,Chennai,13.00885,80.31314,0.65,117,2025-10-09,False
ACC-3C5DA12D88,cashout_node,Ikbal Gala,Kotak,Jalandhar,31.2007,75.4919,0.71,2343,2019-09-05,False
ACC-5DF7BA419B,victim,Zaitra Ghosh,Union Bank,Bhopal,23.25003,77.3137,0.86,398,2025-07-29,False
ACC-51D8AE3387,mule,Ganga Sandhu,Kotak,Ranchi,23.35858,85.32355,0.3,98,2026-05-13,False
ACC-EF8C69C19E,mule,Vincent Ravel,ICICI,Jaipur,26.78779,75.68097,0.76,39,2026-07-11,False
ACC-4693C5B9D7,cashout_node,Quincy Sankaran,Axis,Bhopal,23.38831,77.37579,0.92,2045,2021-01-12,False
ACC-26299DBBE2,victim,Ayush Hora,HDFC,Bhopal,23.16191,77.41934,0.81,2460,2019-12-06,False
ACC-2EBE36A54F,mule,Pushti Ramachandran,Union Bank,Lucknow,26.95168,80.86042,0.84,28,2026-03-16,True
ACC-25D1BD6EBF,mule,Tanish Jha,IndusInd,Jalandhar,31.38352,75.69382,0.44,112,2025-12-22,False
ACC-FE2A6C5D9B,cashout_node,Dev Chaudry,Kotak,Delhi,28.56306,77.31115,0.78,385,2025-03-25,False
ACC-987D5186FF,victim,Jasmit Nanda,HDFC,Delhi,28.60558,77.17147,0.78,2224,2020-07-29,False
ACC-300DDAC0CF,mule,Tanvi Comar,HDFC,Bengaluru,13.01173,77.61325,0.7,111,2025-10-13,True
ACC-3595B8C0A4,mule,Vrishti Wable,IndusInd,Bengaluru,13.03589,77.68167,0.39,88,2025-11-06,False
ACC-1F0CC585F0,mule,Lipika Ramanathan,Union Bank,Ranchi,23.35696,85.19051,0.73,28,2026-01-05,True
ACC-06BEEA1409,cashout_node,Ijaya Pandey,PNB,Ahmedabad,22.99859,72.59257,0.88,1108,2023-01-21,False
ACC-D83259208A,victim,Orinder Mishra,ICICI,Mumbai,19.05047,72.79423,0.87,1041,2023-10-25,False
ACC-9129FF7B8A,mule,Krish Munshi,HDFC,Delhi,28.54116,77.14143,0.75,6,2026-04-01,True
ACC-BE0EF10141,mule,William Mody,SBI,Kolkata,22.43823,88.28558,0.53,15,2026-03-23,True
ACC-758ECF5444,cashout_node,Qadim Prakash,IndusInd,Mumbai,19.02873,72.85368,0.9,2706,2018-11-10,False
ACC-85AC05E5A5,victim,Yasti Rama,Canara,Bhopal,23.30473,77.53335,0.85,999,2023-12-06,False
ACC-EE59A3BB58,mule,Lakshit Rajagopal,SBI,Delhi,28.59587,77.11673,0.8,101,2026-03-10,False
ACC-3B4123FD12,mule,Quincy Sur,SBI,Bengaluru,12.91307,77.50732,0.58,99,2026-03-13,False
ACC-B6050BD8C9,mule,Ojas Suri,Axis,Jaipur,26.95139,75.77361,0.87,89,2026-03-23,False
ACC-046395E760,mule,Logan Grover,Canara,Ranchi,23.45351,85.1791,0.51,31,2026-05-20,False
ACC-2DE14B1952,cashout_node,Shravya Bera,Axis,Chennai,13.04779,80.20443,0.96,409,2025-05-07,False
ACC-4A47316C8C,victim,Aditya Sundaram,IndusInd,Hyderabad,17.49278,78.4197,0.96,1005,2023-11-30,False
ACC-D39F59EED1,mule,Robert Rajagopalan,IndusInd,Delhi,28.51906,77.07915,0.54,99,2026-04-05,True
ACC-C6264B760F,mule,Nilima Swamy,Axis,Chennai,13.03036,80.3421,0.67,33,2026-06-10,False
ACC-0303ED6085,mule,Sachi Suresh,Kotak,Patna,25.58649,85.05551,0.24,32,2026-06-11,True
ACC-E88C697A17,cashout_node,Fitan Balasubramanian,HDFC,Ranchi,23.46775,85.17891,0.87,317,2025-08-31,False
ACC-D8699EEE1D,victim,Brinda Bali,Canara,Chennai,12.96719,80.31961,0.92,2251,2020-07-02,False
ACC-24E457CF25,mule,Umang Yogi,BoB,Mumbai,18.95076,72.74573,0.3,76,2026-01-08,True
ACC-E9D52CDFA4,mule,Om Shankar,Axis,Lucknow,26.96118,80.97641,0.83,12,2026-03-13,False
ACC-960ED5904D,mule,Yasti Chowdhury,SBI,Guwahati,26.05451,91.80575,0.94,94,2025-12-21,False
ACC-26A6B0A4B8,cashout_node,Amrita Peri,SBI,Guwahati,26.1669,91.85101,0.83,1142,2023-02-07,False
ACC-657609C08F,victim,Ridhi Kamdar,Axis,Chennai,12.97392,80.30508,0.76,92,2026-05-31,False
ACC-BC343FB697,mule,Harsh Kota,ICICI,Chennai,12.99605,80.35915,0.44,26,2026-03-06,True
ACC-F0ECE810B5,mule,Bachittar Sengupta,Kotak,Delhi,28.51062,77.32042,0.7,27,2026-03-06,False
ACC-E1479DF3DE,mule,Ijaya Chahal,Canara,Bengaluru,13.02239,77.68477,0.5,21,2026-03-12,True
ACC-83EF39CC02,cashout_node,Jacob Khalsa,HDFC,Bhopal,23.16734,77.29725,0.83,1705,2021-08-01,False
ACC-62C9B30B52,victim,Indali Sangha,BoB,Guwahati,26.18788,91.65933,0.75,1844,2021-08-13,False
ACC-CD3AFB9125,mule,Liam Jhaveri,SBI,Kolkata,22.49534,88.42698,0.36,99,2026-01-10,True
ACC-5C830854EF,mule,Daniel Panchal,SBI,Bhopal,23.2819,77.49276,0.38,17,2026-04-02,False
ACC-35D6019B89,mule,Om Naik,ICICI,Nagpur,21.18625,79.14562,0.24,105,2026-01-04,True
ACC-AA81F87216,mule,Bimala Loke,HDFC,Nagpur,21.02438,79.18504,0.39,70,2026-02-09,False
ACC-086435917A,mule,Krishna Sabharwal,ICICI,Jaipur,26.84784,75.80052,0.24,106,2026-01-04,False
ACC-22AED06942,cashout_node,Aradhana Date,HDFC,Guwahati,26.03352,91.64102,0.83,1816,2021-04-30,False
ACC-935C26412C,victim,Zaid Dhingra,SBI,Bhopal,23.21603,77.28641,0.93,52,2026-07-10,False
ACC-75C01AAC37,mule,Yug Ramaswamy,HDFC,Bengaluru,13.04121,77.67784,0.27,75,2025-10-29,True
ACC-2FFE07377E,mule,Lucky Luthra,SBI,Delhi,28.69159,77.27615,0.78,78,2025-10-26,False
ACC-AE5FF97E57,cashout_node,Keya Seth,Axis,Bhopal,23.26099,77.35581,0.75,1201,2022-09-30,False
ACC-1AEAF48BA6,victim,Girik Rau,Union Bank,Bengaluru,12.88396,77.66574,0.94,2058,2021-01-11,False
ACC-C2A1BDB91F,mule,Jyoti Sha,SBI,Guwahati,26.12685,91.60816,0.2,77,2026-03-12,True
ACC-DE3FDDE416,mule,Falak Agate,ICICI,Mumbai,19.03856,72.88199,0.52,68,2026-03-21,False
ACC-6AD92F06E8,mule,Tara Parmar,SBI,Guwahati,26.07094,91.68799,0.49,85,2026-03-04,False
ACC-A1AEAFCB32,mule,Mitali Kamdar,BoB,Guwahati,26.20242,91.76999,0.37,7,2026-05-22,False
ACC-CA1AF93483,cashout_node,Siddharth Talwar,IndusInd,Delhi,28.68751,77.2843,0.76,3511,2016-10-17,False
ACC-38125A3F0C,victim,Ekantika Mander,SBI,Bhopal,23.26762,77.51806,0.78,2172,2020-09-19,False
ACC-384723F476,mule,Kalpit Sundaram,PNB,Ranchi,23.34368,85.42606,0.5,67,2026-01-02,False
ACC-3071E1C11F,mule,Chanakya Batra,BoB,Jaipur,26.84273,75.83406,0.7,19,2026-02-20,True
ACC-F5EAFDC916,mule,Tripti Babu,BoB,Patna,25.53939,85.00806,0.81,113,2025-11-18,True
ACC-8C60C1E411,mule,Nakul Sastry,SBI,Jaipur,27.03693,75.72023,0.86,60,2026-01-10,True
ACC-A1370249D2,cashout_node,Aadi Sangha,PNB,Bhopal,23.35889,77.2889,0.92,1656,2021-08-29,False
ACC-6F92D1001C,victim,Kevin Mittal,BoB,Delhi,28.65948,77.20085,0.94,1265,2023-03-15,False
ACC-126CBCA60C,mule,Anusha Chander,PNB,Bhopal,23.2681,77.52511,0.78,3,2026-07-16,False
ACC-FE2937418F,mule,Zashil Butala,Canara,Bhopal,23.39025,77.36707,0.69,18,2026-07-01,False
ACC-118C0D29ED,mule,Noah Ben,PNB,Bhopal,23.20352,77.33277,0.98,28,2026-06-21,False
ACC-C6054305DD,mule,Dalaja Kaur,PNB,Kolkata,22.52262,88.42035,0.85,51,2026-05-30,False
ACC-9E293F3B19,cashout_node,Gavin Chandran,SBI,Delhi,28.6737,77.28667,0.88,2234,2020-06-07,False
ACC-9934B3DD8C,victim,Tanay Sood,SBI,Hyderabad,17.28627,78.52563,0.96,929,2024-02-14,False
ACC-70F24BA2B6,mule,Kevin Kara,Kotak,Nagpur,21.21338,79.15884,0.99,64,2025-11-27,True
ACC-30C85A9472,mule,Aditya Anand,SBI,Delhi,28.72512,77.13027,0.67,4,2026-01-27,True
ACC-4BBA8FBD07,cashout_node,Jai Sami,BoB,Hyderabad,17.39145,78.35511,0.8,2824,2018-05-09,False
ACC-C2CD509572,victim,Vanya Bobal,PNB,Nagpur,21.12297,78.9539,0.82,2548,2019-09-09,False
ACC-8A1A176B9B,mule,Leela Chakraborty,IndusInd,Mumbai,19.02498,72.76173,0.71,16,2026-02-06,False
ACC-7120EF0D46,mule,Harshil Munshi,SBI,Hyderabad,17.35716,78.48058,0.67,108,2025-11-06,False
ACC-50A2E3B589,mule,Chandani Devan,PNB,Hyderabad,17.4138,78.48828,0.56,10,2026-02-12,True
ACC-E950442F75,mule,Kiaan Dhar,Axis,Nagpur,21.02053,79.15469,0.3,94,2025-11-20,False
ACC-35F3C2935C,cashout_node,Abhiram Gala,BoB,Nagpur,21.10188,79.08614,0.83,1624,2021-09-12,False
ACC-E7AF0C472F,victim,Indali Kala,SBI,Jalandhar,31.41966,75.69481,0.86,795,2024-06-27,False
ACC-D5729168AD,mule,Nisha Savant,SBI,Nagpur,21.17483,79.17419,0.51,98,2026-02-12,False
ACC-D04B175DF6,mule,Gabriel Chaudhry,Kotak,Mumbai,19.19837,72.95002,0.48,33,2026-04-18,False
ACC-07FDEB52BD,mule,Jatin Rajagopalan,BoB,Kolkata,22.46686,88.39806,0.81,63,2026-03-19,False
ACC-1BA73E9187,cashout_node,Pushti Murty,SBI,Delhi,28.51007,77.15603,0.94,2276,2020-02-26,False
ACC-922BDE8E19,victim,Yug Malhotra,BoB,Nagpur,21.15939,79.19461,0.71,564,2025-02-13,False
ACC-C721EEA9E2,mule,Yuvraj Mane,SBI,Mumbai,18.9553,72.92284,0.68,58,2026-03-29,True
ACC-958B81888C,mule,Charvi Jha,SBI,Jalandhar,31.26907,75.59622,0.77,120,2026-01-26,False
ACC-4FD91FD674,mule,Manya Merchant,BoB,Patna,25.66335,85.19332,0.81,80,2026-03-07,False
ACC-1D867389D0,cashout_node,Wriddhish Talwar,Canara,Nagpur,21.18411,79.15833,0.73,3060,2018-01-09,False
ACC-7714EB2FD4,victim,Isaiah Khosla,SBI,Hyderabad,17.28958,78.50436,0.93,1210,2023-05-09,False
ACC-3CEC9F59CD,mule,Ekavir Wable,HDFC,Bhopal,23.17732,77.3248,0.35,25,2026-07-16,False
ACC-FBC6926B78,mule,Jalsa Nadig,SBI,Jalandhar,31.45279,75.55031,0.53,72,2026-05-30,False
ACC-636F3CAEC2,mule,Lila Salvi,SBI,Ahmedabad,22.91918,72.6427,0.71,115,2026-04-17,True
ACC-A1E963ECA9,mule,Orinder Sinha,Union Bank,Guwahati,26.17335,91.68911,0.93,85,2026-05-17,False
ACC-9361056F3B,cashout_node,Anay Bir,BoB,Hyderabad,17.51498,78.57535,0.97,1416,2022-09-25,False
ACC-85EC07A476,victim,Adweta Kale,ICICI,Patna,25.61856,85.09942,0.83,2776,2019-01-24,False
ACC-BC5F72CD75,mule,Darpan Rao,HDFC,Patna,25.61381,85.09563,0.94,81,2025-11-17,True
ACC-5BBF3EB02C,mule,Yachana Sagar,PNB,Mumbai,19.12249,72.92788,0.85,19,2026-01-18,True
ACC-77BA477DBC,mule,Neelima Butala,IndusInd,Jaipur,27.00519,75.86222,0.32,52,2025-12-16,False
ACC-E0CC20B46B,mule,Arunima Chacko,ICICI,Ahmedabad,23.13034,72.66725,0.58,107,2025-10-23,True
ACC-E915AC027C,cashout_node,Farhan Vaidya,BoB,Ranchi,23.22589,85.18937,0.85,3419,2016-09-28,False
ACC-DF9A361BD2,victim,Nachiket Yadav,Union Bank,Delhi,28.73426,77.17527,0.89,234,2026-01-09,False
ACC-C8FFDD0436,mule,Mahika Bhatti,BoB,Mumbai,19.17271,72.82943,0.82,59,2026-02-24,False
ACC-EFE0393A45,mule,Rajeshri Khare,Kotak,Ahmedabad,22.99848,72.47509,0.38,94,2026-01-21,True
ACC-AD26E7D261,cashout_node,Yash Chadha,ICICI,Lucknow,26.81717,80.82679,0.92,1844,2021-04-07,False
ACC-79B1233095,victim,Jack Setty,Canara,Chennai,13.18336,80.33151,0.98,3388,2017-05-22,False
ACC-134522A80B,mule,Dayamai Gill,SBI,Nagpur,21.17331,79.16093,0.52,34,2026-01-29,False
ACC-E1CAF32842,mule,Advik Devan,ICICI,Hyderabad,17.30464,78.4143,0.96,120,2025-11-04,True
ACC-9680B2CBA7,cashout_node,Nihal Taneja,ICICI,Guwahati,26.25995,91.72654,0.9,844,2023-11-12,False
ACC-E64FD4E399,victim,Zansi Lad,ICICI,Hyderabad,17.47288,78.61631,0.84,1306,2023-02-02,False
ACC-B695F2DF04,mule,Kamya Date,Axis,Hyderabad,17.37081,78.59248,0.45,70,2026-03-18,False
ACC-661BABD612,mule,Jacob Balan,SBI,Delhi,28.51683,77.18078,0.98,66,2026-03-22,True
ACC-89F18C5F40,mule,Pushti Magar,HDFC,Hyderabad,17.37196,78.5359,0.52,107,2026-02-09,False
ACC-E6599CF806,mule,Adya Bose,SBI,Ahmedabad,23.02612,72.68361,0.87,10,2026-05-17,False
ACC-5D6F992C68,cashout_node,Tamanna Vaidya,ICICI,Jaipur,26.84783,75.90367,0.87,1724,2021-09-06,False
ACC-FABBF9DE2B,victim,Christopher Tata,IndusInd,Hyderabad,17.4547,78.58578,0.77,953,2024-01-21,False
ACC-2C14D12ADA,mule,Jhalak Dugar,PNB,Ahmedabad,23.15653,72.54665,0.66,44,2026-06-06,False
ACC-03F9CB1E17,mule,Harshil D’Alia,Canara,Patna,25.64295,85.27124,0.76,59,2026-05-22,False
ACC-EB9FD08C95,cashout_node,Yashodhara Agate,Kotak,Hyderabad,17.46814,78.58402,0.93,68,2026-05-13,False
ACC-D0D845DD09,victim,Advik Konda,HDFC,Hyderabad,17.41991,78.44018,1.0,657,2024-11-12,False
ACC-9CEFDBAEC5,mule,Urmi Patla,Axis,Guwahati,26.27663,91.85432,0.52,88,2025-10-10,True
ACC-83BFAF5E39,mule,Mason Gola,BoB,Mumbai,19.20619,72.78006,0.98,73,2025-10-25,False
ACC-568F47FEA9,mule,Oni Kapur,IndusInd,Hyderabad,17.36607,78.51615,0.89,37,2025-11-30,False
ACC-A46C4417D6,mule,Yuvraj Saha,PNB,Bhopal,23.21419,77.28663,0.73,78,2025-10-20,False
ACC-BBCF3F199C,cashout_node,Anika Brahmbhatt,Union Bank,Lucknow,26.95008,80.90234,0.85,3017,2017-10-04,False
ACC-CD3835148D,victim,Jagdish Thakkar,Canara,Guwahati,26.13312,91.82005,0.73,151,2026-04-02,False
ACC-CB3DE56B0B,mule,Praneel Kapoor,ICICI,Patna,25.57993,85.13155,0.22,70,2026-01-22,False
ACC-B9A417D732,mule,Nandini Biswas,Canara,Kolkata,22.45462,88.39845,0.69,60,2026-02-01,False
ACC-17BD9F4D59,mule,Barkha Mukhopadhyay,ICICI,Guwahati,26.14375,91.82958,0.46,108,2025-12-15,False
ACC-3C46325D40,cashout_node,Gabriel Shan,BoB,Guwahati,26.15319,91.78527,0.89,7,2026-03-27,False
ACC-895B703946,victim,Jyoti Iyer,Kotak,Jalandhar,31.45964,75.54402,0.91,2542,2019-09-15,False
ACC-2D6B80D0DF,mule,Daksha Kibe,Kotak,Bengaluru,12.91203,77.60589,0.88,100,2025-10-04,True
ACC-C07629BBFD,mule,Jyoti Tak,Union Bank,Ranchi,23.3694,85.22747,0.44,46,2025-11-28,False
ACC-A279B0295C,cashout_node,Yatan Dora,IndusInd,Jalandhar,31.41527,75.50112,0.99,801,2023-11-04,False
ACC-5C2F468B75,victim,Nimrat Bajwa,Kotak,Ahmedabad,23.07129,72.52488,0.92,2188,2020-09-03,False
ACC-F25914FA76,mule,Hiral Andra,BoB,Lucknow,26.81672,81.07286,0.96,22,2026-02-17,True
ACC-133F9C312B,mule,Aarav Puri,HDFC,Mumbai,19.00128,73.01052,0.65,65,2026-01-05,False
ACC-C981432FD7,mule,Hemang Jha,IndusInd,Guwahati,26.08041,91.70546,0.46,109,2025-11-22,False
ACC-E954A03DA1,mule,Oni Swamy,Union Bank,Bhopal,23.1955,77.27952,0.3,40,2026-01-30,False
ACC-F209A81352,mule,Lucky Mammen,Canara,Nagpur,21.23564,79.20006,0.33,77,2025-12-25,True
ACC-1F433E7104,cashout_node,Caleb Kata,HDFC,Mumbai,19.1675,72.79937,0.8,1264,2022-09-25,False
ACC-AD81F68BC6,victim,Kashish Shanker,BoB,Bengaluru,12.93541,77.69895,0.84,3353,2017-06-26,False
ACC-6ED0E6D866,mule,Girish Tiwari,Axis,Ranchi,23.43912,85.18684,0.96,80,2026-01-13,True
ACC-DEDCD927AC,mule,Meera Borde,Union Bank,Delhi,28.68858,77.12179,0.62,50,2026-02-12,False
ACC-809F5F54A0,cashout_node,Radhika De,Axis,Bengaluru,13.06212,77.66427,0.81,32,2026-03-02,False
ACC-2791350187,victim,Bishakha Lal,BoB,Nagpur,21.1001,79.17174,0.82,3320,2017-07-29,False
ACC-9FC585F269,mule,Maya Narain,Axis,Jalandhar,31.39473,75.58672,0.89,36,2026-07-10,True
ACC-3FCF666B04,mule,Sneha Magar,Kotak,Guwahati,26.18022,91.79914,0.84,55,2026-06-21,True
ACC-C9434DD203,mule,Falan Jain,BoB,Jaipur,27.03619,75.89824,0.99,11,2026-08-05,True
ACC-4990423AE6,mule,Ikbal Dugal,Union Bank,Bengaluru,13.05312,77.56014,0.72,30,2026-07-17,True
ACC-73B19E5B94,cashout_node,Nitesh Sengupta,Kotak,Bhopal,23.21054,77.33377,0.84,1332,2022-12-23,False
ACC-BBDE179900,victim,Dipta Ray,IndusInd,Mumbai,19.0176,72.81942,0.89,2134,2020-10-27,False
ACC-CB3A7B88AD,mule,Ishita Johal,PNB,Chennai,13.08017,80.27059,0.54,109,2026-04-29,False
ACC-A3BE4940C8,mule,Darika Sheth,Kotak,Ahmedabad,22.99906,72.63813,0.88,17,2026-07-31,False
ACC-C28F52A5C8,mule,Jagdish Chana,ICICI,Hyderabad,17.50654,78.37037,0.77,28,2026-07-20,False
ACC-7D3528DE9D,mule,Daksha Baria,SBI,Bhopal,23.14177,77.33157,0.7,19,2026-07-29,False
ACC-3D522A59C7,mule,Falak Divan,Canara,Nagpur,21.03495,79.01921,0.33,34,2026-07-14,False
ACC-AC82627E19,cashout_node,Yuvraj Parekh,Canara,Mumbai,19.05006,72.93342,0.75,2729,2019-02-26,False
ACC-A5CF45FF56,victim,Yochana Bawa,BoB,Lucknow,26.86347,80.88286,0.75,560,2025-02-17,False
ACC-4C6ACAE70D,mule,Abha Ghosh,Canara,Mumbai,19.07895,72.95216,0.51,86,2026-02-10,False
ACC-A95614E50D,mule,Nidhi Sethi,HDFC,Delhi,28.62724,77.12296,0.72,57,2026-03-11,True
ACC-3946AA0C99,cashout_node,Girindra Shere,Union Bank,Jalandhar,31.3877,75.69128,0.99,2689,2018-12-26,False
ACC-3199BB0997,victim,Logan Dara,ICICI,Nagpur,21.17683,79.15333,0.99,3615,2016-10-07,False
ACC-47AD7A7E03,mule,David Kapadia,IndusInd,Kolkata,22.45783,88.31071,0.32,71,2026-02-25,False
ACC-530D2DB388,mule,Rudra Rattan,Kotak,Jalandhar,31.34697,75.68283,0.64,27,2026-04-11,True
ACC-0883F2DA86,mule,Frado Lad,BoB,Chennai,13.14855,80.26884,0.43,21,2026-04-17,False
ACC-42CDBF5847,mule,Anthony Bhattacharyya,HDFC,Kolkata,22.65659,88.43821,0.34,79,2026-02-18,False
ACC-768828B942,mule,Sachi Dave,Union Bank,Ranchi,23.22785,85.18945,0.57,32,2026-04-07,False
ACC-C908053354,cashout_node,Garima Das,IndusInd,Bhopal,23.21311,77.43411,0.77,2291,2020-01-30,False
ACC-74CC15D38C,victim,Triya Bedi,PNB,Chennai,13.16124,80.3688,0.75,2249,2020-07-04,False
ACC-BACCD8B339,mule,Rachita Rana,Canara,Ranchi,23.37291,85.42845,0.61,114,2025-12-21,False
ACC-ACEC9FF0EA,mule,Ayushman Raja,IndusInd,Chennai,13.14756,80.32609,0.49,48,2026-02-25,True
ACC-B8F3B7545C,cashout_node,Orinder Pandya,SBI,Chennai,13.1969,80.34917,0.76,3337,2017-02-23,False
ACC-C7FD32D540,victim,Rachit Maharaj,HDFC,Bhopal,23.33943,77.36415,0.8,1890,2021-06-28,False
ACC-9F8FC46D2B,mule,Sanaya Dixit,ICICI,Kolkata,22.68031,88.46325,0.71,3,2026-03-20,True
ACC-D20D9C3784,mule,Yatan Merchant,IndusInd,Jaipur,26.83101,75.72708,0.35,112,2025-12-01,False
ACC-CD305C863D,mule,Nisha Srinivas,HDFC,Ranchi,23.2313,85.36008,0.69,64,2026-01-18,True
ACC-D4F98CD811,cashout_node,Gagan Mammen,Canara,Bhopal,23.156,77.32001,0.82,3555,2016-06-29,False
ACC-E00F236079,victim,Laksh Saini,Union Bank,Mumbai,18.97587,72.7914,0.92,500,2025-04-18,False
ACC-BED91BE853,mule,Zaid Bahl,PNB,Ahmedabad,23.08806,72.57928,0.36,57,2025-12-27,False
ACC-14CA6C1037,mule,Jagrati Srinivasan,ICICI,Patna,25.56174,85.05879,0.56,2,2026-02-20,False
ACC-7BEF7FAA77,mule,Hemangini Thakkar,HDFC,Bengaluru,13.04305,77.53569,0.43,13,2026-02-10,False
ACC-678F5C7C19,mule,Lipika Madan,Kotak,Nagpur,21.10179,78.95543,0.99,86,2025-11-29,True
ACC-D05E852A87,mule,Atharv Nagar,Kotak,Bhopal,23.34726,77.3298,1.0,109,2025-11-06,True
ACC-E953A2164A,cashout_node,Ayushman Mand,Union Bank,Mumbai,19.13978,72.7429,0.88,884,2023-09-23,False
ACC-7F281E7B1E,victim,Urmi Wagle,Kotak,Ranchi,23.24103,85.24891,0.86,1741,2021-11-24,False
ACC-F860F3AD8F,mule,Viraj Dutta,HDFC,Nagpur,21.04589,79.18181,0.91,34,2026-04-27,False
ACC-D0B0FD37B2,mule,Yug Khosla,ICICI,Nagpur,21.02521,78.98634,0.58,79,2026-03-13,False
ACC-7DE2BFECE0,mule,Daksh Kanda,BoB,Ranchi,23.40325,85.435,0.89,56,2026-04-05,True
ACC-A148AE7C8A,mule,Isha Ghose,Kotak,Guwahati,26.18507,91.84461,0.41,44,2026-04-17,False
ACC-30DDB92A79,cashout_node,Warjas Nadkarni,Canara,Delhi,28.51247,77.24039,0.87,1666,2021-11-07,False
ACC-8DF931DB06,victim,Ayaan Pandey,Axis,Kolkata,22.62046,88.49851,0.83,1528,2022-06-25,False
ACC-C968883E4B,mule,Raghav Tailor,Canara,Bhopal,23.15353,77.50362,0.55,33,2026-03-04,True
ACC-A18C167D89,mule,Parth Swaminathan,SBI,Jalandhar,31.40265,75.47421,0.84,27,2026-03-10,False
ACC-0C5EB19EF1,mule,Gautam Bhalla,Canara,Ranchi,23.3167,85.3808,0.33,12,2026-03-26,False
ACC-4A563C5989,cashout_node,Theodore Bahri,Union Bank,Kolkata,22.6186,88.34978,0.71,611,2024-08-04,False
ACC-41DF045C2F,victim,Aadi Narula,Canara,Delhi,28.58919,77.10134,0.91,225,2026-01-18,False
ACC-CD2AC789BA,mule,Kalpit Oak,Axis,Bhopal,23.35996,77.37507,0.59,68,2025-11-24,True
ACC-541429F6A2,mule,Ekiya Bhargava,IndusInd,Delhi,28.48348,77.19146,0.89,45,2025-12-18,False
ACC-0ED9B57CE5,mule,Manbir Dhar,IndusInd,Kolkata,22.50605,88.23679,0.2,16,2026-01-16,True
ACC-89806FA88B,mule,Janya Bora,Axis,Bhopal,23.34365,77.53118,0.87,119,2025-10-05,False
ACC-7EFBC92111,cashout_node,Meghana Chaudhuri,Canara,Bengaluru,12.97825,77.68398,0.71,2870,2018-03-26,False
ACC-FFA69A067D,victim,Chasmum Naidu,HDFC,Lucknow,26.88098,80.8178,0.72,282,2025-11-22,False
ACC-669B83AAE7,mule,Nakul Sarkar,Union Bank,Jaipur,26.78736,75.8546,0.39,34,2026-05-28,False
ACC-6802F51CE4,mule,Edhitha Ghosh,HDFC,Kolkata,22.43828,88.29614,0.45,91,2026-04-01,True
ACC-31A51ED779,mule,Udant Gill,Canara,Jalandhar,31.35023,75.61582,0.94,77,2026-04-16,False
ACC-AE5FD1E434,mule,Damyanti Menon,HDFC,Ahmedabad,22.90496,72.56147,0.85,57,2026-05-06,False
ACC-1AF689B9D9,mule,Peter Agarwal,PNB,Patna,25.70439,85.2607,0.59,20,2026-06-12,False
ACC-B744DCB2FA,cashout_node,Bachittar Gopal,PNB,Nagpur,21.05774,79.04018,0.92,754,2024-06-09,False
ACC-093CA3BFA9,victim,Timothy Chawla,Axis,Kolkata,22.55802,88.23273,0.75,2919,2018-09-03,False
ACC-714616B6AB,mule,Lohit Narula,IndusInd,Ranchi,23.22274,85.29899,0.88,116,2025-10-31,True
ACC-D3D45E568E,mule,Wazir Palan,Axis,Ahmedabad,23.06719,72.44368,0.28,103,2025-11-13,False
ACC-BCCEB00956,mule,Oliver Chakrabarti,Union Bank,Hyderabad,17.3497,78.54125,0.61,79,2025-12-07,False
ACC-0F7A7DA845,mule,Sanya Apte,IndusInd,Mumbai,19.20465,73.00271,0.6,94,2025-11-23,False
ACC-FAC44A8400,mule,Shaurya Krish,BoB,Bhopal,23.34648,77.29655,0.92,70,2025-12-17,True
ACC-069B3A3BD4,cashout_node,Inaya Kunda,Union Bank,Lucknow,26.85263,81.01037,0.99,959,2023-07-12,False
ACC-42DCA3D634,victim,Aarav Bava,Canara,Jaipur,26.92324,75.76535,0.9,1316,2023-01-23,False
ACC-63E1199DBD,mule,Raksha Saini,HDFC,Mumbai,19.02183,72.85155,0.95,98,2025-12-07,False
ACC-F9A876F4D3,mule,Odika Tailor,IndusInd,Jalandhar,31.23555,75.62226,0.32,72,2026-01-02,False
ACC-BA20776DC5,mule,Indali Prashad,Kotak,Ahmedabad,23.05909,72.50846,0.38,76,2025-12-30,True
ACC-ABECAB0216,cashout_node,Varenya Kar,PNB,Ranchi,23.22086,85.4176,0.75,2635,2018-12-28,False
ACC-DCF9D1EA86,victim,Siya Borah,BoB,Mumbai,19.15141,72.86695,0.75,3273,2017-09-14,False
ACC-F3DE79610C,mule,Chaitaly Bahri,BoB,Chennai,13.12044,80.36126,0.64,49,2026-07-05,False
ACC-1D21A9C1FA,mule,Advika Cheema,ICICI,Guwahati,26.0938,91.61857,0.65,2,2026-08-22,True
ACC-EE2901F4AE,cashout_node,Hema Garde,IndusInd,Mumbai,19.00658,72.91292,0.86,1132,2023-07-19,False
ACC-8594364250,victim,Naveen Borde,BoB,Chennai,13.08319,80.30153,0.74,3610,2016-10-12,False
ACC-61B2EC71A8,mule,Hamsini Subramanian,BoB,Jalandhar,31.33335,75.60375,0.22,9,2026-05-25,False
ACC-3072402B07,mule,Raagini Gala,PNB,Bhopal,23.15529,77.51964,0.49,93,2026-03-02,False
ACC-8DF65DFE15,mule,Naksh Bera,BoB,Chennai,13.05767,80.19844,0.92,61,2026-04-03,True
ACC-9581C4BC38,mule,Garima Jha,SBI,Lucknow,26.86191,80.83658,0.93,43,2026-04-21,False
ACC-25FAF3BD6F,cashout_node,Nimrat Zachariah,SBI,Mumbai,19.10743,72.85849,0.96,2668,2019-02-13,False
ACC-7E21A52D9D,victim,Baghyawati Mishra,HDFC,Jalandhar,31.39096,75.68338,0.93,3066,2018-04-09,False
ACC-5BA5F076B6,mule,Gopal Bawa,IndusInd,Kolkata,22.64098,88.39917,0.97,70,2026-01-31,False
ACC-C68E4A9B80,mule,Vritti Dube,IndusInd,Mumbai,19.01424,72.86225,0.88,53,2026-02-17,True
ACC-3607120D65,mule,Jalsa Aggarwal,IndusInd,Nagpur,21.11729,79.05483,0.54,34,2026-03-08,False
ACC-E55FAB627A,cashout_node,Gagan Menon,BoB,Jalandhar,31.33939,75.52529,0.87,2080,2020-08-01,False
ACC-41D09169E3,victim,Ryan Chatterjee,ICICI,Mumbai,18.97441,72.77899,0.72,2458,2019-12-08,False
ACC-076B9E3F13,mule,Samuel Garde,HDFC,Nagpur,21.11377,79.14084,0.26,45,2026-04-06,True
ACC-DECDE1A345,mule,Finn Solanki,ICICI,Hyderabad,17.36372,78.41874,0.28,91,2026-02-19,False
ACC-0AB1F11C96,mule,Darika Rao,Union Bank,Patna,25.59018,85.01575,0.44,77,2026-03-05,True
ACC-91E3DDE51B,mule,Vrinda Lanka,Axis,Bengaluru,12.84916,77.70825,0.83,49,2026-04-02,False
ACC-81C0845F87,mule,Lila Goyal,Axis,Ranchi,23.3199,85.26281,0.33,56,2026-03-27,False
ACC-2D1483CB34,cashout_node,Lakshmi Pingle,Canara,Guwahati,26.10123,91.84227,0.93,2344,2019-12-21,False
ACC-2200B2EA2D,victim,Sanaya Basu,Kotak,Delhi,28.59367,77.13941,0.78,3209,2017-11-17,False
ACC-81FD3F1515,mule,Ria Shroff,Axis,Bhopal,23.29599,77.48569,0.24,44,2026-04-15,False
ACC-348E161DDB,mule,Upkaar Luthra,BoB,Hyderabad,17.49996,78.35404,0.33,120,2026-01-29,True
ACC-0ED83F6FA2,mule,Matthew Chatterjee,Canara,Jalandhar,31.40659,75.55679,0.76,113,2026-02-05,False
ACC-4D3BA5F694,mule,Hemangini Sachdev,ICICI,Kolkata,22.45566,88.23626,0.42,11,2026-05-18,False
ACC-EEBE10F953,mule,Darsh Ram,SBI,Guwahati,26.22474,91.77388,0.81,8,2026-05-21,False
ACC-E2DD8D3C63,cashout_node,Vaishnavi Keer,HDFC,Guwahati,26.27737,91.63562,0.75,3587,2016-08-02,False
ACC-05DBDADE96,victim,Chandani Brar,BoB,Patna,25.67316,85.23294,0.72,2620,2019-06-29,False
ACC-16DD947E7D,mule,Bakhshi Thakkar,Canara,Guwahati,26.07726,91.79983,0.47,114,2025-11-11,False
ACC-C4B8BF177A,mule,Jai Sen,ICICI,Ranchi,23.35872,85.43763,0.49,82,2025-12-14,True
ACC-E57EC7AEAC,cashout_node,Oliver Kakar,Axis,Kolkata,22.62523,88.29162,0.81,1333,2022-07-12,False
ACC-8BE63AE450,victim,Jonathan Basak,PNB,Jaipur,26.95354,75.74366,0.95,601,2025-01-07,False
ACC-98911EC451,mule,Farhan Saran,Axis,Hyderabad,17.29153,78.54425,0.82,58,2025-12-17,False
ACC-60C96D13DC,mule,Manbir Kuruvilla,PNB,Ranchi,23.32745,85.38353,0.39,98,2025-11-07,True
ACC-EC88A847BE,cashout_node,Ekalinga Chahal,HDFC,Nagpur,21.16069,79.05563,0.97,700,2024-03-15,False
ACC-BCAF3A9CC3,victim,Mekhala Nanda,PNB,Hyderabad,17.4733,78.42046,0.71,2932,2018-08-21,False
ACC-BC0A89785E,mule,Zinal Shanker,PNB,Guwahati,26.23362,91.67316,0.46,115,2026-01-12,True
ACC-DAA8C6196C,mule,Oni Chowdhury,Canara,Guwahati,26.02805,91.8369,0.6,57,2026-03-11,False
ACC-B931CAEC50,mule,Mason Divan,Kotak,Bengaluru,12.91183,77.52822,0.41,86,2026-02-10,False
ACC-729F29A542,cashout_node,Hitesh Chaudhuri,IndusInd,Hyderabad,17.37827,78.51901,0.73,1849,2021-04-14,False
ACC-FA511CA3AF,victim,Hemangini Roy,BoB,Guwahati,26.18803,91.83732,0.94,3016,2018-05-29,False
ACC-A1324D54E3,mule,Leela Sunder,Union Bank,Jalandhar,31.23276,75.68072,0.25,89,2026-05-19,False
ACC-6201A05E31,mule,Baljiwan Gera,ICICI,Bhopal,23.25432,77.35158,0.4,58,2026-06-19,True
ACC-0DC7693A32,mule,Neha Dhawan,PNB,Chennai,13.01584,80.20794,0.87,116,2026-04-23,False
ACC-339926A11F,mule,Balvan Randhawa,IndusInd,Hyderabad,17.40338,78.37946,0.6,15,2026-08-02,False
ACC-3B3A845E76,mule,Wazir Bawa,Union Bank,Bengaluru,12.97622,77.59857,0.65,7,2026-08-10,True
ACC-6C727BB692,cashout_node,Amruta Pradhan,IndusInd,Hyderabad,17.29736,78.35214,0.82,263,2025-11-27,False
ACC-765B8516B0,victim,Geetika Mitter,Canara,Kolkata,22.61894,88.3796,0.91,3290,2017-08-28,False
ACC-9FD1A657EC,mule,Avni Swamy,HDFC,Bhopal,23.20462,77.37819,0.43,102,2025-09-25,False
ACC-E3317CF604,mule,Vedant Desai,Union Bank,Nagpur,21.09697,79.019,0.61,11,2025-12-25,True
ACC-DA6FF5C42D,cashout_node,Saanvi Nagi,HDFC,Jaipur,26.88772,75.91769,0.71,1300,2022-06-15,False
ACC-12489997CB,victim,Omaja Chakraborty,Axis,Nagpur,21.05996,79.05308,0.98,3345,2017-07-04,False
ACC-B8E5BE253A,mule,Riya Kakar,BoB,Lucknow,26.71685,80.99729,0.98,56,2026-04-24,False
ACC-D596C55CFE,mule,Vedhika Varty,Axis,Delhi,28.72336,77.18008,0.89,48,2026-05-03,False
ACC-BCF8A556DF,mule,Daksh Varma,Union Bank,Jalandhar,31.31168,75.52861,0.85,52,2026-04-29,False
ACC-D2116FEBA4,mule,Dominic Mukhopadhyay,IndusInd,Delhi,28.62006,77.07793,0.81,99,2026-03-13,False
ACC-208D5FB3C2,mule,Krishna Viswanathan,BoB,Patna,25.60337,85.15583,0.33,80,2026-04-01,False
ACC-A2A739C398,cashout_node,Oscar Hans,Canara,Nagpur,21.15122,79.12476,0.86,489,2025-02-17,False
ACC-03E8EB7170,victim,Dalbir Krish,Union Bank,Patna,25.50778,85.12504,0.84,322,2025-10-13,False
ACC-0D2AADCE45,mule,Tanmayi Bedi,BoB,Hyderabad,17.28406,78.6065,0.9,17,2025-12-24,False
ACC-5D9DB3339A,mule,Rushil Mahal,SBI,Patna,25.46294,85.26673,0.81,71,2025-10-31,False
ACC-D1CE4D4BE5,mule,Ucchal Tiwari,Kotak,Mumbai,19.15275,72.84019,0.98,66,2025-11-05,True
ACC-EA0D0DC41A,mule,Jatin Balasubramanian,Union Bank,Ahmedabad,23.08951,72.56823,0.35,50,2025-11-22,True
ACC-A1C7590E2E,mule,Kashish Suresh,ICICI,Jaipur,26.8021,75.84481,0.55,52,2025-11-20,True
ACC-D9E64A9527,cashout_node,Peter Som,Axis,Ahmedabad,22.90749,72.4507,0.92,2901,2018-02-01,False
ACC-1CBF0798E0,victim,Hemangini Gade,SBI,Ahmedabad,22.96673,72.56765,0.8,3425,2017-04-15,False
ACC-50CDA4E57F,mule,Gautam Mane,SBI,Bengaluru,12.87061,77.6945,0.77,64,2025-10-30,True
ACC-E2859D94D5,mule,Libni Bawa,Axis,Hyderabad,17.49996,78.5944,0.96,53,2025-11-10,False
ACC-C3237CF270,mule,Tanish Kant,ICICI,Bhopal,23.35842,77.54554,0.94,65,2025-10-29,False
ACC-952A6FE476,cashout_node,Samuel Luthra,ICICI,Chennai,13.20306,80.35633,0.91,753,2023-12-11,False
ACC-94AED875E6,victim,Yochana Bahri,Canara,Nagpur,21.26235,79.16183,0.72,30,2026-08-01,False
ACC-A3E76EC7AA,mule,Urvi Deo,Kotak,Jalandhar,31.44729,75.46579,0.98,74,2026-05-25,False
ACC-B0E072169D,mule,Abhiram Kapur,HDFC,Bhopal,23.30232,77.3626,0.8,55,2026-06-13,True
ACC-63086A3DF4,mule,Dalaja Maharaj,SBI,Delhi,28.70061,77.11067,0.57,6,2026-08-02,False
ACC-A519A34348,mule,Krisha Palla,HDFC,Ranchi,23.27827,85.36383,0.9,84,2026-05-16,False
ACC-5B8AF7CF9C,cashout_node,Zayyan Kamdar,Union Bank,Nagpur,21.07202,79.12762,0.86,3271,2017-08-24,False
ACC-DB2F9E2024,victim,Chasmum Verma,BoB,Jaipur,26.85268,75.77979,0.95,478,2025-05-10,False
ACC-4F685E2FD3,mule,Harsh Amble,HDFC,Ranchi,23.26361,85.25848,0.37,69,2026-05-11,False
ACC-A6B7A8B62B,mule,Barkha Misra,Union Bank,Delhi,28.52031,77.28324,0.52,85,2026-04-25,False
ACC-96CAA18692,cashout_node,Vasatika Bhatt,IndusInd,Bhopal,23.33846,77.37475,0.93,1053,2023-08-31,False
ACC-D83FBAC7BC,victim,Aradhana Nair,BoB,Bhopal,23.19855,77.42494,0.83,164,2026-03-20,False
ACC-6D15A6762C,mule,Advika Misra,ICICI,Nagpur,21.15714,79.00583,0.45,39,2026-02-28,True
ACC-50BE5E789B,mule,Mason Varughese,Canara,Guwahati,26.02218,91.69133,0.94,58,2026-02-09,False
ACC-800C921183,mule,Dakshesh Raval,PNB,Lucknow,26.7332,81.07077,0.65,21,2026-03-19,False
ACC-E9177BF6B2,cashout_node,Logan Bal,Axis,Bhopal,23.21248,77.28895,0.92,2581,2019-03-16,False
ACC-3460293056,victim,Chakrika Lad,SBI,Jalandhar,31.32803,75.5459,0.74,2466,2019-11-30,False
ACC-FDB826215F,mule,Nidhi Rama,SBI,Delhi,28.66437,77.12174,0.52,82,2026-04-01,False
ACC-C3C01B217E,mule,Ranveer Oza,HDFC,Chennai,13.20175,80.32005,0.73,1,2026-06-22,True
ACC-C5BAD95B87,mule,Vamakshi Parmer,BoB,Bhopal,23.38476,77.28032,0.81,111,2026-03-04,False
ACC-B91654C16E,mule,Onkar Golla,Kotak,Lucknow,26.76956,81.00552,0.97,24,2026-05-30,False
ACC-B1994A5730,cashout_node,Gunbir Sinha,Canara,Jaipur,26.78911,75.87777,0.91,414,2025-05-05,False
