txn_id,from_account,to_account,amount,channel,timestamp,is_fraud_chain,is_cashout,ring_id
TXN-98D4F43CDD,ACC-BF9CB7E353,ACC-1672980D7E,18957.65,RTGS,2026-05-22T20:48:45,False,False,
TXN-0FC35CD13C,ACC-DE5B619833,ACC-E29496DB40,44931.69,UPI,2026-07-20T15:38:50,False,False,
TXN-4BC97B496E,ACC-C456B6C5DF,ACC-765C988E8A,48639.17,IMPS,2026-07-20T12:56:01,False,False,
TXN-9E16DE8CAB,ACC-3F1332028A,ACC-F8EA76CDC7,40898.39,NEFT,2026-07-09T01:52:43,False,False,
TXN-A2E128E483,ACC-42561BAF46,ACC-0BA8E5E1C6,528.56,IMPS,2026-06-20T20:09:11,False,False,
TXN-A6E55E23A2,ACC-38E209123A,ACC-3B161F37FC,4038.99,NEFT,2026-03-24T03:28:56,False,False,
TXN-170564BF79,ACC-D7879A2627,ACC-814BB3CD63,8036.4,UPI,2026-03-31T10:59:00,False,False,
TXN-46D7C9617F,ACC-31FE231B1B,ACC-A6FBC3240E,36068.73,RTGS,2026-07-05T22:52:33,False,False,
TXN-78AC44B38F,ACC-640FAAC1A6,ACC-AEE8AC8B42,29621.39,RTGS,2026-01-09T17:12:44,False,False,
TXN-2FDDCBCD1F,ACC-A04FEE425F,ACC-0EF6EF4616,6568.68,IMPS,2026-02-22T07:43:08,False,False,
TXN-0BB7F6E23D,ACC-5DF531FCA6,ACC-527DD88844,2151.71,IMPS,2026-01-22T17:08:15,False,False,
TXN-443C5B9987,ACC-3EF22AE255,ACC-9912037D7A,46137.85,RTGS,2026-08-21T18:25:01,False,False,
TXN-D0ABD23F99,ACC-44A90443FC,ACC-47795EDE90,1127.28,NEFT,2026-02-03T07:14:02,False,False,
TXN-BA94317BAA,ACC-ACDADA8CEB,ACC-F3BE1B6D2F,30404.99,RTGS,2026-07-07T01:28:29,False,False,
TXN-E37B26252D,ACC-130E527A8D,ACC-B7823C27D8,41552.11,IMPS,2026-08-15T06:39:20,False,False,
TXN-FE49EE6E6A,ACC-22F56C107F,ACC-40FD962921,31235.94,NEFT,2026-03-07T03:16:46,False,False,
TXN-51A18335D6,ACC-FC1CE0B093,ACC-6428682424,17265.03,RTGS,2026-08-20T16:05:38,False,False,
TXN-86E5CEC6A7,ACC-02F5E7CB8F,ACC-6EB684699B,11644.73,RTGS,2026-02-21T08:18:58,False,False,
TXN-B8B1BB98DA,ACC-64AB233688,ACC-4E99782B8B,10276.96,RTGS,2026-02-28T02:00:40,False,False,
TXN-9DE47681DB,ACC-F2C2B527B9,ACC-C9091D07F2,9035.62,UPI,2026-07-26T09:17:10,False,False,
TXN-702EE4F136,ACC-E6B5060B5D,ACC-71321C26BF,6052.32,RTGS,2026-02-20T14:45:10,False,False,
TXN-572415E4C3,ACC-C470247F3E,ACC-54B9E3F978,41410.58,RTGS,2026-07-22T17:48:17,False,False,
TXN-6D89625B18,ACC-D4C1048A81,ACC-220F23770A,43766.25,RTGS,2026-03-31T02:58:00,False,False,
TXN-A171DF3D2F,ACC-42561BAF46,ACC-5BA2323BCA,19185.58,UPI,2026-06-15T05:50:55,False,False,
TXN-CC7F835A37,ACC-933DCCC0E8,ACC-F114605CC3,23961.63,IMPS,2026-02-02T13:14:11,False,False,
TXN-4CF440432E,ACC-4FE08D8EDF,ACC-4C3B5F7DD0,43862.96,RTGS,2026-04-11T02:54:59,False,False,
TXN-FDE8FDDB77,ACC-7ADF18BB0F,ACC-9057966242,35515.61,UPI,2026-08-13T11:13:50,False,False,
TXN-69BF5574CC,ACC-0E2386D597,ACC-1A158E2B39,26084.14,RTGS,2026-03-21T18:38:27,False,False,
TXN-BE8C76AAB2,ACC-2847A7188C,ACC-6AC42DA33C,20560.48,UPI,2026-03-02T02:38:27,False,False,
TXN-BB919B3215,ACC-73A9A3591F,ACC-A080E0B4CA,29351.44,NEFT,2026-07-28T04:51:35,False,False,
TXN-455959F758,ACC-852D8A89CD,ACC-76445D988C,18409.08,NEFT,2026-06-04T08:32:28,False,False,
TXN-A295B5742A,ACC-27F3C98FB7,ACC-866F9BCA0B,20778.76,RTGS,2026-03-11T09:47:14,False,False,
TXN-45376A8D7C,ACC-220F23770A,ACC-69261F9DE4,27834.59,NEFT,2026-04-30T02:12:50,False,False,
TXN-715B33C2F8,ACC-FE101774C0,ACC-A34D67F943,38754.89,RTGS,2026-02-23T14:53:30,False,False,
TXN-7286FC8A03,ACC-DCADBBE396,ACC-41740025DD,37441.15,RTGS,2026-03-04T20:02:23,False,False,
TXN-A16B5D9EEF,ACC-9FC0AFB708,ACC-2B5F825F48,25515.51,NEFT,2026-08-02T19:44:32,False,False,
TXN-DF2ED8B329,ACC-43C7F95B7C,ACC-93A4E5AEC0,34291.31,UPI,2026-03-04T10:11:12,False,False,
TXN-E658F99DEB,ACC-38A80976AA,ACC-5B08E29A74,463.47,UPI,2026-02-26T10:33:33,False,False,
TXN-EC2B748ECC,ACC-B727761BBE,ACC-4FD85A4C52,21881.8,UPI,2026-04-13T04:11:42,False,False,
TXN-43D7531CA8,ACC-420FED7829,ACC-220F23770A,4185.98,UPI,2026-05-30T06:10:40,False,False,
TXN-71D44323A9,ACC-7F7EE3CA38,ACC-43C7F95B7C,32877.53,NEFT,2026-08-21T00:50:52,False,False,
TXN-9EF523642C,ACC-39DF57796E,ACC-B2F5356E7C,41047.39,RTGS,2026-06-20T11:30:57,False,False,
TXN-9EE02B3D30,ACC-5CF210449D,ACC-B0ADCF0EF4,42558.27,NEFT,2026-03-17T15:10:08,False,False,
TXN-F11017BC8F,ACC-49E8CB1413,ACC-86858D0E29,25625.28,IMPS,2026-08-27T21:59:10,False,False,
TXN-2321E5E775,ACC-DF69D91010,ACC-63DABB2760,1995.84,IMPS,2026-01-01T02:40:39,False,False,
TXN-50D632C667,ACC-AD385E3FB0,ACC-3C0BFA4E3C,49841.49,RTGS,2026-05-18T03:23:18,False,False,
TXN-C09C40F6D2,ACC-6E8E5F6E2C,ACC-750B08D60C,20391.46,IMPS,2026-07-21T01:42:42,False,False,
TXN-DEEE32FF7E,ACC-9E1489C0CB,ACC-049BEC7606,35240.37,UPI,2026-08-02T10:34:29,False,False,
TXN-1CF93B5B1B,ACC-6364A8BD24,ACC-3A002A27CF,41522.29,NEFT,2026-05-15T22:42:09,False,False,
TXN-D725A34B3B,ACC-5337FB769D,ACC-14BB7A2CD6,30396.9,IMPS,2026-06-26T14:39:40,False,False,
TXN-CFFCDD94BC,ACC-82303C3115,ACC-6E4E1E9D4F,431.64,IMPS,2026-06-08T02:46:11,False,False,
TXN-0540D6CC23,ACC-C56EE285EE,ACC-218D531755,28019.81,NEFT,2026-05-13T00:42:42,False,False,
TXN-9A6F79EA28,ACC-DC9B5ECFC2,ACC-A830244D0A,47844.13,NEFT,2026-06-21T22:54:10,False,False,
TXN-4DC5DCBD77,ACC-EB06C9ED42,ACC-831C4BCD37,24284.77,IMPS,2026-05-12T21:52:03,False,False,
TXN-AB9CAF9169,ACC-81F1B479A1,ACC-D4EEC9C86D,34143.41,UPI,2026-07-07T04:17:15,False,False,
TXN-2F0A8627DF,ACC-DC9B5ECFC2,ACC-9912037D7A,3564.2,IMPS,2026-03-31T07:06:15,False,False,
TXN-80F56F4A06,ACC-6AC42DA33C,ACC-805C00B3BA,47781.2,UPI,2026-04-13T06:35:49,False,False,
TXN-1A236BC4DD,ACC-CA717E470D,ACC-7D818E469A,4831.87,NEFT,2026-01-30T12:38:23,False,False,
TXN-304B938E15,ACC-EB16F1E385,ACC-DD605CC508,23932.46,NEFT,2026-03-26T21:11:02,False,False,
TXN-8D134EA2DB,ACC-DFFB3F40EF,ACC-43F0764A9E,9302.67,IMPS,2026-07-13T19:00:39,False,False,
TXN-3B9B922273,ACC-049BEC7606,ACC-D03850541F,11896.1,IMPS,2026-04-14T01:45:26,False,False,
TXN-0EA46FC559,ACC-CCEC58F489,ACC-AABAB59228,10297.77,IMPS,2026-08-29T05:44:27,False,False,
TXN-A01713522D,ACC-7E47E73A36,ACC-C2CBD0C8EC,38991.14,UPI,2026-01-31T11:33:25,False,False,
TXN-5827574620,ACC-F56DE0C251,ACC-6F4436A295,24734.71,UPI,2026-07-30T06:54:10,False,False,
TXN-7E517D0246,ACC-162408A040,ACC-42561BAF46,18685.59,NEFT,2026-07-11T04:56:41,False,False,
TXN-BAE931C422,ACC-6E4E1E9D4F,ACC-38251481D0,24642.11,NEFT,2026-06-04T12:30:20,False,False,
TXN-0F6E9A7E98,ACC-420FED7829,ACC-6145DF68ED,28917.93,UPI,2026-07-24T04:12:34,False,False,
TXN-6A9FA1F44A,ACC-852D8A89CD,ACC-867E2E7256,46994.79,UPI,2026-07-15T03:24:30,False,False,
TXN-386414165A,ACC-EDE54FCC92,ACC-EB1B768C42,43047.93,IMPS,2026-06-27T13:22:33,False,False,
TXN-CD2D6D4940,ACC-3254A1CA4E,ACC-E85088220C,26006.62,NEFT,2026-01-04T06:28:01,False,False,
TXN-1918FE0DC2,ACC-8762C82C0F,ACC-63DABB2760,10695.47,UPI,2026-05-07T09:17:06,False,False,
TXN-1C796FB3DA,ACC-0735508F97,ACC-A934D822B8,43119.73,IMPS,2026-08-02T00:58:53,False,False,
TXN-A1DC26CEA3,ACC-3CDEE78BB2,ACC-E46609194C,13616.53,NEFT,2026-05-23T02:39:37,False,False,
TXN-0DA7BCEF11,ACC-62C2B0875E,ACC-F096D4C6E9,21312.36,RTGS,2026-05-25T14:10:38,False,False,
TXN-78E701681E,ACC-05DF6021DB,ACC-7F7EE3CA38,14125.55,IMPS,2026-08-10T21:55:28,False,False,
TXN-081F72AD58,ACC-D6669E7AAC,ACC-AD57584C63,34363.39,UPI,2026-04-15T20:06:28,False,False,
TXN-18D6B74E4F,ACC-0EF9A10310,ACC-D082666A95,21724.49,RTGS,2026-03-18T03:26:29,False,False,
TXN-78CB91B465,ACC-D4B88C7671,ACC-4868E01901,7647.49,UPI,2026-03-10T14:05:56,False,False,
TXN-6717F3673D,ACC-3CA6155674,ACC-061AE2D0D5,6896.69,NEFT,2026-07-08T23:37:44,False,False,
TXN-37E7943D67,ACC-2F8D0B5A25,ACC-16D5DE4BFB,28194.49,UPI,2026-06-04T17:22:29,False,False,
TXN-F1204A71D6,ACC-3C019EF409,ACC-72E364726E,8334.43,IMPS,2026-04-09T18:09:05,False,False,
TXN-C36ECF1317,ACC-542A9CBD37,ACC-5DF531FCA6,4995.83,NEFT,2026-04-11T21:13:25,False,False,
TXN-16D3589C7B,ACC-BC8F7A397C,ACC-6BA07DAEE0,28105.43,NEFT,2026-05-14T15:37:11,False,False,
TXN-8BE7E816EB,ACC-832DB8563C,ACC-C8A8330605,6237.63,IMPS,2026-08-13T00:40:00,False,False,
TXN-21B164162E,ACC-AD57584C63,ACC-19D7F4B97F,32526.72,IMPS,2026-04-21T12:44:44,False,False,
TXN-7E3F81DD3D,ACC-5A59EEED82,ACC-A85ACB75BF,33725.0,RTGS,2026-06-23T13:41:26,False,False,
TXN-938C755F1D,ACC-DCE8AEC782,ACC-65FA99C299,30760.46,RTGS,2026-02-26T06:05:03,False,False,
TXN-C7FB03E32F,ACC-699468409A,ACC-B032E7B84B,40424.31,NEFT,2026-06-13T19:36:52,False,False,
TXN-8909E04F2E,ACC-3084D7D388,ACC-A934D822B8,28667.55,UPI,2026-01-31T17:22:35,False,False,
TXN-C9CE4A655B,ACC-7302298273,ACC-3552A8B7B0,11565.25,NEFT,2026-04-24T03:38:16,False,False,
TXN-5577B74B4D,ACC-9FB7DE9911,ACC-BB43C19BEE,30348.17,RTGS,2026-04-16T08:12:55,False,False,
TXN-C53E6A2DA6,ACC-6D358C6424,ACC-70B8E77906,43167.76,NEFT,2026-08-16T22:29:19,False,False,
TXN-E1177CDBFF,ACC-56BE8634FF,ACC-4AE564720E,20816.66,IMPS,2026-01-09T23:19:04,False,False,
TXN-7A2ADA9EEF,ACC-BFF43FCEEC,ACC-4A6E5CA4CB,11884.43,NEFT,2026-02-01T02:15:26,False,False,
TXN-A7F25DFF16,ACC-AEE8AC8B42,ACC-3EF22AE255,19972.87,UPI,2026-01-25T18:35:17,False,False,
TXN-B39F2D5B41,ACC-6F46916E7E,ACC-1BDE0C98DE,2880.51,RTGS,2026-07-23T11:52:24,False,False,
TXN-7C839DE505,ACC-ABA49273CF,ACC-824E2F1D98,5375.63,IMPS,2026-02-02T17:50:16,False,False,
TXN-2544E74B9B,ACC-65DDB8C5FD,ACC-88A8D95EC3,15606.66,IMPS,2026-04-21T08:42:20,False,False,
TXN-34D0C18691,ACC-445AF8A995,ACC-FC78CBF289,6495.3,IMPS,2026-01-12T02:18:13,False,False,
TXN-73A3D21AA9,ACC-3F63039D0D,ACC-6F4436A295,17970.69,NEFT,2026-07-04T22:05:01,False,False,
TXN-728EF978CF,ACC-A1213A3BAA,ACC-FE85C6E186,46755.91,RTGS,2026-02-22T11:21:43,False,False,
TXN-8E70C04C01,ACC-E0BA6B7C1D,ACC-54B9E3F978,9016.42,RTGS,2026-08-08T00:42:59,False,False,
TXN-55E512586D,ACC-9CAE4D5853,ACC-AEA5766321,32061.37,NEFT,2026-05-15T19:50:35,False,False,
TXN-EF02362DA2,ACC-42561BAF46,ACC-54B9E3F978,11511.0,UPI,2026-06-21T14:26:11,False,False,
TXN-DE952724AC,ACC-FB262F231A,ACC-02C0759379,20727.75,IMPS,2026-04-28T21:30:16,False,False,
TXN-E3B1E1CC07,ACC-5CF210449D,ACC-7E1F4AC50C,26261.15,IMPS,2026-05-14T13:14:23,False,False,
TXN-1C9F803100,ACC-6A47CE5A9F,ACC-B8F764D783,26847.92,RTGS,2026-07-05T06:35:14,False,False,
TXN-080A2C5C67,ACC-4D79601CD5,ACC-B774B2D1BC,38340.29,NEFT,2026-08-20T20:28:41,False,False,
TXN-EE6EF0C8D3,ACC-7B3B8F0BFF,ACC-742872BC2B,27500.97,IMPS,2026-06-09T21:39:23,False,False,
TXN-8380252BBE,ACC-C22170FA88,ACC-D51E8CAB49,19858.65,IMPS,2026-06-01T08:29:02,False,False,
TXN-2124E2B576,ACC-4161640330,ACC-15113E5F76,13296.42,RTGS,2026-04-04T00:52:40,False,False,
TXN-10945CA857,ACC-D82840F1AF,ACC-67E20C7EFE,40037.96,NEFT,2026-04-21T13:22:50,False,False,
TXN-014851B5D7,ACC-4EC4D221E6,ACC-76274A7181,26690.82,NEFT,2026-06-10T08:32:35,False,False,
TXN-E5907DCF2C,ACC-F92FBF16A2,ACC-6EB684699B,9283.88,NEFT,2026-02-12T20:35:44,False,False,
TXN-4B91501662,ACC-47795EDE90,ACC-379E774384,30962.92,NEFT,2026-08-30T20:29:09,False,False,
TXN-704D48DCCB,ACC-AC74C712B4,ACC-F92FBF16A2,16168.06,IMPS,2026-01-20T06:36:15,False,False,
TXN-8C21724CD7,ACC-C77EB75317,ACC-95F0624A85,9459.69,UPI,2026-04-20T13:29:53,False,False,
TXN-8DA10FC0D8,ACC-43F0764A9E,ACC-BFF43FCEEC,35816.76,UPI,2026-04-01T09:57:04,False,False,
TXN-E412AB0803,ACC-E5FF32B83D,ACC-E7014E27E0,933.3,IMPS,2026-05-13T18:51:31,False,False,
TXN-B15CF71AA6,ACC-D4C1048A81,ACC-F7B774FDC5,39329.12,RTGS,2026-05-25T05:40:18,False,False,
TXN-D6A0E21978,ACC-7B9514B58D,ACC-93A4E5AEC0,39612.95,NEFT,2026-02-01T03:44:00,False,False,
TXN-21BCD56D9B,ACC-6145DF68ED,ACC-D4B88C7671,2990.71,RTGS,2026-01-28T17:21:12,False,False,
TXN-3A36E00473,ACC-4086ADBCC7,ACC-CB2D6018FF,9243.87,NEFT,2026-05-29T04:33:33,False,False,
TXN-6E33511686,ACC-8762C82C0F,ACC-3A9523F661,48735.01,IMPS,2026-05-30T10:34:34,False,False,
TXN-B7F3D1CC55,ACC-655E91503F,ACC-445AF8A995,12508.68,UPI,2026-03-19T08:29:27,False,False,
TXN-54DEE8B81A,ACC-C8E71B7947,ACC-AEEECF22FC,38595.6,IMPS,2026-07-03T15:03:12,False,False,
TXN-958C081927,ACC-38A80976AA,ACC-03F034657E,48068.45,NEFT,2026-03-03T14:21:56,False,False,
TXN-4A29576BBF,ACC-5DF531FCA6,ACC-4A6E5CA4CB,2300.86,UPI,2026-04-09T09:02:45,False,False,
TXN-50EE71AF80,ACC-6F305E7DE2,ACC-063B0DF9B6,15080.89,NEFT,2026-01-21T05:29:26,False,False,
TXN-888B7A7994,ACC-5AFE95B7F4,ACC-14300691C9,48669.05,IMPS,2026-06-18T14:40:47,False,False,
TXN-E4CAAC8876,ACC-A85ACB75BF,ACC-9E1489C0CB,8534.55,NEFT,2026-08-16T01:46:11,False,False,
TXN-749C4EDEE5,ACC-01D44AE2F0,ACC-4A7B999733,39499.36,UPI,2026-01-17T07:24:23,False,False,
TXN-1801D32749,ACC-0E693A23A9,ACC-72E364726E,23868.48,IMPS,2026-05-25T05:41:11,False,False,
TXN-768DCDCA7F,ACC-655E91503F,ACC-20C002644B,12586.37,RTGS,2026-02-05T11:55:27,False,False,
TXN-74EE5EEF79,ACC-6428682424,ACC-5EBDC3EF6B,17053.42,UPI,2026-01-24T05:08:40,False,False,
TXN-1BFD37D345,ACC-7E47E73A36,ACC-BDB1ACBE88,7865.14,UPI,2026-02-18T20:47:48,False,False,
TXN-FEF1400B53,ACC-B61E536FF6,ACC-3CA1139AD6,15973.63,NEFT,2026-06-20T09:09:23,False,False,
TXN-4D579662BA,ACC-AD0BCCC4E1,ACC-C6FBBC5DC0,1263.37,RTGS,2026-05-20T02:21:46,False,False,
TXN-6E2B8766F0,ACC-FC1CE0B093,ACC-933DCCC0E8,12684.67,UPI,2026-07-08T11:20:37,False,False,
TXN-60EA1ED427,ACC-2030851CD5,ACC-AAFB6325CE,28039.43,RTGS,2026-03-15T16:50:20,False,False,
TXN-16AD2CEF9D,ACC-997180843F,ACC-814BB3CD63,27272.3,NEFT,2026-07-01T21:45:18,False,False,
TXN-F805803206,ACC-38251481D0,ACC-86858D0E29,45740.81,IMPS,2026-01-27T17:58:34,False,False,
TXN-B56B2A8255,ACC-8572892C25,ACC-C35B9127FF,22579.33,NEFT,2026-07-30T08:08:00,False,False,
TXN-188BA93412,ACC-564DDDA45C,ACC-174B868AF3,235.85,RTGS,2026-03-14T01:18:17,False,False,
TXN-792AE638CE,ACC-CF494D791D,ACC-E8ED755DF3,42870.1,IMPS,2026-05-05T13:05:08,False,False,
TXN-ECA95926A1,ACC-190183B2DC,ACC-C741D6977A,32982.81,RTGS,2026-03-15T17:42:41,False,False,
TXN-055C090DE3,ACC-AEA5766321,ACC-5E8F1BE27B,24977.95,IMPS,2026-08-27T01:56:23,False,False,
TXN-4DB2BB83E1,ACC-892865ECA5,ACC-78063956AD,20608.27,NEFT,2026-02-12T21:36:01,False,False,
TXN-5B3C13A94A,ACC-C9091D07F2,ACC-0E2386D597,33012.77,UPI,2026-02-20T09:35:01,False,False,
TXN-2288BE0778,ACC-DD605CC508,ACC-881DE7EA23,10263.54,RTGS,2026-03-16T09:59:47,False,False,
TXN-6BE834149B,ACC-3C019EF409,ACC-881DE7EA23,28636.41,RTGS,2026-07-10T06:17:19,False,False,
TXN-ACCBA6707E,ACC-0949F0D18E,ACC-800B8EADF0,35125.44,NEFT,2026-01-20T01:30:40,False,False,
TXN-9F4AD85C12,ACC-564DDDA45C,ACC-B8E1238B67,30376.49,UPI,2026-01-06T01:58:16,False,False,
TXN-3BD1F2788E,ACC-CB4AD17DFE,ACC-1DEA054489,24671.99,UPI,2026-07-01T18:37:38,False,False,
TXN-2C49CF0BD4,ACC-48A80C4541,ACC-259A629A07,18174.12,RTGS,2026-05-24T07:58:08,False,False,
TXN-8BF7289C44,ACC-76C65895CF,ACC-9FEDF3D99B,41217.42,NEFT,2026-07-25T10:49:53,False,False,
TXN-FDE8DE5EA8,ACC-B6B4387074,ACC-651117ECCC,3705.33,NEFT,2026-01-31T06:24:37,False,False,
TXN-55410CD043,ACC-ACDADA8CEB,ACC-22C8A8AA60,5036.54,IMPS,2026-07-26T11:26:24,False,False,
TXN-7CA4D65392,ACC-92BA6DED1D,ACC-336CDB3E2E,9817.35,IMPS,2026-08-10T09:02:34,False,False,
TXN-DC5592BB2F,ACC-A25BD37547,ACC-11553C3108,28009.49,RTGS,2026-02-10T23:27:48,False,False,
TXN-45649428DA,ACC-5EF11517C0,ACC-063B0DF9B6,28912.87,RTGS,2026-06-15T20:37:38,False,False,
TXN-58D35F53DD,ACC-25F4E87B68,ACC-3EF22AE255,39664.59,RTGS,2026-07-16T00:04:39,False,False,
TXN-6F42898742,ACC-0A5EE1B113,ACC-F596F82B97,8077.19,RTGS,2026-05-17T19:53:54,False,False,
TXN-59CEDA0B58,ACC-C2DC9694BC,ACC-FB8B45AA08,49574.86,NEFT,2026-05-25T08:40:37,False,False,
TXN-BA653019DE,ACC-805C00B3BA,ACC-67E20C7EFE,31735.39,NEFT,2026-08-25T06:49:25,False,False,
TXN-37AA490203,ACC-3999FEBF46,ACC-831C4BCD37,27372.19,RTGS,2026-08-02T16:35:47,False,False,
TXN-4DA6BAC006,ACC-0165A5DCE4,ACC-F114605CC3,18128.43,RTGS,2026-06-23T19:00:01,False,False,
TXN-FE8AC092A8,ACC-F4366809DC,ACC-7E1F4AC50C,36370.4,NEFT,2026-08-20T08:54:43,False,False,
TXN-0E96BBF1CE,ACC-4E99782B8B,ACC-666B15ED36,6927.27,NEFT,2026-01-03T13:13:33,False,False,
TXN-A54BDDB8A9,ACC-2F8D0B5A25,ACC-420FED7829,10898.18,NEFT,2026-01-09T10:16:17,False,False,
TXN-FEB240C9BD,ACC-FB32091F6D,ACC-4AD834E3C4,41152.41,IMPS,2026-02-06T14:49:11,False,False,
TXN-A527F00E1B,ACC-63C5769D16,ACC-C8E71B7947,17911.66,IMPS,2026-04-13T21:52:07,False,False,
TXN-122F53D755,ACC-564DDDA45C,ACC-C8239DDCE2,12642.87,NEFT,2026-04-27T15:01:17,False,False,
TXN-18FF359625,ACC-4AC34A3CF5,ACC-4536A10727,20109.95,IMPS,2026-01-30T23:34:14,False,False,
TXN-48B25AF114,ACC-73068A09D2,ACC-A85ACB75BF,39686.63,IMPS,2026-07-09T15:03:57,False,False,
TXN-54865EEC3D,ACC-4AD834E3C4,ACC-8EAC86435A,28896.38,UPI,2026-08-20T03:57:24,False,False,
TXN-C3E0222E42,ACC-9FCC7D1426,ACC-2F8D0B5A25,2061.11,RTGS,2026-01-31T11:27:44,False,False,
TXN-0EEA403C9D,ACC-D7D4D11CC0,ACC-78508EE723,46109.2,NEFT,2026-05-16T02:56:40,False,False,
TXN-815A44193B,ACC-B0650C64D9,ACC-6E3E268136,46526.25,UPI,2026-03-30T01:09:42,False,False,
TXN-DCC769141E,ACC-CA0071ADF6,ACC-216468EA2A,42504.01,UPI,2026-05-29T13:02:12,False,False,
TXN-377FC4F826,ACC-9A82A8F408,ACC-707D020FFD,26314.29,NEFT,2026-07-29T16:30:35,False,False,
TXN-51BEC6CFBC,ACC-76445D988C,ACC-D7879A2627,16476.22,IMPS,2026-03-01T11:54:14,False,False,
TXN-8DF9504426,ACC-DB4F4EEE3B,ACC-AAC03853A0,36632.61,RTGS,2026-06-23T01:26:39,False,False,
TXN-D89D65450E,ACC-71321C26BF,ACC-D6689B88F1,28847.69,UPI,2026-03-28T05:59:17,False,False,
TXN-2D9739D0F3,ACC-F2A8694245,ACC-A27D9889F7,39361.14,IMPS,2026-02-21T08:05:28,False,False,
TXN-0EF90347AB,ACC-99EE9C11B6,ACC-AA6D5EBBA7,23897.56,UPI,2026-08-01T21:09:02,False,False,
TXN-641AE97355,ACC-62606F5DC1,ACC-01947BC03F,4436.93,RTGS,2026-02-20T15:11:04,False,False,
TXN-0E9DD76B10,ACC-5B113A2100,ACC-839BC026ED,24149.94,IMPS,2026-07-09T11:11:42,False,False,
TXN-B9E4083F0C,ACC-750B08D60C,ACC-A080E0B4CA,28652.27,IMPS,2026-04-05T02:32:25,False,False,
TXN-182ED7E96E,ACC-D0AE8D3A4E,ACC-7EDF6E2936,38883.24,NEFT,2026-08-12T16:52:44,False,False,
TXN-337480FC8F,ACC-20C002644B,ACC-790F45837C,33653.03,RTGS,2026-05-22T20:32:28,False,False,
TXN-731874F614,ACC-767782128C,ACC-28D29824EF,16172.77,UPI,2026-04-29T09:07:03,False,False,
TXN-5A8501061A,ACC-DF69D91010,ACC-1CCF766288,30887.81,RTGS,2026-02-26T15:07:36,False,False,
TXN-CB2B193769,ACC-DBA678DC6E,ACC-546990EA97,46225.82,IMPS,2026-03-19T13:12:03,False,False,
TXN-44459C5BA5,ACC-B3C08E3167,ACC-C17DF81397,7968.36,UPI,2026-02-13T15:22:49,False,False,
TXN-C12529D6A5,ACC-13A8DBBE7A,ACC-9A82A8F408,12303.81,IMPS,2026-04-22T17:25:09,False,False,
TXN-5601B43056,ACC-8F1BE8A8CB,ACC-3552A8B7B0,34751.0,UPI,2026-04-29T11:54:22,False,False,
TXN-1F2DB03943,ACC-8F67E176FD,ACC-B727761BBE,1332.86,IMPS,2026-07-28T22:34:27,False,False,
TXN-58F0C9D056,ACC-E273084685,ACC-866F9BCA0B,27411.93,NEFT,2026-08-02T03:11:14,False,False,
TXN-5B49772688,ACC-E459DE3C78,ACC-FD43157213,36550.19,IMPS,2026-01-08T03:23:36,False,False,
TXN-EFF0222731,ACC-765C988E8A,ACC-C8239DDCE2,45320.81,UPI,2026-04-10T05:01:32,False,False,
TXN-0F38113080,ACC-130E527A8D,ACC-FBE8498AA0,14343.87,NEFT,2026-01-21T14:47:25,False,False,
TXN-9B36DD3052,ACC-5D3857F4E3,ACC-65DDB8C5FD,47269.79,UPI,2026-05-31T22:26:07,False,False,
TXN-FFA9696446,ACC-BD293A9B4B,ACC-B7766CF1A1,33216.49,NEFT,2026-02-11T21:37:15,False,False,
TXN-38222B68D8,ACC-CF494D791D,ACC-D7608B7F05,43397.04,RTGS,2026-03-31T18:38:51,False,False,
TXN-DDE811CC6C,ACC-A0AF725079,ACC-246DDFB129,48835.27,UPI,2026-05-03T12:15:45,False,False,
TXN-5E4374DA0F,ACC-0B9FA22C53,ACC-BF751C37BF,26671.72,IMPS,2026-03-19T05:39:04,False,False,
TXN-39B8CAC938,ACC-71B3F3476E,ACC-98518C4C77,28122.24,UPI,2026-01-16T10:31:09,False,False,
TXN-44B1751037,ACC-55BDA24043,ACC-5E6280B7EB,15385.39,RTGS,2026-06-02T18:45:07,False,False,
TXN-35C851BBDA,ACC-0165A5DCE4,ACC-D0A2372515,1114.94,NEFT,2026-05-19T00:21:51,False,False,
TXN-B1B5BDD3CD,ACC-A25BD37547,ACC-5A1EE3F0E9,11963.0,NEFT,2026-01-25T01:58:20,False,False,
TXN-D1610E582C,ACC-A25BD37547,ACC-0E17B2F62E,43958.13,UPI,2026-08-04T12:24:34,False,False,
TXN-A9B8032123,ACC-FE620C98BD,ACC-0F9E6E857D,7755.07,RTGS,2026-02-23T07:21:44,False,False,
TXN-8B32D3D466,ACC-AC6E983ECA,ACC-D2850455D3,19233.91,IMPS,2026-06-12T01:49:43,False,False,
TXN-1A1AB88A80,ACC-3999FEBF46,ACC-72C44271E7,7806.91,NEFT,2026-08-24T02:26:49,False,False,
TXN-81877ED65C,ACC-0CC0CED010,ACC-F3BE1B6D2F,27203.24,IMPS,2026-02-23T19:37:36,False,False,
TXN-A77AA71325,ACC-070D19C553,ACC-3E4E52E0F7,34265.62,IMPS,2026-02-23T15:16:30,False,False,
TXN-E65E12E828,ACC-39C9248263,ACC-8663F4CB7F,35315.79,IMPS,2026-06-17T00:29:23,False,False,
TXN-6BC7D7E9BF,ACC-D6B7EC030A,ACC-6E9CCAA402,32880.34,IMPS,2026-05-04T07:16:45,False,False,
TXN-C569E06212,ACC-6082943E35,ACC-B0438D56AA,26741.49,UPI,2026-03-13T12:15:52,False,False,
TXN-D02835DA5D,ACC-8D2B37E15B,ACC-D4B88C7671,36408.56,NEFT,2026-06-10T19:08:02,False,False,
TXN-D9615513B4,ACC-C8A8330605,ACC-8BDC85DDB6,22261.62,NEFT,2026-03-01T00:20:32,False,False,
TXN-6AEA91BD65,ACC-9BF20630BA,ACC-F92FBF16A2,5517.22,IMPS,2026-01-11T04:11:06,False,False,
TXN-5C9F9BEB91,ACC-5B113A2100,ACC-A7BEAC881D,30923.94,IMPS,2026-08-20T14:29:04,False,False,
TXN-604FAED5FA,ACC-1EB891BCE8,ACC-7B3B8F0BFF,34431.42,NEFT,2026-01-31T20:45:52,False,False,
TXN-9A2A195083,ACC-2847A7188C,ACC-D7D4D11CC0,23934.79,RTGS,2026-05-26T05:33:15,False,False,
TXN-E98EFDC831,ACC-62C2B0875E,ACC-DC86F134B4,24673.99,IMPS,2026-03-05T14:35:58,False,False,
TXN-A57E7D5581,ACC-C6FBBC5DC0,ACC-14BB7A2CD6,1805.03,UPI,2026-04-15T19:15:55,False,False,
TXN-C3A64A98AC,ACC-805C00B3BA,ACC-420FED7829,37169.86,IMPS,2026-03-21T10:39:25,False,False,
TXN-6B1B6A5667,ACC-2491C47775,ACC-7A16E4EF27,46369.74,RTGS,2026-08-28T15:24:36,False,False,
TXN-34355D4618,ACC-C2B46B24FC,ACC-2847A7188C,16379.8,RTGS,2026-04-06T20:11:31,False,False,
TXN-6659FA6576,ACC-7883394F1B,ACC-ADEE22EAB1,38855.49,RTGS,2026-05-02T12:24:57,False,False,
TXN-D9DF169F11,ACC-EB1B768C42,ACC-A7BEAC881D,46969.13,UPI,2026-07-22T04:48:04,False,False,
TXN-9F2EC6946D,ACC-64AB233688,ACC-FE70458486,22953.64,UPI,2026-04-06T10:17:30,False,False,
TXN-3FBDA6036F,ACC-22C8A8AA60,ACC-EAE932E25B,19901.44,UPI,2026-08-05T14:08:58,False,False,
TXN-74E72C78BD,ACC-DC86F134B4,ACC-08756AA444,38304.96,UPI,2026-03-15T17:32:00,False,False,
TXN-ECBE07FEEA,ACC-2C977634DF,ACC-907F3585BC,20022.39,NEFT,2026-04-22T00:55:01,False,False,
TXN-A94C729249,ACC-F48B1C477F,ACC-3EF22AE255,21238.62,UPI,2026-07-20T18:30:22,False,False,
TXN-6AAA8D108E,ACC-FB8C719E6E,ACC-7B9514B58D,41528.7,RTGS,2026-02-05T02:58:09,False,False,
TXN-9891FA3E22,ACC-EB4D2BF02E,ACC-71B3F3476E,5835.94,IMPS,2026-06-02T15:38:50,False,False,
TXN-B59AC15701,ACC-735C11E982,ACC-744D8EC3A9,22654.12,IMPS,2026-06-26T04:36:39,False,False,
TXN-BFA0B2F276,ACC-02F5E7CB8F,ACC-E2A3133D65,44810.59,RTGS,2026-02-05T00:32:07,False,False,
TXN-34C58213EC,ACC-16D5DE4BFB,ACC-744D8EC3A9,34647.53,IMPS,2026-02-17T23:30:56,False,False,
TXN-A5906D28D9,ACC-52E3C5EE3A,ACC-AA2B7C2290,35370.09,NEFT,2026-02-03T03:06:52,False,False,
TXN-04BEB45728,ACC-AEA5766321,ACC-D672496BB9,19327.55,IMPS,2026-05-28T01:32:26,False,False,
TXN-5C3C16F9EA,ACC-FB8B45AA08,ACC-A0AF725079,2386.52,IMPS,2026-05-11T04:13:35,False,False,
TXN-1A18B33CF5,ACC-180C85B69F,ACC-DCADBBE396,43161.09,IMPS,2026-02-26T03:50:18,False,False,
TXN-97DEBC99AE,ACC-11553C3108,ACC-5BA2323BCA,35659.96,RTGS,2026-04-30T15:20:52,False,False,
TXN-311CBC9474,ACC-39C9248263,ACC-D2850455D3,38477.8,RTGS,2026-04-23T03:37:46,False,False,
TXN-930D99B169,ACC-FC78CBF289,ACC-C4F1C92E12,6054.19,IMPS,2026-03-20T18:42:53,False,False,
TXN-E9411A42C4,ACC-A7A8933842,ACC-FD43157213,38316.71,UPI,2026-06-28T02:51:33,False,False,
TXN-D0367BBCAF,ACC-3C93F1616E,ACC-F096D4C6E9,27266.36,UPI,2026-08-25T02:49:15,False,False,
TXN-8B125D83D2,ACC-815F9190D9,ACC-1D7B8F9113,11000.32,RTGS,2026-06-26T05:08:57,False,False,
TXN-FC9D46882F,ACC-02C5001F94,ACC-C0D660E6FD,4154.36,UPI,2026-04-06T00:53:31,False,False,
TXN-F731125059,ACC-2F6B718C23,ACC-016ED7C075,31064.35,IMPS,2026-01-19T23:57:22,False,False,
TXN-468B22B061,ACC-2B11DEC838,ACC-0633630EE6,2942.18,NEFT,2026-01-15T06:15:54,False,False,
TXN-DD8CE9118B,ACC-6E9CCAA402,ACC-8F71C06043,33416.43,NEFT,2026-05-09T14:10:44,False,False,
TXN-5AD895E9AD,ACC-AC6E983ECA,ACC-8EB3CAD19A,5622.6,IMPS,2026-03-04T15:45:11,False,False,
TXN-D9EDD5B191,ACC-91579CCF81,ACC-6364A8BD24,30632.27,IMPS,2026-06-26T20:03:22,False,False,
TXN-48892ACAF4,ACC-2D8F981E06,ACC-21AD94C61E,18137.39,UPI,2026-02-06T03:59:59,False,False,
TXN-ACC0CEB1A2,ACC-12D1954EB8,ACC-4D79601CD5,16276.53,RTGS,2026-01-27T06:41:56,False,False,
TXN-8780F60FA7,ACC-E735F42522,ACC-7883394F1B,42196.82,UPI,2026-04-24T17:23:55,False,False,
TXN-53E7D38B23,ACC-B727761BBE,ACC-933DCCC0E8,6276.76,NEFT,2026-05-08T20:26:45,False,False,
TXN-1CFB72ABC1,ACC-67DD07E5DE,ACC-735C11E982,26327.38,IMPS,2026-08-26T16:45:15,False,False,
TXN-054E71DABB,ACC-9FEDF3D99B,ACC-64AB233688,28654.08,UPI,2026-07-07T20:03:56,False,False,
TXN-05196E517F,ACC-FC1CE0B093,ACC-8663F4CB7F,30317.95,NEFT,2026-06-15T20:25:41,False,False,
TXN-927479C511,ACC-A86A8F2CEF,ACC-4E192E264E,13131.07,NEFT,2026-02-20T09:00:50,False,False,
TXN-F58EAF6252,ACC-ABF55A14B6,ACC-831C4BCD37,24920.57,RTGS,2026-07-11T06:28:27,False,False,
TXN-A63A563DB6,ACC-FE98868FCE,ACC-B982011985,11789.54,NEFT,2026-03-17T04:04:02,False,False,
TXN-92649FC1E7,ACC-0F76706FB1,ACC-41740025DD,1394.54,UPI,2026-03-22T12:27:48,False,False,
TXN-D2F02AE812,ACC-11B514782C,ACC-31FE231B1B,20819.25,NEFT,2026-05-16T18:58:28,False,False,
TXN-592A57641E,ACC-7CDA84AC00,ACC-47795EDE90,10774.43,IMPS,2026-04-20T08:57:04,False,False,
TXN-488C0CBBD4,ACC-F114605CC3,ACC-6082943E35,15527.07,NEFT,2026-01-03T09:08:51,False,False,
TXN-EB0EF5D63A,ACC-AA2B7C2290,ACC-6428682424,16797.49,RTGS,2026-08-09T22:43:59,False,False,
TXN-C52D072920,ACC-11B514782C,ACC-9348003ED1,41635.73,IMPS,2026-05-09T08:37:17,False,False,
TXN-F203C01D05,ACC-C4BFC0E03A,ACC-91579CCF81,24059.59,RTGS,2026-01-14T19:25:36,False,False,
TXN-D5EB57465D,ACC-DB242399C2,ACC-C37F861391,24178.48,RTGS,2026-07-28T12:54:00,False,False,
TXN-05908CB5E4,ACC-27BAF0D834,ACC-8CA8143342,39242.65,RTGS,2026-01-22T18:09:55,False,False,
TXN-DADD948EBE,ACC-56BE8634FF,ACC-4D79601CD5,28334.14,NEFT,2026-08-04T14:37:35,False,False,
TXN-340267AAA1,ACC-7F0DBD2FAA,ACC-CF494D791D,10571.47,NEFT,2026-05-18T07:44:57,False,False,
TXN-66071E7B2D,ACC-2491C47775,ACC-637F34A9D9,14166.91,UPI,2026-05-12T17:07:46,False,False,
TXN-A179FCE538,ACC-4C3E73EFA6,ACC-FC78CBF289,26806.8,IMPS,2026-08-10T17:56:04,False,False,
TXN-1C2F0DF114,ACC-F2C2B527B9,ACC-38A80976AA,9531.47,UPI,2026-04-30T17:23:27,False,False,
TXN-7C741664AC,ACC-4D6FD21437,ACC-C2DC9694BC,35550.03,NEFT,2026-06-10T17:32:38,False,False,
TXN-1B31E09CF2,ACC-3C0BFA4E3C,ACC-24F522F2BC,43877.03,NEFT,2026-06-25T12:04:20,False,False,
TXN-38130158F1,ACC-5A1EE3F0E9,ACC-ACDADA8CEB,26350.0,IMPS,2026-02-13T14:04:16,False,False,
TXN-79CCE85BA0,ACC-40CE764DEC,ACC-63C5769D16,38933.96,UPI,2026-06-22T08:16:27,False,False,
TXN-8DEEB798B6,ACC-C56EE285EE,ACC-1BB80E9374,39991.46,IMPS,2026-03-15T20:54:04,False,False,
TXN-646D65679E,ACC-4CDAB72A3B,ACC-8E21016DF3,36675.57,NEFT,2026-05-08T03:00:39,False,False,
TXN-B5E2B87EF7,ACC-7F97DE3607,ACC-5BA2323BCA,43615.59,IMPS,2026-03-21T16:28:56,False,False,
TXN-75A70EF026,ACC-FC1CE0B093,ACC-CFE43AA132,23076.55,UPI,2026-01-02T14:18:24,False,False,
TXN-F76B6A3F17,ACC-BD4A668900,ACC-546990EA97,34415.21,UPI,2026-05-10T10:29:08,False,False,
TXN-402EAEDB2A,ACC-A1213A3BAA,ACC-FAAF574CBF,5334.52,NEFT,2026-01-09T17:31:52,False,False,
TXN-FCB5724903,ACC-FE101774C0,ACC-E735F42522,15744.72,IMPS,2026-05-05T14:49:18,False,False,
TXN-376F1FB71E,ACC-2FFF4B263F,ACC-C6FBBC5DC0,14471.06,NEFT,2026-06-21T07:29:44,False,False,
TXN-DDE5F029C0,ACC-89971B1940,ACC-1A158E2B39,13778.18,IMPS,2026-04-17T06:28:50,False,False,
TXN-CFDF643887,ACC-4D95CE3389,ACC-9E1489C0CB,47923.24,UPI,2026-03-22T05:26:26,False,False,
TXN-F2A1768648,ACC-528E2FBFFC,ACC-1CCF766288,27558.41,NEFT,2026-02-24T23:24:18,False,False,
TXN-0B23850DFF,ACC-2FE4F9E6DB,ACC-4FE08D8EDF,28789.33,IMPS,2026-01-28T16:01:54,False,False,
TXN-C6B30DD8B4,ACC-BD4A668900,ACC-A934D822B8,44633.71,RTGS,2026-01-20T16:48:08,False,False,
TXN-967F3D694E,ACC-ADDBD37CDA,ACC-9348003ED1,23642.63,UPI,2026-02-11T03:18:37,False,False,
TXN-6E12CE5156,ACC-303DA6A399,ACC-9A82A8F408,4488.76,RTGS,2026-03-11T12:14:32,False,False,
TXN-D2972C7D96,ACC-2FE4F9E6DB,ACC-A7035C201C,44585.54,RTGS,2026-08-28T08:28:31,False,False,
TXN-97BF425F89,ACC-7E47E73A36,ACC-F7B774FDC5,16750.14,IMPS,2026-07-27T04:26:23,False,False,
TXN-04860C9D14,ACC-DCE8AEC782,ACC-27F3C98FB7,38268.53,IMPS,2026-02-06T02:02:29,False,False,
TXN-3D22F9E6E0,ACC-E85088220C,ACC-F4704FE65D,5043.7,NEFT,2026-06-30T17:48:37,False,False,
TXN-68E2F9EC11,ACC-CB2D6018FF,ACC-1EB891BCE8,47382.92,IMPS,2026-08-28T14:19:01,False,False,
TXN-59A03E6E34,ACC-9912037D7A,ACC-F957DD43AC,19725.43,NEFT,2026-05-07T02:59:33,False,False,
TXN-B055CC6D0C,ACC-174B868AF3,ACC-B61E536FF6,1707.15,RTGS,2026-02-13T20:11:01,False,False,
TXN-321D6A2625,ACC-37B3A93D4F,ACC-640FAAC1A6,23169.84,IMPS,2026-04-20T14:49:45,False,False,
TXN-72AC1190D9,ACC-12D1954EB8,ACC-767782128C,30301.12,IMPS,2026-07-17T06:26:02,False,False,
TXN-7C1689FE94,ACC-B314ABEA6F,ACC-3F1332028A,40914.13,UPI,2026-05-07T13:19:33,False,False,
TXN-746A74D809,ACC-4D54803324,ACC-19D7F4B97F,3732.01,NEFT,2026-07-26T21:32:54,False,False,
TXN-C99DA9DC24,ACC-F48B1C477F,ACC-7F7EE3CA38,29608.69,IMPS,2026-08-30T02:58:22,False,False,
TXN-188955FE93,ACC-A04FEE425F,ACC-1BDE0C98DE,8119.21,RTGS,2026-05-30T01:25:43,False,False,
TXN-1655C9326D,ACC-2491C47775,ACC-4CDAB72A3B,10570.26,RTGS,2026-06-19T01:47:26,False,False,
TXN-55EA84E09D,ACC-997180843F,ACC-FD09B22B95,27317.44,IMPS,2026-03-09T05:16:24,False,False,
TXN-D2DBBD79D8,ACC-C00F471205,ACC-6E8E5F6E2C,4079.14,RTGS,2026-02-14T09:33:58,False,False,
TXN-F0E17E1797,ACC-C5D2B7C89F,ACC-A7035C201C,23252.84,UPI,2026-06-22T21:42:57,False,False,
TXN-5C36EE9A1B,ACC-9F3F8647A9,ACC-FB262F231A,47803.0,UPI,2026-08-21T08:10:47,False,False,
TXN-821C256E80,ACC-64AB233688,ACC-B3C08E3167,40740.52,RTGS,2026-05-08T03:39:57,False,False,
TXN-90D7E6C799,ACC-FEFD474107,ACC-BDB1ACBE88,33076.2,UPI,2026-03-26T12:17:19,False,False,
TXN-78E1C532BE,ACC-A0826D22AE,ACC-070D19C553,45182.15,UPI,2026-02-26T23:34:45,False,False,
TXN-508466F420,ACC-BD293A9B4B,ACC-637F34A9D9,22758.13,NEFT,2026-06-01T10:54:06,False,False,
TXN-B58BD14EF1,ACC-11B514782C,ACC-FE101774C0,22468.56,IMPS,2026-05-03T22:54:16,False,False,
TXN-A5BD47AC4F,ACC-4D79601CD5,ACC-BF9CB7E353,39758.46,NEFT,2026-06-18T19:56:58,False,False,
TXN-700E5140F1,ACC-FFC9D0FFD3,ACC-A34D67F943,49516.4,UPI,2026-08-26T11:30:24,False,False,
TXN-D6A0E12187,ACC-62AE8DB4D8,ACC-82303C3115,42412.31,NEFT,2026-01-25T05:42:30,False,False,
TXN-0AF4188438,ACC-4779286848,ACC-420560F7DA,48401.4,UPI,2026-08-06T11:51:37,False,False,
TXN-47909074A9,ACC-CEEC7AB2F4,ACC-C7640E1436,43090.14,UPI,2026-04-02T08:36:23,False,False,
TXN-2359E3877E,ACC-F2A8694245,ACC-8EAC86435A,29590.16,NEFT,2026-05-29T15:51:28,False,False,
TXN-021DFCAF5D,ACC-3F1332028A,ACC-65FA99C299,21872.46,IMPS,2026-03-09T08:17:57,False,False,
TXN-FBDDDFDB8A,ACC-F480D3981E,ACC-A0826D22AE,9573.7,RTGS,2026-05-20T22:07:35,False,False,
TXN-F49021488C,ACC-CB0B0E032C,ACC-97177103D0,14565.85,IMPS,2026-02-22T03:33:23,False,False,
TXN-6C5A1AF1CD,ACC-32FCC8C65C,ACC-D0AE8D3A4E,32489.78,IMPS,2026-07-09T00:23:06,False,False,
TXN-25FA9FAC50,ACC-F596F82B97,ACC-D51E8CAB49,48753.76,IMPS,2026-02-02T21:07:13,False,False,
TXN-65937A47E7,ACC-8F943FF21B,ACC-9FCC7D1426,40335.89,RTGS,2026-08-23T17:41:28,False,False,
TXN-D1D740D189,ACC-2B7C24EF20,ACC-800B8EADF0,9153.91,RTGS,2026-08-03T09:28:45,False,False,
TXN-D23AB88594,ACC-8F67E176FD,ACC-6AA0A9180D,17894.3,IMPS,2026-06-14T23:09:38,False,False,
TXN-1567410523,ACC-D843FAA512,ACC-742872BC2B,28981.34,IMPS,2026-07-14T20:27:05,False,False,
TXN-6CF4884877,ACC-43F0764A9E,ACC-F3D06559F3,46342.91,NEFT,2026-01-13T23:53:14,False,False,
TXN-89259AA835,ACC-63C5769D16,ACC-31C7C84AB6,24266.75,NEFT,2026-02-13T22:46:06,False,False,
TXN-234B9ECA3C,ACC-070D19C553,ACC-42561BAF46,48094.54,UPI,2026-02-25T04:21:04,False,False,
TXN-CEF05B97F4,ACC-D2850455D3,ACC-8ADBC4AE0B,26415.12,NEFT,2026-06-30T13:31:14,False,False,
TXN-F3411DCC11,ACC-D82840F1AF,ACC-DCE8AEC782,26263.17,UPI,2026-04-06T05:43:17,False,False,
TXN-857E79B23A,ACC-BC8E32E08B,ACC-DB74204A77,37135.97,UPI,2026-07-29T09:40:56,False,False,
TXN-D3DDF2DF2A,ACC-A930381713,ACC-F7B774FDC5,30729.35,NEFT,2026-07-27T18:52:17,False,False,
TXN-C5350839BA,ACC-9BF20630BA,ACC-32FCC8C65C,23549.67,RTGS,2026-08-11T21:44:39,False,False,
TXN-92B345C45B,ACC-651117ECCC,ACC-76B304AAAA,21166.6,NEFT,2026-04-23T07:37:05,False,False,
TXN-14E9C33D2F,ACC-699468409A,ACC-5DAE621EB3,34813.55,NEFT,2026-08-07T22:07:23,False,False,
TXN-3FDDD4AEC8,ACC-24278E82A3,ACC-259A629A07,31539.14,IMPS,2026-08-11T11:26:31,False,False,
TXN-0E5E667D82,ACC-AA7A8B94C0,ACC-B530B7482A,49520.17,UPI,2026-04-22T09:18:56,False,False,
TXN-B1D9101371,ACC-0B9FA22C53,ACC-AA6D5EBBA7,6515.7,UPI,2026-04-18T21:44:18,False,False,
TXN-DBFE17A181,ACC-15A2BC1592,ACC-21D44CE318,30866.73,NEFT,2026-04-10T19:00:03,False,False,
TXN-C075CF94FC,ACC-8F1BE8A8CB,ACC-F79E5B6E30,5755.16,IMPS,2026-08-18T19:41:50,False,False,
TXN-410B3DB0F6,ACC-4868E01901,ACC-E7014E27E0,33025.95,NEFT,2026-03-10T02:50:26,False,False,
TXN-1D586A8B89,ACC-9ACE70AC5F,ACC-08463BBB0C,11962.55,IMPS,2026-07-24T19:37:13,False,False,
TXN-7CD1C2E168,ACC-8F71C06043,ACC-3552A8B7B0,49206.77,IMPS,2026-08-20T06:52:23,False,False,
TXN-96C754705E,ACC-97177103D0,ACC-D5B4E47CC4,37687.51,RTGS,2026-05-29T19:22:30,False,False,
TXN-D563377C31,ACC-1D7B8F9113,ACC-BD293A9B4B,22121.21,IMPS,2026-03-23T21:19:38,False,False,
TXN-E2CE71396F,ACC-FE101774C0,ACC-651117ECCC,42123.29,UPI,2026-04-13T16:20:40,False,False,
TXN-2FD6A9E034,ACC-27F3C98FB7,ACC-2E794F15F7,2815.66,RTGS,2026-06-04T20:34:15,False,False,
TXN-85FB78589A,ACC-542A9CBD37,ACC-7ACEB00C1E,23918.06,IMPS,2026-05-28T11:59:59,False,False,
TXN-7263073249,ACC-5E8F1BE27B,ACC-4D6FD21437,19625.51,NEFT,2026-02-26T08:53:40,False,False,
TXN-8AA242A5B2,ACC-8572892C25,ACC-9CAE4D5853,790.78,RTGS,2026-05-29T08:32:10,False,False,
TXN-9278C4C0A5,ACC-1E527431C0,ACC-6AC42DA33C,48095.78,UPI,2026-02-07T19:30:04,False,False,
TXN-45E332A850,ACC-639FF4E37D,ACC-47795EDE90,17820.64,RTGS,2026-08-26T02:08:16,False,False,
TXN-5A629DD9EB,ACC-A080E0B4CA,ACC-134110EB77,16881.38,NEFT,2026-02-08T04:00:21,False,False,
TXN-9E5D2347E1,ACC-D495744B0B,ACC-65DDB8C5FD,29292.01,RTGS,2026-04-04T21:42:39,False,False,
TXN-AD1159E579,ACC-651117ECCC,ACC-91579CCF81,29518.47,IMPS,2026-07-21T22:18:24,False,False,
TXN-CCE18B7B2E,ACC-0A5EE1B113,ACC-44E03E54BF,34575.86,IMPS,2026-05-02T15:53:11,False,False,
TXN-801A93CC63,ACC-2F6B718C23,ACC-5CF210449D,33705.53,UPI,2026-01-05T15:29:18,False,False,
TXN-0339A0067D,ACC-C8A8330605,ACC-C2AEE47C4B,26358.16,RTGS,2026-05-17T12:22:13,False,False,
TXN-B58D18C738,ACC-B7823C27D8,ACC-5BF5891FE1,14308.19,IMPS,2026-01-14T05:17:32,False,False,
TXN-FEB284C53F,ACC-40E0FD9381,ACC-E8ED755DF3,4778.68,IMPS,2026-08-21T18:40:22,False,False,
TXN-2512B1C3BD,ACC-063B0DF9B6,ACC-3A9523F661,35462.14,UPI,2026-02-03T13:10:45,False,False,
TXN-84F7502C96,ACC-D843FAA512,ACC-ADDBD37CDA,18922.73,IMPS,2026-02-13T01:09:03,False,False,
TXN-20DFEABE7D,ACC-29D2E7CBB1,ACC-62C2B0875E,12816.12,RTGS,2026-01-30T09:42:26,False,False,
TXN-6532450627,ACC-48A80C4541,ACC-174B868AF3,46150.23,NEFT,2026-06-15T19:46:25,False,False,
TXN-182824C6D6,ACC-7C2A155650,ACC-7BC373E0D3,38540.05,NEFT,2026-04-10T22:33:03,False,False,
TXN-037083129F,ACC-7302298273,ACC-70B8E77906,3885.05,UPI,2026-05-29T15:56:43,False,False,
TXN-C44F04A768,ACC-CB3F05F503,ACC-C06C86F552,49798.74,NEFT,2026-04-13T18:51:18,False,False,
TXN-6D82B212E0,ACC-DD605CC508,ACC-DBA678DC6E,3656.04,IMPS,2026-08-26T00:25:33,False,False,
TXN-CDA196C5F5,ACC-F94199C495,ACC-DD605CC508,32345.06,UPI,2026-02-25T20:59:23,False,False,
TXN-7DE9D2B9DB,ACC-FE85C6E186,ACC-5BA2323BCA,21676.43,UPI,2026-06-21T11:50:23,False,False,
TXN-EFC39C0DF1,ACC-6B7FC0B72D,ACC-4CC2D08CE6,5343.7,UPI,2026-01-28T08:17:25,False,False,
TXN-8ECF9CD6D2,ACC-78A16E7E25,ACC-4A6E5CA4CB,12679.7,RTGS,2026-01-08T06:54:01,False,False,
TXN-E0B4A9CC9C,ACC-3C93F1616E,ACC-637F34A9D9,32712.69,UPI,2026-01-15T16:39:13,False,False,
TXN-FC93FDCEEE,ACC-3BC75DF505,ACC-88A8D95EC3,13468.54,NEFT,2026-06-01T23:27:48,False,False,
TXN-7242CDCB9A,ACC-6E4E1E9D4F,ACC-A7A8933842,25866.07,RTGS,2026-07-05T16:34:56,False,False,
TXN-9214BF450E,ACC-2E4FEC1EA8,ACC-82303C3115,42233.65,UPI,2026-07-29T18:21:52,False,False,
TXN-45805D8E00,ACC-14BB7A2CD6,ACC-A7A8933842,19344.31,RTGS,2026-02-17T01:41:59,False,False,
TXN-FD52A6ED08,ACC-997180843F,ACC-7F0DBD2FAA,46765.1,NEFT,2026-05-10T11:53:00,False,False,
TXN-4BD7664576,ACC-364CCC95E8,ACC-8BDC85DDB6,20150.62,UPI,2026-05-22T21:21:31,False,False,
TXN-4F05FD4D4F,ACC-C77EB75317,ACC-4CDAB72A3B,4206.75,RTGS,2026-04-23T14:36:38,False,False,
TXN-72406C29B5,ACC-9775561CCA,ACC-2615FB9091,8995.59,UPI,2026-05-30T04:39:53,False,False,
TXN-B1CAE38003,ACC-BD293A9B4B,ACC-28D29824EF,15083.74,RTGS,2026-02-11T11:09:00,False,False,
TXN-290D5A1CF7,ACC-DB74204A77,ACC-8663F4CB7F,18091.2,UPI,2026-06-20T02:18:15,False,False,
TXN-939FC1C66E,ACC-AEEECF22FC,ACC-336CDB3E2E,7169.16,IMPS,2026-01-10T20:24:54,False,False,
TXN-DCA820A882,ACC-575D2A535F,ACC-F18365684C,12076.56,RTGS,2026-01-25T11:08:01,False,False,
TXN-5F4063E1B0,ACC-FE85C6E186,ACC-0BBFA7333B,15525.0,RTGS,2026-01-07T09:01:46,False,False,
TXN-023941CBF1,ACC-CFE43AA132,ACC-14622DF05B,2991.51,UPI,2026-06-07T11:36:25,False,False,
TXN-D91FA10069,ACC-41740025DD,ACC-E273084685,40393.76,RTGS,2026-07-28T09:06:52,False,False,
TXN-42A6760485,ACC-637F34A9D9,ACC-284AA105A8,29051.42,UPI,2026-01-15T07:43:29,False,False,
TXN-6E88E5C86F,ACC-4699D54DC3,ACC-47E287D902,24546.96,UPI,2026-07-03T00:05:07,False,False,
TXN-16AD20291D,ACC-5EBDC3EF6B,ACC-7065A81A34,12285.59,IMPS,2026-01-06T13:53:36,False,False,
TXN-301CF8D3A9,ACC-296A1F7971,ACC-4283D26207,2687.91,NEFT,2026-02-07T18:49:45,False,False,
TXN-07C1BE0463,ACC-B4EF26F30C,ACC-8F9C68EB8C,8700.33,UPI,2026-02-11T07:04:43,False,False,
TXN-C7C4745850,ACC-AA2B7C2290,ACC-3C93F1616E,29829.87,IMPS,2026-01-25T12:13:43,False,False,
TXN-BEF71420B2,ACC-2615FB9091,ACC-73A9A3591F,16999.69,RTGS,2026-05-06T22:05:19,False,False,
TXN-8878C28CDD,ACC-3254A1CA4E,ACC-447F620CDE,28883.16,IMPS,2026-05-05T21:26:05,False,False,
TXN-C8FD1B3937,ACC-0BE5BCC8A0,ACC-67E20C7EFE,2470.21,IMPS,2026-05-11T07:07:17,False,False,
TXN-CD195590CA,ACC-C741D6977A,ACC-3254A1CA4E,13839.89,RTGS,2026-03-07T06:20:50,False,False,
TXN-1BCB99C42B,ACC-93A4E5AEC0,ACC-4779286848,27759.7,RTGS,2026-04-05T14:55:56,False,False,
TXN-12B98E08F9,ACC-0E693A23A9,ACC-B6B4387074,6841.87,RTGS,2026-03-03T06:22:14,False,False,
TXN-5EC17CD2D7,ACC-4E99782B8B,ACC-3EDAF055AB,4219.99,UPI,2026-03-11T16:14:56,False,False,
TXN-D76AB344EC,ACC-20C002644B,ACC-2030851CD5,32657.44,NEFT,2026-06-11T15:28:20,False,False,
TXN-B6E7B9A59C,ACC-86D9F6EBB9,ACC-271222B259,23905.42,IMPS,2026-03-22T01:33:09,False,False,
TXN-0F3CF5D9C5,ACC-7F97DE3607,ACC-B032E7B84B,13693.3,RTGS,2026-06-10T00:24:37,False,False,
TXN-4E9C2CE7BF,ACC-43F7F1BA86,ACC-1672980D7E,30604.79,UPI,2026-08-20T13:39:27,False,False,
TXN-14C6A63C13,ACC-FE98868FCE,ACC-81C5183F45,25094.4,UPI,2026-04-27T23:23:07,False,False,
TXN-BC53586A99,ACC-767782128C,ACC-4AF65220ED,427.59,IMPS,2026-03-16T12:39:51,False,False,
TXN-E47B19BB48,ACC-1A158E2B39,ACC-5E6280B7EB,48844.22,NEFT,2026-07-29T14:34:52,False,False,
TXN-B7B495CFD4,ACC-DD20BC5842,ACC-B7823C27D8,23317.96,IMPS,2026-04-18T08:28:57,False,False,
TXN-5F14E18156,ACC-46ACE32C69,ACC-916753B14F,5811.42,IMPS,2026-07-04T05:50:53,False,False,
TXN-5D2B75CA21,ACC-3C93F1616E,ACC-9F3F8647A9,8156.03,UPI,2026-01-21T23:34:25,False,False,
TXN-966C9F6584,ACC-BDB1ACBE88,ACC-F957DD43AC,14396.21,RTGS,2026-04-08T15:02:52,False,False,
TXN-0C15114A0F,ACC-B2942B83FB,ACC-E6C3585964,40296.65,RTGS,2026-01-17T19:44:53,False,False,
TXN-3685174B9F,ACC-25F4E87B68,ACC-284AA105A8,2812.34,IMPS,2026-03-03T09:05:30,False,False,
TXN-5BE4925DD1,ACC-9348003ED1,ACC-0B9FA22C53,25842.21,UPI,2026-04-02T09:09:12,False,False,
TXN-9DC4A8EFD5,ACC-190183B2DC,ACC-6D358C6424,29716.79,NEFT,2026-06-12T17:58:50,False,False,
TXN-8AB9E547EF,ACC-B739AC709B,ACC-CA0071ADF6,33907.26,NEFT,2026-03-31T08:20:41,False,False,
TXN-4CE2D02841,ACC-9BF20630BA,ACC-C7640E1436,16441.38,UPI,2026-04-03T02:06:11,False,False,
TXN-D4B04C1A9D,ACC-9BF271EE8F,ACC-805C00B3BA,43520.34,RTGS,2026-03-27T16:43:33,False,False,
TXN-729ACB6224,ACC-EDB7761749,ACC-B727761BBE,29337.59,UPI,2026-06-19T06:33:24,False,False,
TXN-BABD8D34DB,ACC-6E9CCAA402,ACC-ACDADA8CEB,46408.78,RTGS,2026-03-11T03:38:47,False,False,
TXN-E3D0434DE1,ACC-DC86F134B4,ACC-C17DF81397,6992.95,IMPS,2026-05-20T06:18:09,False,False,
TXN-CA5F3E0054,ACC-A65178755C,ACC-2615FB9091,16927.39,UPI,2026-08-09T20:20:59,False,False,
TXN-E254641F1B,ACC-FBE8498AA0,ACC-67B3AE715B,6997.77,RTGS,2026-06-28T02:15:55,False,False,
TXN-4DAB9BA7D2,ACC-4AF65220ED,ACC-2E36E5F8A4,38064.91,IMPS,2026-04-25T15:06:16,False,False,
TXN-C2FEFE4E1D,ACC-0BA8E5E1C6,ACC-D0A2372515,39519.44,IMPS,2026-08-13T12:28:56,False,False,
TXN-563682FD83,ACC-EB83C67414,ACC-3B161F37FC,4506.42,RTGS,2026-03-26T01:23:28,False,False,
TXN-3D87824572,ACC-E1564FA410,ACC-6F46916E7E,41882.05,NEFT,2026-01-06T15:11:08,False,False,
TXN-26FC45DF8F,ACC-D2850455D3,ACC-478A68504D,36861.71,IMPS,2026-04-07T05:57:23,False,False,
TXN-D3FB44A9A4,ACC-A2FBAF3CC0,ACC-B0650C64D9,29057.46,IMPS,2026-08-11T19:16:43,False,False,
TXN-C05462422D,ACC-9057966242,ACC-CB0B0E032C,49013.17,UPI,2026-07-02T18:48:01,False,False,
TXN-9D4737C77F,ACC-651117ECCC,ACC-5BA2323BCA,25309.97,RTGS,2026-07-26T06:24:47,False,False,
TXN-F1118C073B,ACC-EB1B768C42,ACC-640FAAC1A6,40523.88,UPI,2026-06-25T17:03:33,False,False,
TXN-174F82CE7B,ACC-D5B4E47CC4,ACC-3999FEBF46,4337.96,UPI,2026-06-07T21:57:18,False,False,
TXN-6514DD1A30,ACC-14300691C9,ACC-21D44CE318,18048.6,IMPS,2026-02-05T05:39:37,False,False,
TXN-4B343B1D44,ACC-4E99782B8B,ACC-8E42257DFC,33517.97,IMPS,2026-06-28T08:49:34,False,False,
TXN-E99E20DB14,ACC-4536A10727,ACC-CA0071ADF6,29266.27,RTGS,2026-06-30T02:33:44,False,False,
TXN-91974FC5DB,ACC-FB32091F6D,ACC-D4A942971A,43735.11,RTGS,2026-03-13T19:49:09,False,False,
TXN-FF5E83AC05,ACC-220F23770A,ACC-FC78CBF289,23321.93,UPI,2026-01-28T10:57:31,False,False,
TXN-8AE0B60DB0,ACC-92BA6DED1D,ACC-72E364726E,16778.73,UPI,2026-04-26T04:25:08,False,False,
TXN-20AA630409,ACC-73A9A3591F,ACC-71321C26BF,13635.51,IMPS,2026-02-01T10:35:34,False,False,
TXN-939724CB45,ACC-C154C76851,ACC-27BAF0D834,36840.89,UPI,2026-07-19T21:41:30,False,False,
TXN-C3F7DC73E3,ACC-63DABB2760,ACC-F957DD43AC,44421.3,UPI,2026-05-29T17:23:57,False,False,
TXN-B70D0DB117,ACC-02C0759379,ACC-5D3857F4E3,31032.85,NEFT,2026-05-23T07:24:11,False,False,
TXN-B4F9D90EAE,ACC-38AC7EBCEF,ACC-9775561CCA,28027.76,UPI,2026-08-06T18:38:43,False,False,
TXN-33BA12C9DF,ACC-847A760E3C,ACC-B2F5356E7C,10394.69,NEFT,2026-04-03T16:13:04,False,False,
TXN-FE5AE21689,ACC-54B9E3F978,ACC-AA2B7C2290,32522.11,IMPS,2026-03-29T13:13:38,False,False,
TXN-6A400FABEA,ACC-FCAC3A896F,ACC-F8EA76CDC7,44917.07,RTGS,2026-04-18T15:10:54,False,False,
TXN-6C75A64B5C,ACC-9A82A8F408,ACC-C741D6977A,18766.13,RTGS,2026-07-08T19:57:47,False,False,
TXN-44CADB0413,ACC-62FE6D513D,ACC-67DD07E5DE,41512.08,RTGS,2026-07-26T13:42:32,False,False,
TXN-125EDA6F96,ACC-1E527431C0,ACC-DE0D74A0CF,44992.67,RTGS,2026-08-30T03:41:07,False,False,
TXN-4A68169868,ACC-62E67F6055,ACC-AAC03853A0,47279.19,UPI,2026-03-15T03:34:57,False,False,
TXN-D128CD0211,ACC-98518C4C77,ACC-AC6E983ECA,4192.49,IMPS,2026-04-22T23:49:41,False,False,
TXN-74880694F4,ACC-8B890E7E9D,ACC-64AB233688,8405.36,UPI,2026-02-27T11:01:53,False,False,
TXN-D24D23B8A6,ACC-24F522F2BC,ACC-E7014E27E0,43774.66,UPI,2026-04-24T20:32:14,False,False,
TXN-430E686CEF,ACC-6E3E268136,ACC-364CCC95E8,27163.46,IMPS,2026-07-04T01:06:50,False,False,
TXN-2095FE7A18,ACC-EDE54FCC92,ACC-D4C1048A81,22304.23,UPI,2026-04-24T05:08:00,False,False,
TXN-CB4FB28624,ACC-7ADF18BB0F,ACC-C741D6977A,1297.42,IMPS,2026-07-21T19:12:50,False,False,
TXN-85E162B20E,ACC-BDB1ACBE88,ACC-27BAF0D834,20702.25,NEFT,2026-05-07T17:23:46,False,False,
TXN-F3327271F8,ACC-C0FEDCAB89,ACC-F18365684C,33359.6,RTGS,2026-06-27T20:56:07,False,False,
TXN-E7BD16C852,ACC-55211DCBA3,ACC-997180843F,6771.32,NEFT,2026-03-08T16:42:21,False,False,
TXN-DDB4049451,ACC-24278E82A3,ACC-73C38DBB72,24315.31,NEFT,2026-01-19T09:02:40,False,False,
TXN-81A5136B2B,ACC-0633630EE6,ACC-F8EA76CDC7,14362.23,IMPS,2026-08-29T06:03:05,False,False,
TXN-707EFE6E18,ACC-B893CD7F4B,ACC-EFB3CA508E,26858.77,IMPS,2026-03-10T02:28:03,False,False,
TXN-382F60ACB1,ACC-76C65895CF,ACC-18A95F0463,45254.62,IMPS,2026-03-04T15:00:10,False,False,
TXN-37FCD36632,ACC-1D7B8F9113,ACC-DC9B5ECFC2,2249.34,NEFT,2026-08-12T02:57:45,False,False,
TXN-48A92528FE,ACC-F1A6C1EA09,ACC-DBA678DC6E,13168.28,IMPS,2026-03-21T16:11:11,False,False,
TXN-7F119580BC,ACC-31878FEFFC,ACC-D672496BB9,1927.52,NEFT,2026-05-14T12:53:11,False,False,
TXN-4490C51FCC,ACC-0633630EE6,ACC-3D9503D477,22531.77,IMPS,2026-07-27T05:54:46,False,False,
TXN-9DA013F268,ACC-7ACEB00C1E,ACC-3A9523F661,46037.61,RTGS,2026-07-13T22:54:10,False,False,
TXN-01D3EDEC34,ACC-12D1954EB8,ACC-6E9CCAA402,47399.89,NEFT,2026-03-02T14:31:18,False,False,
TXN-709D3916DC,ACC-F8D246D2D0,ACC-4868E01901,27398.05,NEFT,2026-04-25T18:47:22,False,False,
TXN-8A863F91A1,ACC-29CB0EC2FB,ACC-A27D9889F7,48486.36,IMPS,2026-08-08T12:20:22,False,False,
TXN-B81D570935,ACC-205C5A9540,ACC-C0D660E6FD,17066.48,UPI,2026-07-06T00:25:43,False,False,
TXN-99922BEAA0,ACC-B6B4387074,ACC-A0826D22AE,33964.82,UPI,2026-04-30T15:32:03,False,False,
TXN-6056633E1F,ACC-1BB80E9374,ACC-8C6EEE6E66,30952.6,IMPS,2026-06-23T04:46:00,False,False,
TXN-74E1E0307E,ACC-FA10BE1FA4,ACC-4AC34A3CF5,16453.05,IMPS,2026-08-15T13:58:30,False,False,
TXN-EDE810FD89,ACC-67DD07E5DE,ACC-420FED7829,39107.91,NEFT,2026-03-18T00:12:08,False,False,
TXN-2073939655,ACC-0C3C054753,ACC-824E2F1D98,27012.93,RTGS,2026-02-03T22:24:43,False,False,
TXN-76078E0293,ACC-527DD88844,ACC-EB1B768C42,9883.61,NEFT,2026-08-23T05:58:09,False,False,
TXN-E981BC78D7,ACC-D843FAA512,ACC-1FBBC00607,47181.43,NEFT,2026-06-04T09:30:32,False,False,
TXN-A1F2467CE0,ACC-0633630EE6,ACC-CF935DAC6A,42719.44,NEFT,2026-05-30T22:49:49,False,False,
TXN-7B9CEC6C71,ACC-3D9503D477,ACC-8762C82C0F,14375.59,NEFT,2026-04-30T15:33:48,False,False,
TXN-379B5DF99A,ACC-2917D096F0,ACC-C22170FA88,4562.41,RTGS,2026-06-11T09:45:49,False,False,
TXN-E8A9E494AC,ACC-445AF8A995,ACC-3DA9871BED,8356.76,RTGS,2026-06-10T20:33:57,False,False,
TXN-F662A63846,ACC-A0826D22AE,ACC-DE5B619833,29977.2,IMPS,2026-03-22T16:41:07,False,False,
TXN-69B79AFAC8,ACC-8BDC85DDB6,ACC-F480D3981E,49421.44,NEFT,2026-01-26T16:14:37,False,False,
TXN-FFBBFEF430,ACC-02F5E7CB8F,ACC-88FCBCC66C,18913.47,UPI,2026-06-09T00:26:59,False,False,
TXN-DC79150B2F,ACC-48A80C4541,ACC-134110EB77,20842.8,RTGS,2026-08-09T13:21:49,False,False,
TXN-5786861636,ACC-27F3C98FB7,ACC-8F943FF21B,10123.03,RTGS,2026-04-23T09:59:32,False,False,
TXN-1C7B25A0FC,ACC-EB16F1E385,ACC-E6B86E6FA6,2303.2,NEFT,2026-08-16T06:32:10,False,False,
TXN-D8ADF7C292,ACC-55211DCBA3,ACC-815F9190D9,28052.2,RTGS,2026-03-29T04:40:48,False,False,
TXN-CAC448EB52,ACC-D2D793E5E9,ACC-C9EC862861,7870.39,NEFT,2026-07-03T12:24:10,False,False,
TXN-3BB09E6BDA,ACC-F7241A5691,ACC-E29496DB40,33362.49,NEFT,2026-06-12T00:10:58,False,False,
TXN-1715A7DCB7,ACC-11553C3108,ACC-AC74C712B4,45358.3,IMPS,2026-01-12T01:06:14,False,False,
TXN-338FB8982B,ACC-01D44AE2F0,ACC-ABA49273CF,14005.41,UPI,2026-08-21T14:04:18,False,False,
TXN-424FA2A55F,ACC-11BAA92237,ACC-0735508F97,29137.08,RTGS,2026-04-11T03:54:35,False,False,
TXN-E6A8F323DC,ACC-CB714FE2D9,ACC-6428682424,23906.83,UPI,2026-05-25T22:29:48,False,False,
TXN-99E0BB40DF,ACC-527DD88844,ACC-AD0BCCC4E1,28848.13,NEFT,2026-03-05T05:50:46,False,False,
TXN-26694556B9,ACC-0E693A23A9,ACC-9FEDF3D99B,7477.63,RTGS,2026-02-22T14:55:38,False,False,
TXN-8617F4E436,ACC-FA10BE1FA4,ACC-66D7D5D3CA,2833.84,NEFT,2026-06-12T22:09:14,False,False,
TXN-208EFE5E23,ACC-5B08E29A74,ACC-7E47E73A36,2626.0,NEFT,2026-07-25T16:20:40,False,False,
TXN-45A0C36688,ACC-48A80C4541,ACC-8B890E7E9D,25790.55,IMPS,2026-02-06T16:53:04,False,False,
TXN-E823F04E1A,ACC-86858D0E29,ACC-71321C26BF,8523.37,NEFT,2026-05-03T19:17:41,False,False,
TXN-7A2E7C8B67,ACC-B3C08E3167,ACC-7ACEB00C1E,13718.66,NEFT,2026-02-07T05:13:55,False,False,
TXN-C7417182E7,ACC-C77EB75317,ACC-A930381713,17711.14,IMPS,2026-01-06T00:12:53,False,False,
TXN-EC24CEA521,ACC-8F943FF21B,ACC-666B15ED36,14214.6,RTGS,2026-06-10T00:04:01,False,False,
TXN-D00060EAE3,ACC-4CDAB72A3B,ACC-3C9806DF8A,5300.41,IMPS,2026-07-15T11:52:07,False,False,
TXN-75E5BA7761,ACC-B8E1238B67,ACC-F92FBF16A2,39796.32,UPI,2026-06-12T01:56:56,False,False,
TXN-2A5F59E2CF,ACC-C8E71B7947,ACC-8B890E7E9D,6004.97,IMPS,2026-01-07T17:59:15,False,False,
TXN-61328E4B69,ACC-8E42257DFC,ACC-767782128C,15716.36,NEFT,2026-02-23T23:42:15,False,False,
TXN-6E9B971113,ACC-C0D660E6FD,ACC-BF751C37BF,26251.43,NEFT,2026-03-08T21:05:13,False,False,
TXN-57C9374C14,ACC-847A760E3C,ACC-55211DCBA3,1632.22,UPI,2026-03-28T08:31:31,False,False,
TXN-19DB514D6D,ACC-EF4C528854,ACC-86D9F6EBB9,7289.49,IMPS,2026-04-30T09:26:22,False,False,
TXN-6F89698A42,ACC-BFF43FCEEC,ACC-2772396B1A,6684.87,UPI,2026-06-14T23:28:12,False,False,
TXN-40D507623A,ACC-72E364726E,ACC-7CDA8721D4,39244.68,UPI,2026-01-08T07:17:18,False,False,
TXN-14A98174DC,ACC-AB8DF99C87,ACC-8E21016DF3,37915.23,UPI,2026-03-18T06:07:26,False,False,
TXN-CB36B6585A,ACC-C89F6DD400,ACC-8F71C06043,39694.15,UPI,2026-07-02T04:09:51,False,False,
TXN-029E9B3131,ACC-41740025DD,ACC-6D239D0E4C,2355.42,NEFT,2026-01-04T23:44:44,False,False,
TXN-5AEE2C7D62,ACC-0F6B3E6554,ACC-C9091D07F2,39162.07,IMPS,2026-08-17T04:51:26,False,False,
TXN-1230E3ACDF,ACC-D03850541F,ACC-2B11DEC838,33595.91,UPI,2026-02-05T06:07:28,False,False,
TXN-1103E86A66,ACC-D4B88C7671,ACC-45ECE5D9E9,47103.88,NEFT,2026-05-17T18:46:20,False,False,
TXN-D04E8073DE,ACC-B893CD7F4B,ACC-71B3F3476E,39083.95,IMPS,2026-07-16T02:05:42,False,False,
TXN-9D17A83062,ACC-BF9CB7E353,ACC-6082943E35,5135.46,UPI,2026-07-25T09:08:03,False,False,
TXN-0EC343F983,ACC-F7E5116AF5,ACC-6B7FC0B72D,9739.07,NEFT,2026-03-08T17:02:40,False,False,
TXN-8E21A64EDF,ACC-0F6B3E6554,ACC-EAE932E25B,415.58,UPI,2026-03-25T02:46:04,False,False,
TXN-9853B87E81,ACC-3BB48B1CF1,ACC-D672496BB9,23840.83,IMPS,2026-06-20T17:58:57,False,False,
TXN-6D40322000,ACC-AAC03853A0,ACC-218D531755,9206.26,NEFT,2026-05-28T10:16:07,False,False,
TXN-268C08BA41,ACC-2F5AFAD426,ACC-2B5F825F48,25809.7,RTGS,2026-02-13T19:47:45,False,False,
TXN-7746DE21A2,ACC-EA88E8CA7B,ACC-A8A2646A94,6356.05,UPI,2026-07-21T20:12:43,False,False,
TXN-DC643D416B,ACC-C37F861391,ACC-D5B4E47CC4,38161.23,NEFT,2026-08-05T08:50:51,False,False,
TXN-A98F55194C,ACC-EB4D2BF02E,ACC-B6B4387074,4295.95,RTGS,2026-02-14T22:36:46,False,False,
TXN-CD318EB2A6,ACC-92BA6DED1D,ACC-4FE08D8EDF,22955.9,NEFT,2026-06-22T09:58:07,False,False,
TXN-E9F965B281,ACC-14BB7A2CD6,ACC-EB16F1E385,20482.65,RTGS,2026-03-15T07:36:12,False,False,
TXN-29B37AA969,ACC-159EC4E2F6,ACC-542A9CBD37,46966.28,NEFT,2026-03-11T15:10:18,False,False,
TXN-5BB98E9E99,ACC-FFAB625EFD,ACC-63DABB2760,24684.09,UPI,2026-06-03T22:26:02,False,False,
TXN-0F6327A32B,ACC-AAFB6325CE,ACC-0E2386D597,32995.7,UPI,2026-02-16T07:11:27,False,False,
TXN-2A87C7627B,ACC-7F97DE3607,ACC-750B08D60C,20151.09,UPI,2026-03-07T12:36:51,False,False,
TXN-55464B92BB,ACC-4A9DCACDDC,ACC-F957DD43AC,48765.33,NEFT,2026-03-19T18:35:27,False,False,
TXN-2403D1BDD8,ACC-D6689B88F1,ACC-82303C3115,6313.56,RTGS,2026-07-13T20:02:36,False,False,
TXN-CFAD789AD3,ACC-26BB62B633,ACC-ABA49273CF,35731.99,NEFT,2026-06-05T10:27:55,False,False,
TXN-98D1D9EBFD,ACC-7E47E73A36,ACC-542A9CBD37,33400.52,RTGS,2026-07-08T04:10:24,False,False,
TXN-4F2B7D30FE,ACC-1FBBC00607,ACC-26BB62B633,7539.23,RTGS,2026-02-11T22:58:29,False,False,
TXN-B1DC781F1C,ACC-90CBA5197E,ACC-16D5DE4BFB,24569.2,IMPS,2026-02-22T06:38:27,False,False,
TXN-A9E9BBB748,ACC-0E0C1E2E4E,ACC-3C019EF409,36942.36,UPI,2026-07-13T10:57:13,False,False,
TXN-053D652466,ACC-1E527431C0,ACC-D2D793E5E9,48609.21,RTGS,2026-08-23T19:07:50,False,False,
TXN-68902E9A8E,ACC-18CA389BCC,ACC-58E2280A96,7806.29,UPI,2026-01-30T17:11:33,False,False,
TXN-BD4458CA34,ACC-BD293A9B4B,ACC-E3CDF1B8F6,26093.46,RTGS,2026-06-30T23:38:17,False,False,
TXN-39AF810621,ACC-B0ADCF0EF4,ACC-C963CD9027,33172.24,RTGS,2026-07-16T01:01:41,False,False,
TXN-E9B768D340,ACC-9ACE70AC5F,ACC-528E2FBFFC,17312.06,UPI,2026-01-13T06:31:10,False,False,
TXN-DD343F3B1A,ACC-8948A66CCA,ACC-41740025DD,19304.77,NEFT,2026-05-27T03:42:39,False,False,
TXN-04088A230D,ACC-445AF8A995,ACC-49CA71AD82,1991.86,IMPS,2026-08-05T04:30:29,False,False,
TXN-C89CF8BDA1,ACC-DCADBBE396,ACC-D7D4D11CC0,15291.62,IMPS,2026-07-10T20:55:19,False,False,
TXN-EB440F624F,ACC-DFABF003B7,ACC-933DCCC0E8,15760.49,RTGS,2026-07-09T07:24:33,False,False,
TXN-E08E26606F,ACC-67E20C7EFE,ACC-C7640E1436,28528.99,RTGS,2026-08-04T01:38:24,False,False,
TXN-D0EA1AC592,ACC-B3C08E3167,ACC-54B9E3F978,28696.07,RTGS,2026-08-07T08:36:00,False,False,
TXN-33E5EDF66E,ACC-D0A2372515,ACC-C56EE285EE,2975.71,NEFT,2026-07-12T02:51:19,False,False,
TXN-F2E68BA19E,ACC-E1564FA410,ACC-EB06C9ED42,30923.6,NEFT,2026-04-21T11:09:00,False,False,
TXN-15EFF2062F,ACC-FCAC3A896F,ACC-259A629A07,1601.72,UPI,2026-02-19T18:53:33,False,False,
TXN-1AF3CF1D2B,ACC-564DDDA45C,ACC-62B41A2151,40515.76,UPI,2026-05-13T12:44:28,False,False,
TXN-A299FF8106,ACC-A0AF725079,ACC-87A5064991,21521.78,NEFT,2026-06-09T23:27:43,False,False,
TXN-F878A3F53B,ACC-37B3A93D4F,ACC-78508EE723,33129.75,IMPS,2026-04-02T02:50:10,False,False,
TXN-3A78CB3E5C,ACC-9775561CCA,ACC-F7B774FDC5,29708.08,UPI,2026-04-29T09:59:24,False,False,
TXN-2E21E47E8A,ACC-4D95CE3389,ACC-0A5EE1B113,8655.01,NEFT,2026-01-15T12:23:04,False,False,
TXN-66F94C2FF5,ACC-C8E71B7947,ACC-F596F82B97,43195.75,RTGS,2026-04-14T13:04:05,False,False,
TXN-FC36F7286F,ACC-832DB8563C,ACC-29D2E7CBB1,23591.06,UPI,2026-05-03T22:07:38,False,False,
TXN-7E100BAD91,ACC-EB06C9ED42,ACC-4536A10727,19636.98,UPI,2026-07-09T15:49:56,False,False,
TXN-3EB188B03E,ACC-9FC0AFB708,ACC-72E364726E,33820.54,NEFT,2026-07-12T21:52:19,False,False,
TXN-0BE8D4992B,ACC-F93CCD06E3,ACC-ABA49273CF,33435.9,IMPS,2026-08-27T18:36:40,False,False,
TXN-D1745CE223,ACC-4D79601CD5,ACC-F957DD43AC,48477.5,IMPS,2026-07-12T23:55:32,False,False,
TXN-A06A9CD267,ACC-AAC5FB04B0,ACC-73A7274BCF,42050.95,IMPS,2026-04-22T14:20:52,False,False,
TXN-90C8C9BF64,ACC-F37C68CD36,ACC-A07F3210D3,15006.55,RTGS,2026-03-29T17:24:35,False,False,
TXN-0566BDB82A,ACC-AA9C661D0F,ACC-76274A7181,47905.46,UPI,2026-08-18T20:34:42,False,False,
TXN-1DA0DDDD20,ACC-99EE9C11B6,ACC-134110EB77,3550.03,RTGS,2026-06-15T20:54:55,False,False,
TXN-E450B6F08C,ACC-2772396B1A,ACC-EDE54FCC92,39823.46,NEFT,2026-07-15T23:34:52,False,False,
TXN-5041948AC4,ACC-2F8D0B5A25,ACC-7919653E0C,33240.14,NEFT,2026-03-19T16:51:09,False,False,
TXN-BD17F0BCB6,ACC-31FE231B1B,ACC-8C6EEE6E66,12712.99,RTGS,2026-08-01T15:39:08,False,False,
TXN-2891A4CA58,ACC-FE98868FCE,ACC-CF494D791D,31466.63,IMPS,2026-08-13T00:34:09,False,False,
TXN-FDEAAE5565,ACC-061AE2D0D5,ACC-0BE5BCC8A0,33108.15,RTGS,2026-04-15T01:20:38,False,False,
TXN-59BD886147,ACC-063B0DF9B6,ACC-DE0D74A0CF,40484.89,RTGS,2026-08-08T20:35:15,False,False,
TXN-ED06C9A640,ACC-41733A96C4,ACC-FC78CBF289,3182.11,IMPS,2026-05-22T11:17:09,False,False,
TXN-624579E9EC,ACC-8CA8143342,ACC-0633630EE6,12170.62,NEFT,2026-06-19T02:07:03,False,False,
TXN-1F9EF94274,ACC-F3D06559F3,ACC-7FB138125E,43037.26,UPI,2026-03-21T01:17:54,False,False,
TXN-D0B77995F9,ACC-805C00B3BA,ACC-BB43C19BEE,41220.79,IMPS,2026-04-10T14:15:21,False,False,
TXN-566FF63EB0,ACC-C316F81D91,ACC-0013C45F4C,11959.27,IMPS,2026-02-14T02:26:33,False,False,
TXN-96A14AC2E8,ACC-D7879A2627,ACC-1FAB4FE7F5,1579.67,NEFT,2026-06-30T06:16:55,False,False,
TXN-9F47B6B959,ACC-C0FEDCAB89,ACC-7CDA84AC00,49566.4,RTGS,2026-01-15T08:53:59,False,False,
TXN-F1777B89F7,ACC-B0ADCF0EF4,ACC-3E8F3ABF9C,13781.06,UPI,2026-04-11T08:25:59,False,False,
TXN-F0A452D7B7,ACC-016ED7C075,ACC-AC37282B6E,27625.16,UPI,2026-07-08T16:22:31,False,False,
TXN-0C504DFA08,ACC-832DB8563C,ACC-4B2C067387,43007.28,UPI,2026-05-02T21:48:16,False,False,
TXN-E22CF464BA,ACC-9689E95CF5,ACC-26A4FE84BC,43385.15,RTGS,2026-05-22T03:27:09,False,False,
TXN-CBBF4582D1,ACC-89971B1940,ACC-F596F82B97,44308.82,RTGS,2026-02-24T14:06:56,False,False,
TXN-CC85EC6F2E,ACC-0EF9A10310,ACC-40C97E39E2,28634.47,UPI,2026-07-22T16:59:49,False,False,
TXN-B5617DA0D9,ACC-3BC75DF505,ACC-070D19C553,47493.79,NEFT,2026-07-12T19:15:34,False,False,
TXN-A31D2AE518,ACC-E5FF32B83D,ACC-1D7B8F9113,30071.1,NEFT,2026-05-08T21:10:01,False,False,
TXN-4DD79243ED,ACC-14B161A190,ACC-049BEC7606,19619.54,IMPS,2026-06-14T05:25:29,False,False,
TXN-11CCF22868,ACC-14300691C9,ACC-1BE237EF1F,5519.34,IMPS,2026-04-17T14:57:59,False,False,
TXN-55D87CD7A6,ACC-907F3585BC,ACC-B57DC57093,12864.43,UPI,2026-07-10T10:28:23,False,False,
TXN-09DE79D0A8,ACC-5667CE7568,ACC-40CE764DEC,35040.96,UPI,2026-05-03T21:54:00,False,False,
TXN-CBFD3F41B3,ACC-90A8AB35BD,ACC-852D8A89CD,23847.74,IMPS,2026-04-18T20:39:58,False,False,
TXN-AA92AB0EE4,ACC-6E9CCAA402,ACC-7B3104B541,23866.04,NEFT,2026-04-30T16:21:56,False,False,
TXN-CA5904D17D,ACC-E03D1772D7,ACC-BDB1ACBE88,48346.9,UPI,2026-01-22T05:34:59,False,False,
TXN-8A3FE6B8F4,ACC-72E364726E,ACC-89971B1940,12135.86,RTGS,2026-05-01T02:35:28,False,False,
TXN-4A78C38ADB,ACC-48A80C4541,ACC-08463BBB0C,18270.18,UPI,2026-07-27T17:43:44,False,False,
TXN-E946FE3005,ACC-E46609194C,ACC-445AF8A995,19545.86,RTGS,2026-04-10T05:44:47,False,False,
TXN-BB70F33E05,ACC-7ACEB00C1E,ACC-E5FF32B83D,46828.86,IMPS,2026-04-26T12:10:56,False,False,
TXN-8C98662CDD,ACC-AEE8AC8B42,ACC-B893CD7F4B,45811.36,NEFT,2026-06-07T18:53:10,False,False,
TXN-28BEAA600B,ACC-49E8CB1413,ACC-18C29B6F29,43348.94,RTGS,2026-07-02T22:53:20,False,False,
TXN-945607D4B8,ACC-049BEC7606,ACC-805C00B3BA,46339.56,NEFT,2026-06-14T00:44:11,False,False,
TXN-9920E44B40,ACC-9FC0AFB708,ACC-B893CD7F4B,34984.41,UPI,2026-05-17T15:32:19,False,False,
TXN-7A62586C3E,ACC-D4C1048A81,ACC-9689E95CF5,36515.73,NEFT,2026-06-26T00:42:20,False,False,
TXN-75B6829BF9,ACC-C33D5B366A,ACC-BB7ABF97C6,38146.38,IMPS,2026-06-22T04:50:01,False,False,
TXN-F6C8A317C1,ACC-29FC810E66,ACC-C37F861391,353.18,IMPS,2026-04-29T15:54:34,False,False,
TXN-D9AD3CF8A8,ACC-A8A2646A94,ACC-AD57584C63,4295.16,IMPS,2026-04-07T22:28:25,False,False,
TXN-9BD118FAFA,ACC-08756AA444,ACC-4590CA8AF6,48489.3,IMPS,2026-08-19T16:37:53,False,False,
TXN-92A94A0C7B,ACC-6428682424,ACC-F3D06559F3,39673.59,NEFT,2026-06-25T08:11:27,False,False,
TXN-ED8A10C7D5,ACC-867E2E7256,ACC-AEEECF22FC,6848.79,IMPS,2026-08-19T07:21:03,False,False,
TXN-213D9565E4,ACC-A2FBAF3CC0,ACC-DBB3368EEA,10093.45,RTGS,2026-05-23T18:16:34,False,False,
TXN-EBBC085088,ACC-40FD962921,ACC-F94199C495,43844.22,IMPS,2026-01-09T01:15:38,False,False,
TXN-5050406A8F,ACC-0C3C054753,ACC-F92965B93C,32425.91,IMPS,2026-02-04T13:19:18,False,False,
TXN-71083894CC,ACC-8CA8143342,ACC-B739AC709B,13236.8,IMPS,2026-01-20T08:00:39,False,False,
TXN-003BAB7E9D,ACC-7F7EE3CA38,ACC-012C518606,21559.39,NEFT,2026-02-27T23:07:19,False,False,
TXN-C92C2E9B99,ACC-20C002644B,ACC-62E67F6055,8672.12,UPI,2026-01-06T11:33:37,False,False,
TXN-21B47F6AE2,ACC-FFC9D0FFD3,ACC-0949F0D18E,21870.91,RTGS,2026-07-11T21:48:10,False,False,
TXN-1F393347DD,ACC-41740025DD,ACC-AB3C5011ED,35735.47,IMPS,2026-04-14T09:11:25,False,False,
TXN-61BFA09EDF,ACC-7D818E469A,ACC-45ECE5D9E9,24809.57,IMPS,2026-06-17T12:05:14,False,False,
TXN-7E7CF3A5A3,ACC-CCEC58F489,ACC-4FD85A4C52,10935.22,NEFT,2026-03-15T12:59:33,False,False,
TXN-A64135E79A,ACC-4AF65220ED,ACC-FE98868FCE,20544.5,IMPS,2026-01-12T04:11:05,False,False,
TXN-168DA99500,ACC-62B369F1B3,ACC-01947BC03F,11927.18,RTGS,2026-04-07T10:29:28,False,False,
TXN-42062A087D,ACC-4779286848,ACC-C8239DDCE2,34276.5,RTGS,2026-02-03T07:08:32,False,False,
TXN-9BCDFAC1C0,ACC-5CF210449D,ACC-B8F764D783,6833.61,NEFT,2026-06-04T09:28:42,False,False,
TXN-5F639D499A,ACC-C316F81D91,ACC-B684F395A0,35724.13,RTGS,2026-08-20T22:16:10,False,False,
TXN-3288B1C23F,ACC-550953772A,ACC-E515F4F75D,4944.92,UPI,2026-01-21T05:43:29,False,False,
TXN-F0EB008ECF,ACC-C06C86F552,ACC-927E6074CB,23652.43,NEFT,2026-08-24T11:49:10,False,False,
TXN-15DFD06BC0,ACC-7794BFD170,ACC-4C3B5F7DD0,35536.39,UPI,2026-01-03T01:58:04,False,False,
TXN-83F7C9FBFA,ACC-6D239D0E4C,ACC-3BB48B1CF1,31058.96,NEFT,2026-06-03T06:50:27,False,False,
TXN-BAC4895805,ACC-89971B1940,ACC-220F23770A,6785.47,UPI,2026-08-14T10:31:48,False,False,
TXN-320C50D2FE,ACC-11553C3108,ACC-24278E82A3,8659.35,RTGS,2026-05-12T17:21:22,False,False,
TXN-5131601D53,ACC-F4704FE65D,ACC-21D44CE318,4664.47,RTGS,2026-02-25T01:37:55,False,False,
TXN-92D0FB511F,ACC-24278E82A3,ACC-DC9B5ECFC2,15800.83,IMPS,2026-07-13T20:58:48,False,False,
TXN-6DA3710A2D,ACC-67B3AE715B,ACC-CA0071ADF6,18157.49,RTGS,2026-04-20T21:03:24,False,False,
TXN-AE61C07EC3,ACC-3CDEE78BB2,ACC-A934D822B8,41513.54,NEFT,2026-07-20T18:32:04,False,False,
TXN-B8E30E8474,ACC-BC27322374,ACC-2E4FEC1EA8,44655.06,NEFT,2026-07-10T19:00:46,False,False,
TXN-FCD437C9E3,ACC-67E20C7EFE,ACC-E7014E27E0,27872.6,RTGS,2026-01-21T16:04:00,False,False,
TXN-A49AF527EF,ACC-7ADF18BB0F,ACC-637F34A9D9,2917.44,IMPS,2026-01-14T22:15:37,False,False,
TXN-EB57E027CC,ACC-CB2D6018FF,ACC-24278E82A3,8345.04,RTGS,2026-06-19T11:49:16,False,False,
TXN-22CD509670,ACC-2E794F15F7,ACC-FEFD474107,2231.43,NEFT,2026-08-06T19:32:34,False,False,
TXN-C054E2135C,ACC-0B9FA22C53,ACC-98518C4C77,24750.83,IMPS,2026-02-18T00:32:27,False,False,
TXN-5E5ABFFC99,ACC-62B41A2151,ACC-0309D08B25,10345.94,NEFT,2026-03-12T03:49:34,False,False,
TXN-B8B5208B99,ACC-721930AB12,ACC-2D8F981E06,25535.14,NEFT,2026-08-07T17:50:46,False,False,
TXN-D4E3F06B96,ACC-6F4436A295,ACC-FE482F5C86,10777.33,UPI,2026-07-24T06:49:08,False,False,
TXN-C6C75D4016,ACC-22F56C107F,ACC-4536A10727,9192.33,UPI,2026-04-06T14:21:12,False,False,
TXN-904FB1FA4E,ACC-12D1954EB8,ACC-F096D4C6E9,33910.04,NEFT,2026-01-11T01:59:05,False,False,
TXN-45047B21BA,ACC-6364A8BD24,ACC-03F034657E,49070.46,UPI,2026-06-03T01:55:43,False,False,
TXN-AA8CBA6574,ACC-C17DF81397,ACC-02F5E7CB8F,46471.59,UPI,2026-05-06T15:35:45,False,False,
TXN-18A3DCE94D,ACC-97177103D0,ACC-9348003ED1,4236.95,RTGS,2026-06-26T08:06:14,False,False,
TXN-309A96D430,ACC-CB714FE2D9,ACC-43F0764A9E,29791.37,UPI,2026-05-08T22:28:53,False,False,
TXN-B7B2E97834,ACC-0EF6EF4616,ACC-1DEA054489,31193.77,RTGS,2026-05-07T04:25:53,False,False,
TXN-342920301D,ACC-67A0A8E390,ACC-651117ECCC,45362.54,IMPS,2026-03-24T02:04:54,False,False,
TXN-3A4EE112BF,ACC-2D88C0440D,ACC-C7F14C5086,14291.11,UPI,2026-01-28T11:11:46,False,False,
TXN-037F93961B,ACC-2F6B718C23,ACC-9689E95CF5,19193.27,RTGS,2026-04-10T02:17:59,False,False,
TXN-D0E6CDF7B9,ACC-DD605CC508,ACC-04F3E4D1E4,48259.46,RTGS,2026-02-04T15:17:43,False,False,
TXN-9DDCB0104F,ACC-E03D1772D7,ACC-CB4AD17DFE,8314.45,RTGS,2026-04-21T15:47:41,False,False,
TXN-78A3423DF0,ACC-EAD04534D9,ACC-71321C26BF,47730.74,IMPS,2026-02-16T20:05:31,False,False,
TXN-3D48F84200,ACC-26A4FE84BC,ACC-E6B86E6FA6,40094.8,NEFT,2026-08-23T09:09:16,False,False,
TXN-809E5D4DAA,ACC-D6669E7AAC,ACC-CEEC7AB2F4,33342.91,NEFT,2026-07-19T02:16:27,False,False,
TXN-838AE4980A,ACC-D03850541F,ACC-C2B46B24FC,22383.03,RTGS,2026-07-05T00:44:23,False,False,
TXN-3C5694B795,ACC-4D424AD3CE,ACC-831C4BCD37,30096.97,UPI,2026-06-14T02:19:27,False,False,
TXN-0258BE1CE4,ACC-AECA8D84BB,ACC-43C7F95B7C,9480.52,RTGS,2026-02-06T02:19:59,False,False,
TXN-1984147150,ACC-B6B4387074,ACC-A830244D0A,17218.89,RTGS,2026-03-29T01:58:37,False,False,
TXN-00614F709E,ACC-9775561CCA,ACC-6428682424,35739.05,RTGS,2026-07-24T18:35:37,False,False,
TXN-7AB2C62A79,ACC-5DF531FCA6,ACC-EAD04534D9,26328.95,NEFT,2026-07-01T20:07:08,False,False,
TXN-A5B4634223,ACC-D51E8CAB49,ACC-21E3AE70D3,45378.94,RTGS,2026-04-27T15:52:05,False,False,
TXN-70CC55DB41,ACC-637F34A9D9,ACC-75F2FA030F,34278.83,NEFT,2026-04-07T13:37:07,False,False,
TXN-A00E7B44E7,ACC-0E2386D597,ACC-7883394F1B,14914.99,UPI,2026-08-02T23:38:21,False,False,
TXN-31273354E7,ACC-8B890E7E9D,ACC-7065A81A34,25768.04,RTGS,2026-06-10T09:37:11,False,False,
TXN-3D77E184E6,ACC-C5A4F93DE5,ACC-31D8A89722,33110.59,NEFT,2026-05-19T01:06:19,False,False,
TXN-7E05D5E70F,ACC-F114605CC3,ACC-FE482F5C86,4272.12,UPI,2026-02-14T05:57:20,False,False,
TXN-A983EEF412,ACC-284AA105A8,ACC-FB4F337A9C,23251.37,IMPS,2026-06-02T14:37:40,False,False,
TXN-0988B2F413,ACC-7065A81A34,ACC-824E2F1D98,20929.33,NEFT,2026-05-02T22:11:31,False,False,
TXN-F83FEA895C,ACC-DE5B619833,ACC-FC1CE0B093,22858.91,RTGS,2026-04-13T22:40:20,False,False,
TXN-49E2DC7946,ACC-94CA2362BA,ACC-814BB3CD63,10711.2,UPI,2026-08-23T14:10:51,False,False,
TXN-E3035A226A,ACC-4CC2D08CE6,ACC-AAC03853A0,5495.27,UPI,2026-01-03T06:29:55,False,False,
TXN-07D18443AC,ACC-750B08D60C,ACC-DC9B5ECFC2,862.57,RTGS,2026-06-28T17:01:48,False,False,
TXN-4B2C051403,ACC-7C2A155650,ACC-ADEE22EAB1,43465.27,RTGS,2026-04-28T14:18:01,False,False,
TXN-9FF94CB638,ACC-5EBDC3EF6B,ACC-E6C3585964,18164.29,RTGS,2026-04-28T12:57:52,False,False,
TXN-6B49E493D6,ACC-AC6E983ECA,ACC-BFF43FCEEC,6928.67,IMPS,2026-02-13T11:06:00,False,False,
TXN-241C417C41,ACC-4E99782B8B,ACC-29D2E7CBB1,48531.91,UPI,2026-03-23T06:09:36,False,False,
TXN-E12E81D00D,ACC-6F305E7DE2,ACC-4EC4D221E6,7428.68,IMPS,2026-06-19T05:50:34,False,False,
TXN-61DDFFE139,ACC-FC78CBF289,ACC-FDB5A12E90,9707.54,NEFT,2026-06-29T23:26:21,False,False,
TXN-91B5F623E4,ACC-0633630EE6,ACC-29CB0EC2FB,21209.59,UPI,2026-03-06T12:12:55,False,False,
TXN-FBE272768D,ACC-B2E0AC9287,ACC-4868E01901,35189.39,RTGS,2026-07-03T02:35:52,False,False,
TXN-9597D8B29A,ACC-832DB8563C,ACC-8F67E176FD,29344.27,IMPS,2026-04-25T12:01:40,False,False,
TXN-0CAB3CE72D,ACC-BF9CB7E353,ACC-73AD3C2674,2735.92,UPI,2026-02-09T20:53:36,False,False,
TXN-5349933010,ACC-DB74204A77,ACC-4590CA8AF6,21703.04,RTGS,2026-07-12T12:17:19,False,False,
TXN-062FCB81F8,ACC-049BEC7606,ACC-21AD94C61E,29872.81,NEFT,2026-01-15T09:01:31,False,False,
TXN-E6966443A1,ACC-B61E536FF6,ACC-B3DBC46391,24407.83,RTGS,2026-04-01T01:31:06,False,False,
TXN-DAF9E1DB4A,ACC-20438A0D47,ACC-259A629A07,26509.78,RTGS,2026-08-12T20:28:07,False,False,
TXN-073C055986,ACC-6AC42DA33C,ACC-EB83C67414,3362.83,RTGS,2026-07-03T19:49:46,False,False,
TXN-8B6CF98129,ACC-DC9B5ECFC2,ACC-FEFD474107,31210.3,NEFT,2026-06-24T02:41:43,False,False,
TXN-50BA07C002,ACC-E0BA6B7C1D,ACC-2E4FEC1EA8,1236.18,NEFT,2026-03-16T15:26:45,False,False,
TXN-87C02032BB,ACC-B8F764D783,ACC-A34D67F943,22017.91,IMPS,2026-08-17T05:22:34,False,False,
TXN-7969341BB8,ACC-B3C08E3167,ACC-14622DF05B,46102.43,RTGS,2026-02-20T22:29:11,False,False,
TXN-C1175AD2E9,ACC-C963CD9027,ACC-73068A09D2,35626.98,RTGS,2026-05-20T21:49:30,False,False,
TXN-B3193C4C6A,ACC-BC8E32E08B,ACC-7302298273,31167.75,NEFT,2026-02-03T11:22:00,False,False,
TXN-09CFDC7B76,ACC-7BC373E0D3,ACC-E459DE3C78,6629.01,IMPS,2026-03-02T16:57:10,False,False,
TXN-DEECEDC7C0,ACC-F2C2B527B9,ACC-AC74C712B4,5225.01,RTGS,2026-07-11T17:51:04,False,False,
TXN-EB743E503D,ACC-8BDC85DDB6,ACC-927E6074CB,10629.76,UPI,2026-01-08T00:59:21,False,False,
TXN-C67651A0C6,ACC-CEEC7AB2F4,ACC-9ACE70AC5F,17980.78,IMPS,2026-03-09T20:27:35,False,False,
TXN-DDAB02A574,ACC-E6B5060B5D,ACC-881DE7EA23,40379.41,NEFT,2026-06-17T05:40:25,False,False,
TXN-8648082A2D,ACC-AA2B7C2290,ACC-012C518606,11489.17,IMPS,2026-07-08T21:15:11,False,False,
TXN-FBFF8FD44C,ACC-9912037D7A,ACC-4CDAB72A3B,39287.31,UPI,2026-08-05T07:49:28,False,False,
TXN-59F0F1C5ED,ACC-BB43C19BEE,ACC-E7014E27E0,42699.73,UPI,2026-01-20T13:58:02,False,False,
TXN-D4057C4D3B,ACC-AAFB6325CE,ACC-98518C4C77,48139.83,UPI,2026-02-11T02:59:01,False,False,
TXN-33E89CD48C,ACC-8F9C68EB8C,ACC-B982011985,39151.38,UPI,2026-08-07T10:37:37,False,False,
TXN-D438CCAA35,ACC-64133B7277,ACC-DD20BC5842,5449.47,UPI,2026-03-21T18:20:18,False,False,
TXN-C7D82D4BD5,ACC-0735508F97,ACC-D0A2372515,36471.79,RTGS,2026-07-16T11:17:53,False,False,
TXN-10C0F4D0CD,ACC-F096D4C6E9,ACC-AD0BCCC4E1,43550.54,IMPS,2026-05-22T06:16:25,False,False,
TXN-E28BA6999C,ACC-B2942B83FB,ACC-D4A942971A,6324.58,IMPS,2026-06-20T12:47:14,False,False,
TXN-EDB2473284,ACC-5F15AE2D5F,ACC-5BA2323BCA,38497.85,IMPS,2026-07-03T22:51:44,False,False,
TXN-32393DD7CE,ACC-94CA2362BA,ACC-6A47CE5A9F,25350.13,UPI,2026-04-14T07:26:43,False,False,
TXN-641E887AFB,ACC-3D9503D477,ACC-6B7FC0B72D,37791.29,NEFT,2026-04-06T07:46:18,False,False,
TXN-FF5994353D,ACC-EDF8AEA14D,ACC-6E4F982747,37724.66,RTGS,2026-03-30T14:48:37,False,False,
TXN-D070CE167D,ACC-D4A942971A,ACC-ABD4538C3C,20787.79,RTGS,2026-06-28T03:53:18,False,False,
TXN-E1896788FC,ACC-08756AA444,ACC-364CCC95E8,18216.36,UPI,2026-06-21T21:07:56,False,False,
TXN-5434593E74,ACC-D4B88C7671,ACC-D6B7EC030A,695.45,UPI,2026-02-02T22:11:24,False,False,
TXN-40857BB84E,ACC-C4BFC0E03A,ACC-C2DC9694BC,20202.21,IMPS,2026-06-18T13:50:48,False,False,
TXN-FAD943BC27,ACC-259A629A07,ACC-F94199C495,38007.78,IMPS,2026-08-12T03:15:42,False,False,
TXN-D890DF0E80,ACC-9FEDF3D99B,ACC-3084D7D388,49006.34,NEFT,2026-06-12T20:12:31,False,False,
TXN-0A55D5D656,ACC-8C6EEE6E66,ACC-03F034657E,35099.36,NEFT,2026-05-02T19:51:05,False,False,
TXN-493869D261,ACC-A34D67F943,ACC-777B646391,41384.78,IMPS,2026-06-06T20:58:32,False,False,
TXN-71D0307103,ACC-2917D096F0,ACC-C7F14C5086,10415.65,RTGS,2026-05-15T01:58:08,False,False,
TXN-1A5B59E87D,ACC-4EC4D221E6,ACC-ADEE22EAB1,38814.94,NEFT,2026-02-02T17:33:18,False,False,
TXN-AF970DD24C,ACC-CFE43AA132,ACC-EAE932E25B,16857.75,IMPS,2026-07-22T03:07:45,False,False,
TXN-F7A1857BF8,ACC-FE85C6E186,ACC-4FE08D8EDF,10843.98,NEFT,2026-07-22T11:12:08,False,False,
TXN-D06F16ECF4,ACC-4CDAB72A3B,ACC-A6DE6B58BB,31857.14,UPI,2026-01-11T19:57:54,False,False,
TXN-B72B506629,ACC-54B9E3F978,ACC-C5D2B7C89F,13082.77,NEFT,2026-06-14T04:16:37,False,False,
TXN-FB2BF2D2E9,ACC-7893364839,ACC-3902FA8D9F,36652.91,NEFT,2026-04-11T21:06:20,False,False,
TXN-5A666595D1,ACC-89C7971B17,ACC-DD20BC5842,17852.77,UPI,2026-02-18T10:45:08,False,False,
TXN-0E18F07D45,ACC-F3BE1B6D2F,ACC-26A4FE84BC,28707.28,UPI,2026-06-25T23:38:15,False,False,
TXN-3C1CA7E431,ACC-14622DF05B,ACC-0EF9A10310,40308.3,IMPS,2026-05-17T01:22:43,False,False,
TXN-93374E4D3C,ACC-4D79601CD5,ACC-6364A8BD24,33412.73,IMPS,2026-05-27T16:05:58,False,False,
TXN-4F1B7DFB3E,ACC-B8FC9FB216,ACC-9BF271EE8F,12532.14,NEFT,2026-07-20T13:40:47,False,False,
TXN-8052B4EED3,ACC-C8239DDCE2,ACC-C6FBBC5DC0,41177.57,NEFT,2026-06-26T10:28:20,False,False,
TXN-F32FF7DD7C,ACC-C2AEE47C4B,ACC-898942215E,35639.69,RTGS,2026-02-01T19:48:10,False,False,
TXN-ED1D395687,ACC-4AC34A3CF5,ACC-12DEBE4D7D,21359.36,IMPS,2026-07-04T23:00:01,False,False,
TXN-B561E26FAE,ACC-2B5F825F48,ACC-2917D096F0,4088.02,RTGS,2026-08-17T10:47:20,False,False,
TXN-E56F0A1220,ACC-69261F9DE4,ACC-22C8A8AA60,38985.47,NEFT,2026-08-15T22:06:21,False,False,
TXN-92202AD7DF,ACC-F096D4C6E9,ACC-5B08E29A74,21286.43,RTGS,2026-07-10T02:51:12,False,False,
TXN-BAA02797D2,ACC-67A0A8E390,ACC-6E3E268136,41225.83,IMPS,2026-07-16T10:15:58,False,False,
TXN-EB0F27387F,ACC-75F2FA030F,ACC-0B9FA22C53,35615.3,IMPS,2026-07-19T07:14:07,False,False,
TXN-D4749A374C,ACC-16B5023BFB,ACC-1A158E2B39,34784.64,RTGS,2026-07-03T19:59:37,False,False,
TXN-B15D778DF8,ACC-8F71C06043,ACC-45ECE5D9E9,8010.62,NEFT,2026-02-16T02:58:47,False,False,
TXN-5AB447611C,ACC-9689E95CF5,ACC-B57DC57093,5694.74,NEFT,2026-08-11T01:14:01,False,False,
TXN-8C26980F7A,ACC-A27D9889F7,ACC-B6B4387074,26234.32,UPI,2026-05-25T06:19:36,False,False,
TXN-5C3515DA91,ACC-707D020FFD,ACC-40CE764DEC,15302.35,RTGS,2026-01-11T20:46:18,False,False,
TXN-5DD4D30579,ACC-7F97DE3607,ACC-FB8C719E6E,39232.87,RTGS,2026-01-19T21:27:38,False,False,
TXN-BCB3C7DBDB,ACC-707D020FFD,ACC-4FE08D8EDF,10935.96,RTGS,2026-01-01T19:26:26,False,False,
TXN-0F3B142D69,ACC-90CBA5197E,ACC-2F6B718C23,17562.72,UPI,2026-06-12T04:04:57,False,False,
TXN-4F71BB32DA,ACC-6F305E7DE2,ACC-72C44271E7,15623.15,RTGS,2026-05-12T04:44:27,False,False,
TXN-5F25D27F05,ACC-EB06C9ED42,ACC-F480D3981E,41756.11,IMPS,2026-02-23T19:07:16,False,False,
TXN-03E02A7E29,ACC-3BB48B1CF1,ACC-5B08E29A74,23154.62,RTGS,2026-06-24T09:40:47,False,False,
TXN-5A7EA59D47,ACC-637F34A9D9,ACC-4A6E5CA4CB,16395.77,RTGS,2026-05-31T09:17:34,False,False,
TXN-20AC87E55C,ACC-3CA1139AD6,ACC-750B08D60C,17082.09,UPI,2026-06-22T01:57:21,False,False,
TXN-67889BEB2E,ACC-4699D54DC3,ACC-016ED7C075,32366.64,IMPS,2026-01-10T15:11:27,False,False,
TXN-B86F531CF0,ACC-78A16E7E25,ACC-DB74204A77,39848.71,NEFT,2026-08-06T21:18:44,False,False,
TXN-B765131886,ACC-BDB1ACBE88,ACC-1CEC7DB577,32266.93,UPI,2026-03-16T17:32:49,False,False,
TXN-04386AA0F3,ACC-5EBDC3EF6B,ACC-3E4E52E0F7,28927.41,UPI,2026-08-10T11:03:46,False,False,
TXN-9B70ADCE2B,ACC-0B1CAB7B46,ACC-7ADF18BB0F,37577.82,UPI,2026-02-16T17:07:13,False,False,
TXN-96DBB1F964,ACC-AC37282B6E,ACC-639FF4E37D,9151.22,UPI,2026-04-17T18:50:11,False,False,
TXN-D8BE3FF7F6,ACC-DD90926B70,ACC-5719E56777,41518.59,RTGS,2026-02-02T20:58:33,False,False,
TXN-A975359B1D,ACC-5667CE7568,ACC-16277DA3F8,16157.47,UPI,2026-07-10T20:51:38,False,False,
TXN-B819D29FC3,ACC-0C3C054753,ACC-4CDAB72A3B,21963.47,RTGS,2026-01-10T08:13:36,False,False,
TXN-7122868F95,ACC-4CA38AEDEE,ACC-4E192E264E,19224.15,UPI,2026-02-14T12:33:55,False,False,
TXN-7A5AE6FF11,ACC-3C019EF409,ACC-3E4E52E0F7,8574.17,IMPS,2026-03-12T22:35:52,False,False,
TXN-650B76D104,ACC-D495744B0B,ACC-12D1954EB8,4663.5,NEFT,2026-06-08T04:05:29,False,False,
TXN-380AB9DB64,ACC-1E527431C0,ACC-DF69D91010,3133.9,NEFT,2026-03-12T11:18:34,False,False,
TXN-BD8FE27B94,ACC-D2D793E5E9,ACC-4590CA8AF6,3113.39,RTGS,2026-02-08T08:21:46,False,False,
TXN-8D96BE960F,ACC-4DEC6547E5,ACC-FB8C719E6E,20758.58,NEFT,2026-04-11T04:07:18,False,False,
TXN-815FBA66D2,ACC-4C3E73EFA6,ACC-3254A1CA4E,2783.53,IMPS,2026-08-20T20:29:10,False,False,
TXN-86E2D3D095,ACC-47A6DECA4B,ACC-E46609194C,24750.38,RTGS,2026-02-14T16:38:10,False,False,
TXN-116D92638F,ACC-43F0764A9E,ACC-259A629A07,16053.15,RTGS,2026-01-26T10:06:53,False,False,
TXN-8FCCFAF754,ACC-8E21016DF3,ACC-9348003ED1,20493.19,IMPS,2026-01-08T05:34:38,False,False,
TXN-8E4BB7328A,ACC-43F0764A9E,ACC-EB16F1E385,48181.04,UPI,2026-04-06T15:49:56,False,False,
TXN-FE598694C8,ACC-7CDA8721D4,ACC-D082666A95,32647.24,IMPS,2026-04-29T07:11:50,False,False,
TXN-80F2508ACE,ACC-31C7C84AB6,ACC-BD36F7BA6A,22409.92,IMPS,2026-02-25T06:57:24,False,False,
TXN-CF18186E13,ACC-C17DF81397,ACC-FE85C6E186,49268.37,IMPS,2026-07-28T18:11:42,False,False,
TXN-4A6EBE7660,ACC-852D8A89CD,ACC-D082666A95,22696.75,UPI,2026-06-30T10:52:15,False,False,
TXN-7BB409669E,ACC-C154C76851,ACC-A27D9889F7,32722.33,IMPS,2026-01-01T05:03:37,False,False,
TXN-6015BB1168,ACC-FBE8498AA0,ACC-42561BAF46,13810.49,NEFT,2026-05-28T15:17:15,False,False,
TXN-315893846B,ACC-37B3A93D4F,ACC-4283D26207,10795.16,NEFT,2026-01-18T15:56:54,False,False,
TXN-45E3E8A349,ACC-7302298273,ACC-4868E01901,26797.65,UPI,2026-04-27T18:09:09,False,False,
TXN-630B34799A,ACC-20C002644B,ACC-750B08D60C,34981.78,IMPS,2026-08-05T02:45:39,False,False,
TXN-A6C5289102,ACC-FE620C98BD,ACC-F2A8694245,10700.34,NEFT,2026-05-14T01:35:31,False,False,
TXN-170571454E,ACC-AAC5FB04B0,ACC-9ACE70AC5F,48986.09,RTGS,2026-04-17T00:40:00,False,False,
TXN-577C42AD24,ACC-5719E56777,ACC-C00F471205,49154.49,NEFT,2026-03-23T19:09:25,False,False,
TXN-45DE3D2F86,ACC-49CA71AD82,ACC-86858D0E29,16557.17,IMPS,2026-01-01T19:05:03,False,False,
TXN-A46A765179,ACC-A86A8F2CEF,ACC-542A9CBD37,413.11,UPI,2026-03-09T09:28:22,False,False,
TXN-389D4F2651,ACC-735C11E982,ACC-4D54803324,44784.36,RTGS,2026-06-02T13:04:41,False,False,
TXN-40BBC2C37A,ACC-FDB5A12E90,ACC-C3576ECEFE,39407.8,UPI,2026-07-29T04:34:32,False,False,
TXN-03ED6A6BEE,ACC-19A3798E9A,ACC-89971B1940,22369.8,UPI,2026-05-18T02:08:57,False,False,
TXN-A578F7E1A1,ACC-765C988E8A,ACC-0013C45F4C,18026.69,IMPS,2026-01-04T06:35:10,False,False,
TXN-8F049C28B0,ACC-F7241A5691,ACC-8CA8143342,18649.94,IMPS,2026-06-22T15:45:50,False,False,
TXN-3AE0BA47BD,ACC-B774B2D1BC,ACC-B8E1238B67,37208.59,NEFT,2026-05-19T23:08:01,False,False,
TXN-CE0391A369,ACC-1FAB4FE7F5,ACC-E5FF32B83D,40850.79,NEFT,2026-03-27T21:14:44,False,False,
TXN-C500722E15,ACC-6F896842BF,ACC-815F9190D9,48371.37,UPI,2026-04-20T00:50:20,False,False,
TXN-1683FE7005,ACC-6C36439464,ACC-97DE8F3D46,35407.01,IMPS,2026-01-03T18:30:24,False,False,
TXN-BCF5C005DB,ACC-AA2A409CCB,ACC-063B0DF9B6,19925.09,NEFT,2026-08-10T00:25:02,False,False,
TXN-E7B5DA4429,ACC-71B3F3476E,ACC-815F9190D9,8689.76,IMPS,2026-08-08T16:46:18,False,False,
TXN-F8BA7A30C2,ACC-91579CCF81,ACC-364CCC95E8,30228.03,IMPS,2026-01-26T09:12:18,False,False,
TXN-0623F29567,ACC-A7F8107923,ACC-EF4C528854,37349.48,IMPS,2026-04-11T19:52:31,False,False,
TXN-C5310B6BD0,ACC-BF9CB7E353,ACC-5D08515DA7,44073.95,NEFT,2026-03-16T12:11:09,False,False,
TXN-52DB9FFC24,ACC-1E527431C0,ACC-0C3C054753,49599.18,NEFT,2026-08-06T12:39:33,False,False,
TXN-38A4450031,ACC-174B868AF3,ACC-C9EC862861,46906.94,UPI,2026-05-06T10:34:16,False,False,
TXN-26B292D10D,ACC-F2A8694245,ACC-BD36F7BA6A,13846.97,RTGS,2026-07-12T11:05:28,False,False,
TXN-0ED0ECF31C,ACC-0735508F97,ACC-D82840F1AF,37999.28,IMPS,2026-01-19T05:44:32,False,False,
TXN-D6618D20B6,ACC-016ED7C075,ACC-D4C1048A81,26714.03,NEFT,2026-01-03T00:05:16,False,False,
TXN-CCA72958D4,ACC-73AD3C2674,ACC-E7FA384148,16868.35,UPI,2026-03-29T15:00:19,False,False,
TXN-E677AF647C,ACC-4AD834E3C4,ACC-852D8A89CD,47897.23,IMPS,2026-03-18T11:01:29,False,False,
TXN-614A5E7CF8,ACC-7514A16381,ACC-0CC0CED010,15678.13,UPI,2026-01-11T19:47:34,False,False,
TXN-6237E18F3B,ACC-8E42257DFC,ACC-F2A8694245,40441.34,NEFT,2026-04-08T05:59:07,False,False,
TXN-B240E6E7F5,ACC-55BDA24043,ACC-C89F6DD400,23784.11,NEFT,2026-01-22T03:21:03,False,False,
TXN-1E83CD8F1B,ACC-F185D565E6,ACC-B8FC9FB216,39746.73,UPI,2026-08-22T00:04:34,False,False,
TXN-8393BA86A1,ACC-E8ED755DF3,ACC-AF3A1DDB76,38252.11,RTGS,2026-08-13T20:03:37,False,False,
TXN-F9B7CEABB0,ACC-F7241A5691,ACC-24E98BF3A4,48731.37,UPI,2026-05-27T13:34:39,False,False,
TXN-5AA8F3B2DC,ACC-BC27322374,ACC-86D9F6EBB9,3438.41,IMPS,2026-01-25T01:54:09,False,False,
TXN-4787911FCF,ACC-C0D660E6FD,ACC-4B2C067387,15213.26,RTGS,2026-01-26T13:12:34,False,False,
TXN-C8C62E3B5D,ACC-A1F6C1B59A,ACC-44E03E54BF,2978.34,UPI,2026-04-25T12:49:24,False,False,
TXN-1929D3DA56,ACC-65FA99C299,ACC-8C6EEE6E66,4972.35,RTGS,2026-04-01T12:45:40,False,False,
TXN-E0D7F0E171,ACC-86858D0E29,ACC-DCADBBE396,31275.61,RTGS,2026-05-30T02:23:38,False,False,
TXN-6DD8691C27,ACC-31D8A89722,ACC-478A68504D,44020.92,UPI,2026-05-12T21:27:17,False,False,
TXN-BD829FC2E2,ACC-0BA17EEC9F,ACC-AE4D16816A,39189.87,RTGS,2026-07-20T20:46:24,False,False,
TXN-7E159B5609,ACC-67E6A14EEA,ACC-DE5B619833,9785.57,UPI,2026-01-05T18:32:16,False,False,
TXN-B2067FA46B,ACC-D6689B88F1,ACC-4590CA8AF6,3563.71,IMPS,2026-08-11T14:43:27,False,False,
TXN-F6A040771C,ACC-F1A6C1EA09,ACC-47795EDE90,25543.12,NEFT,2026-06-13T12:04:10,False,False,
TXN-91BA8F0CC6,ACC-6F305E7DE2,ACC-5BF5891FE1,31118.37,IMPS,2026-04-05T10:20:43,False,False,
TXN-05BE7237B6,ACC-8F943FF21B,ACC-546990EA97,3212.46,NEFT,2026-08-16T00:08:33,False,False,
TXN-6D20A9DAFC,ACC-2E4FEC1EA8,ACC-A830244D0A,47995.12,NEFT,2026-05-01T20:29:04,False,False,
TXN-255E85DB98,ACC-6CE41F6087,ACC-3E4E52E0F7,38819.68,IMPS,2026-07-02T08:16:43,False,False,
TXN-4A4ECA1FC3,ACC-39C9248263,ACC-C470247F3E,17276.44,NEFT,2026-01-04T03:19:41,False,False,
TXN-2D4D63D4D1,ACC-666B15ED36,ACC-47A6DECA4B,32952.3,IMPS,2026-01-23T06:14:21,False,False,
TXN-8A26FF12AB,ACC-1D7B8F9113,ACC-DD20BC5842,40995.35,UPI,2026-06-13T21:53:41,False,False,
TXN-34E5B6EA9B,ACC-A34D67F943,ACC-AA2A409CCB,48830.24,IMPS,2026-01-27T13:34:09,False,False,
TXN-7D8FCC2EFB,ACC-94CA2362BA,ACC-7ADF18BB0F,33459.43,RTGS,2026-08-21T22:11:23,False,False,
TXN-939A13D592,ACC-18A95F0463,ACC-76B304AAAA,42630.03,NEFT,2026-08-28T06:29:50,False,False,
TXN-1DDF20EB3E,ACC-4D79601CD5,ACC-4AF65220ED,16565.23,UPI,2026-06-26T10:24:08,False,False,
TXN-153F91F60A,ACC-162408A040,ACC-D5B4E47CC4,11126.41,UPI,2026-03-28T14:44:40,False,False,
TXN-6862B56BE8,ACC-18A95F0463,ACC-3B161F37FC,23433.53,IMPS,2026-04-03T19:49:08,False,False,
TXN-E985072CD6,ACC-6F305E7DE2,ACC-AEEECF22FC,38463.75,NEFT,2026-05-26T23:45:07,False,False,
TXN-5321D538CD,ACC-DD90926B70,ACC-B3DBC46391,9375.38,UPI,2026-05-21T21:42:03,False,False,
TXN-0619C3F940,ACC-5CF210449D,ACC-EDB7761749,18022.76,UPI,2026-02-25T07:16:57,False,False,
TXN-DCB7A8535D,ACC-62B369F1B3,ACC-907F3585BC,9881.29,NEFT,2026-01-18T01:13:21,False,False,
TXN-4BED06A33B,ACC-0E0C1E2E4E,ACC-B739AC709B,10051.68,IMPS,2026-03-27T00:42:56,False,False,
TXN-503955A926,ACC-01947BC03F,ACC-5487A8885D,8879.37,IMPS,2026-03-11T08:07:36,False,False,
TXN-112781843B,ACC-AA2A409CCB,ACC-95F0624A85,8968.66,NEFT,2026-02-09T07:09:40,False,False,
TXN-16B00373B3,ACC-E03D1772D7,ACC-44E03E54BF,7034.73,UPI,2026-05-12T09:57:38,False,False,
TXN-EEE220947A,ACC-AEE8AC8B42,ACC-707D020FFD,22918.94,NEFT,2026-05-25T14:33:21,False,False,
TXN-4D663089D2,ACC-BD293A9B4B,ACC-2E36E5F8A4,47069.86,RTGS,2026-01-26T09:21:45,False,False,
TXN-CA72BA099D,ACC-41740025DD,ACC-1BE237EF1F,44159.61,IMPS,2026-03-15T15:35:00,False,False,
TXN-1123C0F478,ACC-1FAB4FE7F5,ACC-DE0D74A0CF,19034.14,NEFT,2026-05-04T11:31:25,False,False,
TXN-ED9F36C5AC,ACC-86858D0E29,ACC-ABD4538C3C,48853.68,IMPS,2026-01-18T22:34:13,False,False,
TXN-19F674DA00,ACC-7CDA8721D4,ACC-11B514782C,29448.83,NEFT,2026-02-27T16:44:38,False,False,
TXN-BA34F804C4,ACC-A2FBAF3CC0,ACC-55BDA24043,2852.3,NEFT,2026-02-19T02:40:44,False,False,
TXN-9CBC5AF2BE,ACC-246DDFB129,ACC-14B161A190,44314.55,IMPS,2026-02-01T14:46:29,False,False,
TXN-3FB871BB85,ACC-CB2D6018FF,ACC-6F4436A295,30821.35,IMPS,2026-07-17T12:37:27,False,False,
TXN-84819E0B10,ACC-CB3F05F503,ACC-E3CDF1B8F6,44144.62,NEFT,2026-07-13T15:10:29,False,False,
TXN-D299B8F343,ACC-22C8A8AA60,ACC-31D8A89722,9114.13,NEFT,2026-07-24T01:47:17,False,False,
TXN-13D3464ECD,ACC-C33D5B366A,ACC-E459DE3C78,35839.36,RTGS,2026-07-03T23:44:45,False,False,
TXN-B8CECDE865,ACC-4D424AD3CE,ACC-0E693A23A9,20167.11,UPI,2026-03-22T11:14:24,False,False,
TXN-0ECA69AC4B,ACC-B7823C27D8,ACC-2615FB9091,22713.59,IMPS,2026-06-03T18:03:18,False,False,
TXN-D0BEA044E6,ACC-14300691C9,ACC-C01D8EE4E1,21366.14,RTGS,2026-08-10T21:33:28,False,False,
TXN-C12068C7EC,ACC-D0A2372515,ACC-40CE764DEC,12875.56,UPI,2026-02-22T04:02:57,False,False,
TXN-F7BC4A0A1E,ACC-E3CDF1B8F6,ACC-1F0F3CBE01,14893.39,NEFT,2026-03-31T09:24:37,False,False,
TXN-CB206CD6B3,ACC-6CE41F6087,ACC-64133B7277,23369.6,NEFT,2026-06-15T11:33:42,False,False,
TXN-57CA02B218,ACC-4AE564720E,ACC-A1213A3BAA,21738.78,NEFT,2026-07-13T05:26:14,False,False,
TXN-174E297C79,ACC-4E192E264E,ACC-134110EB77,19242.07,IMPS,2026-06-21T12:50:06,False,False,
TXN-865DE53DE4,ACC-6F896842BF,ACC-F37C68CD36,32338.67,NEFT,2026-02-02T00:11:46,False,False,
TXN-4C0624AF5F,ACC-C21DAC488E,ACC-62FE6D513D,25736.99,UPI,2026-04-18T08:28:02,False,False,
TXN-2C3055A0BA,ACC-5D08515DA7,ACC-C2AEE47C4B,6105.68,NEFT,2026-01-15T20:48:30,False,False,
TXN-B27D20AA66,ACC-54D1D15CE3,ACC-2FFF4B263F,16821.14,NEFT,2026-04-08T02:23:21,False,False,
TXN-85419E598E,ACC-5A1EE3F0E9,ACC-11BAA92237,40815.13,NEFT,2026-03-16T00:54:58,False,False,
TXN-A90C4183B1,ACC-4D6FD21437,ACC-0BA8E5E1C6,49900.19,NEFT,2026-01-04T07:32:29,False,False,
TXN-57E3D382DC,ACC-D6B7EC030A,ACC-4D79601CD5,14235.89,NEFT,2026-06-06T19:47:33,False,False,
TXN-3CCBB103E5,ACC-3F1332028A,ACC-A930381713,37938.74,UPI,2026-07-03T07:23:45,False,False,
TXN-C779053147,ACC-E29496DB40,ACC-527DD88844,49465.88,IMPS,2026-06-04T09:01:04,False,False,
TXN-E6D0D9C5D8,ACC-5D08515DA7,ACC-73C38DBB72,36222.13,IMPS,2026-07-04T06:05:06,False,False,
TXN-046D543E11,ACC-6F896842BF,ACC-08756AA444,29432.78,RTGS,2026-06-29T04:34:13,False,False,
TXN-0B89B36F84,ACC-4CDAB72A3B,ACC-24E98BF3A4,15791.13,IMPS,2026-06-16T12:38:24,False,False,
TXN-FAC90E63E9,ACC-D6B7EC030A,ACC-E0BA6B7C1D,21000.86,RTGS,2026-06-24T18:02:32,False,False,
TXN-2D59EAE3E8,ACC-F92965B93C,ACC-0E0C1E2E4E,18860.07,IMPS,2026-04-29T16:08:12,False,False,
TXN-E728EC7799,ACC-9BF271EE8F,ACC-B774B2D1BC,25090.05,NEFT,2026-05-12T23:22:22,False,False,
TXN-B61453745F,ACC-0F9E6E857D,ACC-3CD4B5DA97,21400.82,RTGS,2026-07-28T18:49:57,False,False,
TXN-C8A55EB2CF,ACC-4D79601CD5,ACC-D776A0BE4C,29430.36,UPI,2026-02-24T00:49:47,False,False,
TXN-A287AE0662,ACC-97177103D0,ACC-A6FBC3240E,28495.91,RTGS,2026-05-29T02:08:47,False,False,
TXN-5C492DBC1D,ACC-CBD640205D,ACC-55AB15FD2D,3372.72,RTGS,2026-03-15T03:26:37,False,False,
TXN-0152F45F69,ACC-F480D3981E,ACC-64AB233688,16576.3,RTGS,2026-04-29T07:30:05,False,False,
TXN-740E8084B1,ACC-0309D08B25,ACC-2E36E5F8A4,5394.8,IMPS,2026-01-13T10:48:46,False,False,
TXN-8277386138,ACC-8663F4CB7F,ACC-C470247F3E,24532.94,IMPS,2026-03-19T06:48:09,False,False,
TXN-F186577223,ACC-159EC4E2F6,ACC-4B95B5E62E,14334.12,IMPS,2026-04-24T01:18:00,False,False,
TXN-216832EC9C,ACC-DCADBBE396,ACC-AEA5766321,3684.98,UPI,2026-05-24T04:05:17,False,False,
TXN-5B4D509F46,ACC-666B15ED36,ACC-32FCC8C65C,8756.92,RTGS,2026-06-01T21:21:55,False,False,
TXN-6B7B0E4342,ACC-D0A2372515,ACC-3902FA8D9F,6631.06,RTGS,2026-07-05T17:37:25,False,False,
TXN-C3BB8DCE48,ACC-76274A7181,ACC-6EB684699B,19571.85,IMPS,2026-02-20T11:03:23,False,False,
TXN-F5E438E9B8,ACC-DD90926B70,ACC-2690ED0E5C,21723.59,RTGS,2026-03-03T15:56:54,False,False,
TXN-06782353F4,ACC-0BA8E5E1C6,ACC-6E4E1E9D4F,46969.88,IMPS,2026-07-15T03:24:23,False,False,
TXN-98A26439E6,ACC-CF935DAC6A,ACC-B3C08E3167,23056.03,IMPS,2026-01-03T21:22:35,False,False,
TXN-18C50E3DF3,ACC-7F97DE3607,ACC-2917D096F0,3385.71,RTGS,2026-08-23T21:35:51,False,False,
TXN-D889850E87,ACC-CABEA4CE2A,ACC-0949F0D18E,16578.79,RTGS,2026-06-28T17:25:02,False,False,
TXN-27EA03D471,ACC-8CA8143342,ACC-AD57584C63,2146.42,UPI,2026-04-22T19:31:56,False,False,
TXN-E5136662F7,ACC-DB242399C2,ACC-B4EF26F30C,17469.74,NEFT,2026-06-01T21:13:35,False,False,
TXN-5F06538003,ACC-A934D822B8,ACC-38AC7EBCEF,20869.63,IMPS,2026-08-28T21:43:17,False,False,
TXN-52547263F5,ACC-AD0BCCC4E1,ACC-F2A8694245,22999.84,IMPS,2026-08-09T19:52:42,False,False,
TXN-098FFC0FEA,ACC-7803864F0D,ACC-F94199C495,34992.51,UPI,2026-04-04T02:07:18,False,False,
TXN-5EDA2C6662,ACC-AD385E3FB0,ACC-18C29B6F29,44151.28,NEFT,2026-01-26T22:05:52,False,False,
TXN-E662369F19,ACC-E0BA6B7C1D,ACC-3A002A27CF,36175.99,IMPS,2026-07-11T15:38:15,False,False,
TXN-3587400891,ACC-C8A8330605,ACC-5B113A2100,27730.63,NEFT,2026-01-30T17:20:42,False,False,
TXN-72B9C5F6D9,ACC-27F3C98FB7,ACC-1FAEE737D8,25318.86,NEFT,2026-06-09T06:22:20,False,False,
TXN-6D1BE8F6FE,ACC-4AE564720E,ACC-7514A16381,12787.78,UPI,2026-06-29T11:42:47,False,False,
TXN-32DD8C4847,ACC-D2D793E5E9,ACC-E515F4F75D,32015.56,RTGS,2026-05-29T00:37:38,False,False,
TXN-3DEFFFFA19,ACC-3552A8B7B0,ACC-11BAA92237,20087.22,IMPS,2026-06-04T01:16:21,False,False,
TXN-CDF7CCEC96,ACC-63C5769D16,ACC-5CF210449D,12680.17,IMPS,2026-05-08T00:53:22,False,False,
TXN-B55867CF68,ACC-7794BFD170,ACC-C437E4BF08,23319.43,RTGS,2026-01-27T12:00:59,False,False,
TXN-5B38A7C810,ACC-AA6D5EBBA7,ACC-1BDE0C98DE,32919.73,RTGS,2026-02-24T11:16:42,False,False,
TXN-E1281C9731,ACC-B727761BBE,ACC-26BB62B633,42109.81,IMPS,2026-01-08T00:23:18,False,False,
TXN-CE53BDC112,ACC-16277DA3F8,ACC-9FC0AFB708,9026.38,UPI,2026-07-27T15:20:05,False,False,
TXN-F8975B2BAC,ACC-F79E5B6E30,ACC-55AB15FD2D,8588.98,UPI,2026-04-17T02:53:44,False,False,
TXN-73DC9CEE8A,ACC-97177103D0,ACC-DBA678DC6E,18032.73,IMPS,2026-01-14T09:02:57,False,False,
TXN-C31433BC7F,ACC-AE4D16816A,ACC-DE0D74A0CF,10965.09,UPI,2026-07-23T01:32:35,False,False,
TXN-B15B959A42,ACC-29FC810E66,ACC-C00F471205,35877.24,UPI,2026-06-01T16:49:38,False,False,
TXN-F24228E07C,ACC-4AD834E3C4,ACC-FB262F231A,22310.54,UPI,2026-01-19T21:35:16,False,False,
TXN-C41BDF7A66,ACC-FB32091F6D,ACC-EB06C9ED42,38402.29,IMPS,2026-05-26T11:56:30,False,False,
TXN-7502EB9018,ACC-43F7F1BA86,ACC-D03850541F,4751.04,RTGS,2026-01-11T20:27:30,False,False,
TXN-E36B93BC8D,ACC-8F1BE8A8CB,ACC-0A5EE1B113,41062.22,UPI,2026-03-27T15:50:28,False,False,
TXN-0F857F8BA0,ACC-C9091D07F2,ACC-3BC75DF505,8560.57,IMPS,2026-01-18T02:13:34,False,False,
TXN-4E0CBB2AA9,ACC-5F15AE2D5F,ACC-527DD88844,5562.65,NEFT,2026-05-06T07:35:29,False,False,
TXN-DB0FE3CD8E,ACC-31878FEFFC,ACC-FC78CBF289,9639.47,IMPS,2026-07-30T09:02:04,False,False,
TXN-B960DDF9A6,ACC-750B08D60C,ACC-478A68504D,6216.04,IMPS,2026-02-11T02:55:21,False,False,
TXN-208A9BDCB2,ACC-FA10BE1FA4,ACC-744D8EC3A9,8846.35,RTGS,2026-05-03T19:34:21,False,False,
TXN-4140474F8F,ACC-8762C82C0F,ACC-38A80976AA,10795.84,IMPS,2026-01-26T15:18:58,False,False,
TXN-9BF073F965,ACC-F596F82B97,ACC-26BB62B633,32567.26,NEFT,2026-01-18T01:32:26,False,False,
TXN-85FB291BA3,ACC-25C9887F3A,ACC-14300691C9,20672.62,RTGS,2026-02-09T12:58:17,False,False,
TXN-845E5CBD87,ACC-E2A3133D65,ACC-E905AF5F05,39604.74,IMPS,2026-04-08T20:15:08,False,False,
TXN-4AE877DBE9,ACC-7803864F0D,ACC-4FD85A4C52,16352.84,RTGS,2026-02-21T15:00:38,False,False,
TXN-590C603273,ACC-C06C86F552,ACC-38AC7EBCEF,31840.6,NEFT,2026-07-07T05:46:51,False,False,
TXN-ECCB3A22C5,ACC-6082943E35,ACC-27BAF0D834,1078.91,RTGS,2026-05-29T11:57:35,False,False,
TXN-66008D817F,ACC-1FBBC00607,ACC-B032E7B84B,37142.33,UPI,2026-04-01T08:02:39,False,False,
TXN-FF120D997F,ACC-E03D1772D7,ACC-E6C3585964,37995.26,UPI,2026-04-30T22:40:40,False,False,
TXN-05CB5D943C,ACC-E46609194C,ACC-9BF271EE8F,21539.19,IMPS,2026-08-29T16:38:23,False,False,
TXN-ADD7B9F5BB,ACC-21E3AE70D3,ACC-FBE8498AA0,7050.26,RTGS,2026-04-26T04:38:58,False,False,
TXN-BFA2D5FFDE,ACC-B0ADCF0EF4,ACC-EDF8AEA14D,18912.25,UPI,2026-04-03T10:55:01,False,False,
TXN-32E2C09C5A,ACC-5BF5891FE1,ACC-4C3B5F7DD0,49429.86,RTGS,2026-05-08T15:36:41,False,False,
TXN-F4FCEED6D3,ACC-933DCCC0E8,ACC-016ED7C075,16013.43,UPI,2026-07-22T06:53:12,False,False,
TXN-4891AD2046,ACC-31FE231B1B,ACC-9775561CCA,40672.98,UPI,2026-03-30T22:31:41,False,False,
TXN-81159E7103,ACC-AD0BCCC4E1,ACC-76B304AAAA,17267.88,IMPS,2026-07-29T10:44:59,False,False,
TXN-C053F6864C,ACC-9A82A8F408,ACC-3BC75DF505,49421.14,IMPS,2026-08-25T03:33:35,False,False,
TXN-BCFA614F61,ACC-65FA99C299,ACC-56BE8634FF,16217.52,RTGS,2026-01-03T08:19:18,False,False,
TXN-3329665227,ACC-4A9DCACDDC,ACC-AC74C712B4,3685.25,IMPS,2026-01-21T05:40:16,False,False,
TXN-570FD44106,ACC-7B282E32C1,ACC-47E287D902,46926.07,IMPS,2026-02-05T15:15:34,False,False,
TXN-2BC1311227,ACC-CCEA09B822,ACC-C5D2B7C89F,27532.59,IMPS,2026-04-02T18:34:12,False,False,
TXN-3EAD122E7B,ACC-DD20BC5842,ACC-DCE8AEC782,21426.74,RTGS,2026-05-01T23:02:43,False,False,
TXN-C93F521B28,ACC-7514A16381,ACC-190183B2DC,10037.31,RTGS,2026-03-10T12:29:53,False,False,
TXN-EF2CDE1D21,ACC-F2C2B527B9,ACC-CA717E470D,15294.42,RTGS,2026-03-20T05:11:36,False,False,
TXN-B4EBF5C6D7,ACC-A26ED4E77D,ACC-6F305E7DE2,4184.8,NEFT,2026-06-04T15:54:27,False,False,
TXN-5FA7B6A97C,ACC-EB06C9ED42,ACC-699468409A,23641.53,RTGS,2026-07-16T05:40:04,False,False,
TXN-DEA8043FDF,ACC-B982011985,ACC-AEEECF22FC,21784.84,IMPS,2026-07-07T04:34:20,False,False,
TXN-2677C30426,ACC-832DB8563C,ACC-5B113A2100,19194.68,UPI,2026-04-27T14:21:39,False,False,
TXN-D05A245E3E,ACC-D6689B88F1,ACC-EAE932E25B,7809.38,IMPS,2026-04-10T22:07:57,False,False,
TXN-81A7E33DFD,ACC-A0AF725079,ACC-7B9514B58D,15431.19,NEFT,2026-05-26T16:37:20,False,False,
TXN-45090B3FAA,ACC-31878FEFFC,ACC-F2C2B527B9,24146.05,NEFT,2026-02-23T01:43:46,False,False,
TXN-EDFD8A617E,ACC-6B7FC0B72D,ACC-B8F764D783,9946.64,IMPS,2026-01-02T14:57:56,False,False,
TXN-C457C791FA,ACC-FFAB625EFD,ACC-71B3F3476E,36572.36,NEFT,2026-07-10T20:40:50,False,False,
TXN-6331F894F2,ACC-ADEE22EAB1,ACC-5F15AE2D5F,47026.19,NEFT,2026-05-30T03:29:17,False,False,
TXN-3BB3DC184B,ACC-C2B46B24FC,ACC-FB262F231A,32124.23,UPI,2026-06-08T18:10:35,False,False,
TXN-5B7C7DBBE3,ACC-F69EFF6313,ACC-F7241A5691,19364.34,IMPS,2026-03-17T10:20:16,False,False,
TXN-C94BD0D34D,ACC-7CDA8721D4,ACC-2E4FEC1EA8,47863.42,NEFT,2026-07-17T21:53:39,False,False,
TXN-41117B9AF5,ACC-847A760E3C,ACC-701A2F2D0F,31821.99,NEFT,2026-01-23T09:50:45,False,False,
TXN-107CF189C7,ACC-0BA17EEC9F,ACC-92BA6DED1D,46340.63,IMPS,2026-04-05T02:53:32,False,False,
TXN-9A69E21FF8,ACC-867E2E7256,ACC-3F63039D0D,46089.13,NEFT,2026-01-11T23:21:56,False,False,
TXN-77BDA55B1E,ACC-E0BA6B7C1D,ACC-0833635625,32337.61,NEFT,2026-08-24T03:04:08,False,False,
TXN-75ED2C9E4D,ACC-379E774384,ACC-03F034657E,7538.9,IMPS,2026-08-22T20:26:18,False,False,
TXN-CF729695C6,ACC-21AD94C61E,ACC-C00F471205,42107.49,UPI,2026-02-15T08:00:30,False,False,
TXN-990F9494EE,ACC-655E91503F,ACC-4AC34A3CF5,32290.99,RTGS,2026-06-04T10:31:27,False,False,
TXN-22002D58A4,ACC-2030851CD5,ACC-47A6DECA4B,48712.45,UPI,2026-07-21T09:06:55,False,False,
TXN-E081CA4829,ACC-7ADF18BB0F,ACC-852D8A89CD,8458.02,RTGS,2026-04-09T04:55:50,False,False,
TXN-5DAEE6FD8B,ACC-7C2A155650,ACC-5A1EE3F0E9,25132.21,RTGS,2026-08-16T14:39:33,False,False,
TXN-987AAED771,ACC-FB262F231A,ACC-651117ECCC,20698.13,UPI,2026-02-12T10:30:29,False,False,
TXN-53A810B213,ACC-5B08E29A74,ACC-72C44271E7,38879.22,NEFT,2026-02-25T10:11:09,False,False,
TXN-003FCEB0C2,ACC-43F0764A9E,ACC-C437E4BF08,10634.37,RTGS,2026-04-30T15:42:12,False,False,
TXN-4A0150DD45,ACC-E73288F9DD,ACC-721930AB12,40856.19,UPI,2026-02-07T14:54:00,False,False,
TXN-A699CE2981,ACC-159EC4E2F6,ACC-B2F5356E7C,34876.57,RTGS,2026-04-22T23:31:33,False,False,
TXN-86D266939A,ACC-AD0BCCC4E1,ACC-DFABF003B7,8697.59,NEFT,2026-03-14T09:22:27,False,False,
TXN-AAB28B1648,ACC-97DE8F3D46,ACC-933DCCC0E8,10061.42,IMPS,2026-07-15T04:41:58,False,False,
TXN-11B92BAEA8,ACC-C7640E1436,ACC-4AE564720E,28441.19,IMPS,2026-03-14T02:16:19,False,False,
TXN-7528C112F8,ACC-2FFF4B263F,ACC-586C2C4507,37545.8,IMPS,2026-04-11T17:20:06,False,False,
TXN-60BD8B029F,ACC-B57DC57093,ACC-DBA678DC6E,31416.5,UPI,2026-03-06T12:24:28,False,False,
TXN-585BB255B2,ACC-21E3AE70D3,ACC-C963CD9027,4468.21,UPI,2026-04-18T11:36:38,False,False,
TXN-76B1240A81,ACC-9A72BC781A,ACC-FD09B22B95,1677.4,IMPS,2026-07-05T14:19:26,False,False,
TXN-DEBE6EE823,ACC-0B9FA22C53,ACC-91579CCF81,38074.57,UPI,2026-01-24T17:05:15,False,False,
TXN-A704E2F0DC,ACC-7EDF6E2936,ACC-E3CDF1B8F6,47769.64,UPI,2026-02-07T14:37:53,False,False,
TXN-428EBEFEAC,ACC-E273084685,ACC-0B1CAB7B46,39630.97,RTGS,2026-08-23T04:13:34,False,False,
TXN-955BD5DE69,ACC-B8FC9FB216,ACC-EA88E8CA7B,13438.62,RTGS,2026-07-03T18:50:23,False,False,
TXN-EC6C60BB80,ACC-A6DE6B58BB,ACC-0A5EE1B113,30297.7,NEFT,2026-05-24T23:58:04,False,False,
TXN-B990A80C2B,ACC-364CCC95E8,ACC-3552A8B7B0,49972.37,IMPS,2026-05-21T06:43:37,False,False,
TXN-9DF8D1EC80,ACC-0833635625,ACC-62606F5DC1,19046.1,UPI,2026-05-19T06:25:58,False,False,
TXN-BCBB0A1245,ACC-A6FBC3240E,ACC-9FC0AFB708,353.62,RTGS,2026-02-23T22:17:50,False,False,
TXN-108B788748,ACC-071B895276,ACC-9689E95CF5,6320.15,NEFT,2026-04-07T12:32:19,False,False,
TXN-16CA888D90,ACC-AECA8D84BB,ACC-FE70458486,30993.91,RTGS,2026-07-19T23:20:46,False,False,
TXN-0323521124,ACC-735C11E982,ACC-BD293A9B4B,9559.16,NEFT,2026-01-07T11:00:20,False,False,
TXN-F9EA48AE34,ACC-0FF32FDF91,ACC-6BA07DAEE0,43697.04,NEFT,2026-06-22T13:14:00,False,False,
TXN-A789E58B44,ACC-6F896842BF,ACC-16277DA3F8,24329.9,UPI,2026-05-16T06:42:28,False,False,
TXN-EB4BD24194,ACC-478A68504D,ACC-542A9CBD37,49346.2,UPI,2026-05-30T11:08:29,False,False,
TXN-FADFB6B632,ACC-C963CD9027,ACC-16277DA3F8,9914.83,IMPS,2026-07-21T23:15:30,False,False,
TXN-0570C6843E,ACC-78A16E7E25,ACC-CF935DAC6A,25330.9,IMPS,2026-07-13T08:59:52,False,False,
TXN-1066CAF4AB,ACC-AC6E983ECA,ACC-7ACEB00C1E,41651.23,RTGS,2026-03-07T06:21:57,False,False,
TXN-2259F9C794,ACC-2917D096F0,ACC-2E794F15F7,24211.99,IMPS,2026-04-05T12:14:32,False,False,
TXN-84AE8B5390,ACC-E273084685,ACC-130E527A8D,37711.98,UPI,2026-02-10T23:02:55,False,False,
TXN-86D0302AC6,ACC-9CAE4D5853,ACC-6B7FC0B72D,1655.24,NEFT,2026-05-29T22:23:02,False,False,
TXN-5148C213EE,ACC-5EF11517C0,ACC-67B3AE715B,11174.73,NEFT,2026-07-04T23:27:33,False,False,
TXN-D983C5CFA0,ACC-7794BFD170,ACC-1CEC7DB577,33340.72,RTGS,2026-02-05T02:58:41,False,False,
TXN-A8672BE6E0,ACC-7C2A155650,ACC-C06C86F552,43622.64,UPI,2026-05-14T07:05:46,False,False,
TXN-87AFB19C3D,ACC-EB06C9ED42,ACC-81C5183F45,37199.8,RTGS,2026-08-07T05:17:13,False,False,
TXN-EA9DC2DB63,ACC-D51E8CAB49,ACC-3CA1139AD6,11332.83,UPI,2026-04-24T00:05:51,False,False,
TXN-A0B3AE18F6,ACC-AC6E983ECA,ACC-40C97E39E2,4639.14,IMPS,2026-02-15T02:11:18,False,False,
TXN-F63AC4A928,ACC-72C44271E7,ACC-62E67F6055,6545.39,NEFT,2026-05-28T15:40:30,False,False,
TXN-0EBF3F4F53,ACC-D8121DF259,ACC-049BEC7606,283.59,UPI,2026-08-18T03:45:20,False,False,
TXN-7DECD56BBD,ACC-7F0DBD2FAA,ACC-336CDB3E2E,42386.51,RTGS,2026-05-05T03:17:18,False,False,
TXN-8E2907A17D,ACC-655E91503F,ACC-05DF6021DB,39916.4,IMPS,2026-07-21T20:26:02,False,False,
TXN-10560EF529,ACC-6F4436A295,ACC-9689E95CF5,29620.64,UPI,2026-06-03T12:34:42,False,False,
TXN-D9907797B5,ACC-B774B2D1BC,ACC-FDB5A12E90,42647.63,NEFT,2026-02-26T04:42:32,False,False,
TXN-8204ADD3A7,ACC-F92E70E3C1,ACC-B7823C27D8,25091.67,RTGS,2026-02-27T06:06:14,False,False,
TXN-E93A4928AF,ACC-0013C45F4C,ACC-4FE08D8EDF,7464.36,UPI,2026-08-21T13:58:08,False,False,
TXN-2EBC4291FD,ACC-4DEC6547E5,ACC-39C9248263,25218.42,UPI,2026-04-17T04:45:44,False,False,
TXN-F9DC79DF66,ACC-2030851CD5,ACC-DFFB3F40EF,24018.48,IMPS,2026-07-12T05:58:20,False,False,
TXN-D7D53E777B,ACC-2C977634DF,ACC-2FE4F9E6DB,48331.49,UPI,2026-05-10T09:07:56,False,False,
TXN-C7555EAB5E,ACC-B2E0AC9287,ACC-CF935DAC6A,10688.53,IMPS,2026-01-21T09:57:12,False,False,
TXN-59C4CBBA37,ACC-81F1B479A1,ACC-11553C3108,42867.58,RTGS,2026-04-27T03:49:50,False,False,
TXN-B83AB4FE21,ACC-DCADBBE396,ACC-3E8F3ABF9C,49554.95,RTGS,2026-05-12T00:53:25,False,False,
TXN-2E66E8AEB2,ACC-D8D4E9B435,ACC-1E527431C0,23776.4,NEFT,2026-06-01T23:45:53,False,False,
TXN-C4EC99D833,ACC-55AB15FD2D,ACC-D0AE8D3A4E,26486.65,NEFT,2026-04-20T15:49:26,False,False,
TXN-B31B449F6F,ACC-93A4E5AEC0,ACC-E7FA384148,35115.21,RTGS,2026-02-07T19:05:02,False,False,
TXN-8FE9BC9463,ACC-D6669E7AAC,ACC-744D8EC3A9,37662.87,UPI,2026-04-29T02:10:30,False,False,
TXN-D8F7FF1E31,ACC-98518C4C77,ACC-65DDB8C5FD,8351.98,IMPS,2026-06-21T14:39:17,False,False,
TXN-AF5D5EA505,ACC-29D2E7CBB1,ACC-E459DE3C78,14695.86,IMPS,2026-03-23T11:09:50,False,False,
TXN-0BA469E961,ACC-14300691C9,ACC-C437E4BF08,9943.62,UPI,2026-05-21T16:11:20,False,False,
TXN-8F8E1224D8,ACC-3A002A27CF,ACC-AD57584C63,5277.0,IMPS,2026-05-27T05:45:15,False,False,
TXN-BF0659C058,ACC-7883394F1B,ACC-18CA389BCC,42114.67,UPI,2026-02-07T07:13:47,False,False,
TXN-7615606755,ACC-7E47E73A36,ACC-29CB0EC2FB,9145.72,UPI,2026-02-15T13:45:06,False,False,
TXN-561A39808D,ACC-4A829B5104,ACC-19D7F4B97F,17056.59,RTGS,2026-02-27T16:45:25,False,False,
TXN-9C3819A81F,ACC-89C7971B17,ACC-EB4D2BF02E,20318.9,UPI,2026-02-16T03:19:11,False,False,
TXN-7839F1AA11,ACC-3999FEBF46,ACC-F4366809DC,24533.57,IMPS,2026-05-26T18:43:02,False,False,
TXN-6F1E7A484C,ACC-81F1B479A1,ACC-7C2A155650,49559.97,UPI,2026-06-30T01:45:10,False,False,
TXN-0594970099,ACC-19D7F4B97F,ACC-CFBD921E4D,13905.76,RTGS,2026-05-23T15:41:56,False,False,
TXN-EFE87FD626,ACC-32FCC8C65C,ACC-01D44AE2F0,6008.06,UPI,2026-07-09T23:50:46,False,False,
TXN-1EEFECF429,ACC-29FC810E66,ACC-C46FDCD89C,45442.23,IMPS,2026-01-09T22:37:29,False,False,
TXN-66C61FB987,ACC-47A6DECA4B,ACC-72C44271E7,49370.0,RTGS,2026-04-17T07:18:00,False,False,
TXN-6C6D8CB4ED,ACC-86D9F6EBB9,ACC-11BAA92237,4908.75,IMPS,2026-05-30T02:45:55,False,False,
TXN-C99BDCB67D,ACC-8E21016DF3,ACC-BDB1ACBE88,35196.3,NEFT,2026-08-10T22:02:57,False,False,
TXN-F0CD251D06,ACC-BFF43FCEEC,ACC-3C019EF409,16396.4,IMPS,2026-06-07T09:57:15,False,False,
TXN-9CCE8D59E9,ACC-08463BBB0C,ACC-832DB8563C,19811.07,RTGS,2026-01-25T19:53:10,False,False,
TXN-18B07DABB1,ACC-22C8A8AA60,ACC-14B161A190,27041.29,UPI,2026-03-22T13:42:08,False,False,
TXN-7FBD86340C,ACC-AC37282B6E,ACC-1A158E2B39,9197.08,IMPS,2026-01-03T01:37:23,False,False,
TXN-F39F56F608,ACC-D082666A95,ACC-39123E81E5,40065.55,UPI,2026-01-16T04:50:26,False,False,
TXN-05D0A3D3EE,ACC-EF4C528854,ACC-6E4E1E9D4F,10470.25,IMPS,2026-02-04T02:33:01,False,False,
TXN-27360A3447,ACC-31878FEFFC,ACC-550953772A,42602.22,UPI,2026-02-02T20:37:31,False,False,
TXN-0FB5B511C8,ACC-F7241A5691,ACC-C56EE285EE,15069.18,IMPS,2026-06-14T07:07:26,False,False,
TXN-0FF52FA301,ACC-F596F82B97,ACC-7E1F4AC50C,12567.19,UPI,2026-07-21T17:33:37,False,False,
TXN-73A9DF0C8F,ACC-C963CD9027,ACC-AC37282B6E,26798.3,IMPS,2026-08-13T02:41:45,False,False,
TXN-071C6B51D0,ACC-E6B86E6FA6,ACC-C33D5B366A,15784.22,NEFT,2026-08-24T09:56:01,False,False,
TXN-EB9E6DDC4A,ACC-FDB5A12E90,ACC-62AE8DB4D8,10650.01,UPI,2026-01-18T08:57:56,False,False,
TXN-2D333ED1CA,ACC-E46609194C,ACC-CFE43AA132,9566.07,NEFT,2026-03-25T13:55:47,False,False,
TXN-8DBC95BFAB,ACC-933DCCC0E8,ACC-9689E95CF5,27693.12,NEFT,2026-04-18T17:30:55,False,False,
TXN-17A7853553,ACC-EF4C528854,ACC-205C5A9540,31191.17,UPI,2026-08-02T12:57:37,False,False,
TXN-C5C6278F4C,ACC-D495744B0B,ACC-24278E82A3,19212.76,IMPS,2026-06-05T08:49:25,False,False,
TXN-6E4976C577,ACC-B4EF26F30C,ACC-824E2F1D98,47248.08,RTGS,2026-02-25T15:07:49,False,False,
TXN-7FE278F8CD,ACC-7F0DBD2FAA,ACC-866F9BCA0B,3713.79,NEFT,2026-03-16T19:25:03,False,False,
TXN-9D4BAF34C0,ACC-20438A0D47,ACC-3D9503D477,28269.38,IMPS,2026-06-12T23:45:41,False,False,
TXN-32655E2EDC,ACC-97177103D0,ACC-6AC42DA33C,49623.96,RTGS,2026-05-28T03:59:40,False,False,
TXN-685E6E168A,ACC-071B895276,ACC-0BA8E5E1C6,12525.38,NEFT,2026-02-18T09:33:14,False,False,
TXN-44AEF7D8E4,ACC-639FF4E37D,ACC-C7640E1436,34262.17,RTGS,2026-01-26T14:47:08,False,False,
TXN-1CD0DF69B2,ACC-0CC0CED010,ACC-B032E7B84B,4630.91,NEFT,2026-04-17T02:54:09,False,False,
TXN-5F7F7A649D,ACC-D4B88C7671,ACC-14BB7A2CD6,13827.61,UPI,2026-05-27T11:20:54,False,False,
TXN-9C4DEDDBF7,ACC-420FED7829,ACC-4161640330,47598.79,UPI,2026-03-10T05:56:06,False,False,
TXN-69985696E6,ACC-67DD07E5DE,ACC-4A6E5CA4CB,43800.49,RTGS,2026-02-07T02:30:09,False,False,
TXN-B92DECDD14,ACC-16B5023BFB,ACC-62B41A2151,35082.69,NEFT,2026-08-03T04:44:46,False,False,
TXN-F6D3B856FE,ACC-B7766CF1A1,ACC-99EC609564,5133.49,UPI,2026-03-08T07:28:52,False,False,
TXN-A2D3BFD043,ACC-8D2B37E15B,ACC-E3CDF1B8F6,19600.25,NEFT,2026-07-26T11:38:12,False,False,
TXN-5FFE16B916,ACC-A2C339E9C0,ACC-95313103B8,44124.65,RTGS,2026-07-05T04:40:29,False,False,
TXN-4B3153A520,ACC-C5D2B7C89F,ACC-75F2FA030F,13101.24,IMPS,2026-02-19T01:50:18,False,False,
TXN-8FD7B01FF3,ACC-7F97DE3607,ACC-4161640330,28464.53,NEFT,2026-01-21T12:44:02,False,False,
TXN-7023B56033,ACC-5BF5891FE1,ACC-48A80C4541,48730.09,IMPS,2026-08-25T09:31:23,False,False,
TXN-F8F8C34FF5,ACC-4AF65220ED,ACC-2030851CD5,22997.77,RTGS,2026-05-18T11:31:56,False,False,
TXN-96FA25D58D,ACC-F4704FE65D,ACC-F93CCD06E3,14483.62,RTGS,2026-07-22T04:17:38,False,False,
TXN-F0A3D7EE15,ACC-FFC9D0FFD3,ACC-AABAB59228,15398.33,UPI,2026-04-29T16:58:18,False,False,
TXN-03E5EC2493,ACC-BD36F7BA6A,ACC-655E91503F,15774.3,UPI,2026-01-31T20:45:34,False,False,
TXN-E512A445A7,ACC-8B890E7E9D,ACC-D2850455D3,12153.83,UPI,2026-03-06T02:57:57,False,False,
TXN-1A388076C8,ACC-AD57584C63,ACC-39DF57796E,4412.34,NEFT,2026-08-04T05:08:36,False,False,
TXN-4794B19079,ACC-6C36439464,ACC-5CF210449D,48115.88,RTGS,2026-07-17T13:15:47,False,False,
TXN-EB236065F1,ACC-8ADBC4AE0B,ACC-C37F861391,24086.87,UPI,2026-06-07T11:16:04,False,False,
TXN-482D40146D,ACC-8F1BE8A8CB,ACC-E6C3585964,9671.16,UPI,2026-06-15T01:05:25,False,False,
TXN-CCD2B0811A,ACC-8EAC86435A,ACC-C77EB75317,37533.46,IMPS,2026-07-25T02:21:18,False,False,
TXN-9258C9377C,ACC-447F620CDE,ACC-A86A8F2CEF,2309.33,RTGS,2026-03-07T10:50:06,False,False,
TXN-7EF35F739C,ACC-63DABB2760,ACC-67E20C7EFE,26271.12,IMPS,2026-03-09T21:23:11,False,False,
TXN-E6557D1CBA,ACC-B1F5E6D0A8,ACC-564DDDA45C,42002.56,NEFT,2026-01-20T18:29:00,False,False,
TXN-8449B15C70,ACC-D8D4E9B435,ACC-D5B4E47CC4,19078.92,NEFT,2026-02-13T23:24:46,False,False,
TXN-0D0410CD3A,ACC-C4BFC0E03A,ACC-18CA389BCC,12638.31,UPI,2026-04-23T15:35:57,False,False,
TXN-C7AA367151,ACC-4D79601CD5,ACC-E459DE3C78,14818.54,IMPS,2026-01-01T20:49:30,False,False,
TXN-8534347FD8,ACC-9BF271EE8F,ACC-3084D7D388,28528.33,IMPS,2026-04-29T09:07:35,False,False,
TXN-1470443170,ACC-0BBFA7333B,ACC-4A829B5104,41321.22,UPI,2026-06-29T20:00:13,False,False,
TXN-DB7CC04243,ACC-012C518606,ACC-B61E536FF6,3063.34,UPI,2026-08-28T01:09:27,False,False,
TXN-56072134C2,ACC-C8E71B7947,ACC-67E6A14EEA,15057.86,UPI,2026-01-03T00:02:33,False,False,
TXN-26D522B946,ACC-1CCF766288,ACC-EB4D2BF02E,9470.65,NEFT,2026-01-04T10:36:57,False,False,
TXN-A223EC6490,ACC-202632C916,ACC-DFABF003B7,24703.9,UPI,2026-07-25T11:32:14,False,False,
TXN-96F188A267,ACC-2FEA127818,ACC-97177103D0,20653.81,RTGS,2026-01-03T16:24:36,False,False,
TXN-322AB8FAED,ACC-C2CBD0C8EC,ACC-5BA2323BCA,32900.35,IMPS,2026-07-02T19:13:46,False,False,
TXN-2BC32F4272,ACC-750B08D60C,ACC-40CE764DEC,15104.39,RTGS,2026-03-12T18:03:34,False,False,
TXN-4C2FBA24AE,ACC-E905AF5F05,ACC-43F0764A9E,5613.01,RTGS,2026-06-20T15:06:04,False,False,
TXN-147C190192,ACC-7302298273,ACC-BF52E5A85B,17816.14,RTGS,2026-01-03T06:09:18,False,False,
TXN-65A863171F,ACC-CEEC7AB2F4,ACC-847A760E3C,10083.54,IMPS,2026-04-21T15:27:29,False,False,
TXN-1BCDD0879C,ACC-B6B4387074,ACC-BE9AE46CD4,19848.39,NEFT,2026-01-13T06:35:39,False,False,
TXN-FDC14BA857,ACC-B893CD7F4B,ACC-5AFE95B7F4,10109.8,RTGS,2026-04-14T05:25:55,False,False,
TXN-1CE7D6FF77,ACC-41740025DD,ACC-3CA6155674,24555.58,RTGS,2026-02-19T11:46:15,False,False,
TXN-5F75EB6085,ACC-A85ACB75BF,ACC-E3CDF1B8F6,38266.76,RTGS,2026-07-14T21:39:39,False,False,
TXN-787F97178C,ACC-3A002A27CF,ACC-F79E5B6E30,42184.53,RTGS,2026-02-21T00:54:05,False,False,
TXN-6D3F07A60D,ACC-C7640E1436,ACC-C89F6DD400,39677.11,IMPS,2026-03-02T09:45:23,False,False,
TXN-64D5A4B066,ACC-A34D67F943,ACC-71B3F3476E,879.72,IMPS,2026-01-21T05:02:47,False,False,
TXN-E4FB19B2EA,ACC-1E527431C0,ACC-FD09B22B95,21597.32,UPI,2026-06-18T16:14:06,False,False,
TXN-2844AE8671,ACC-8E42257DFC,ACC-A27D9889F7,14254.72,UPI,2026-06-16T14:07:18,False,False,
TXN-B81A0D8005,ACC-55BDA24043,ACC-012C518606,7794.29,IMPS,2026-04-07T21:11:56,False,False,
TXN-8339BD9117,ACC-67B3AE715B,ACC-22F56C107F,5928.0,NEFT,2026-04-07T01:30:35,False,False,
TXN-E0CCA0597F,ACC-5AFE95B7F4,ACC-ABD4538C3C,10080.94,UPI,2026-07-15T02:05:30,False,False,
TXN-6DA6A3BAE3,ACC-8F9C68EB8C,ACC-C4F1C92E12,9595.72,IMPS,2026-03-31T02:00:56,False,False,
TXN-6F5B95AC3A,ACC-3254A1CA4E,ACC-21D44CE318,20183.9,NEFT,2026-03-16T15:13:23,False,False,
TXN-2EA63E1C52,ACC-D4B88C7671,ACC-73A9A3591F,1079.53,IMPS,2026-02-05T07:34:46,False,False,
TXN-235439B43B,ACC-AA7A8B94C0,ACC-A0AF725079,20483.4,NEFT,2026-03-31T21:03:43,False,False,
TXN-4FE99DEF7B,ACC-420FED7829,ACC-99EE9C11B6,21418.58,UPI,2026-07-18T00:16:26,False,False,
TXN-27C8A1503C,ACC-7883394F1B,ACC-C7F14C5086,2772.44,UPI,2026-04-15T13:33:19,False,False,
TXN-0FB536E8BC,ACC-F957DD43AC,ACC-67B3AE715B,47161.34,RTGS,2026-04-06T21:54:52,False,False,
TXN-C0919AA5CE,ACC-4DEC6547E5,ACC-A07F3210D3,9251.23,UPI,2026-01-21T05:53:33,False,False,
TXN-A0867B3DAD,ACC-BD293A9B4B,ACC-0165A5DCE4,16217.65,NEFT,2026-07-03T07:54:03,False,False,
TXN-00241A01CA,ACC-FE620C98BD,ACC-16277DA3F8,5217.93,IMPS,2026-04-08T23:15:43,False,False,
TXN-399C3422F8,ACC-AC74C712B4,ACC-F957DD43AC,16847.25,UPI,2026-02-07T15:03:15,False,False,
TXN-6432C5773B,ACC-6E8E5F6E2C,ACC-FFAB625EFD,34211.48,IMPS,2026-05-09T15:07:01,False,False,
TXN-477EC8A295,ACC-BC8F7A397C,ACC-F79E5B6E30,40539.76,NEFT,2026-04-03T12:40:17,False,False,
TXN-84345EFD9B,ACC-19D7F4B97F,ACC-C7F0E00F88,10659.66,RTGS,2026-02-03T21:03:12,False,False,
TXN-ABFE41E295,ACC-0A1B1B5164,ACC-ADDBD37CDA,31552.02,UPI,2026-01-16T22:30:38,False,False,
TXN-25FA73EA0E,ACC-47A6DECA4B,ACC-65DDB8C5FD,40906.98,IMPS,2026-06-23T02:52:32,False,False,
TXN-6E45AF4905,ACC-3C019EF409,ACC-B1F5E6D0A8,47102.54,NEFT,2026-04-28T01:57:49,False,False,
TXN-C01A1FBB93,ACC-5BF5891FE1,ACC-29CB0EC2FB,49484.3,IMPS,2026-07-27T05:07:00,False,False,
TXN-E2C0733E5A,ACC-190183B2DC,ACC-97177103D0,2381.79,IMPS,2026-06-12T10:01:24,False,False,
TXN-530D5F3D6C,ACC-FB8B45AA08,ACC-EFB3CA508E,12775.77,NEFT,2026-05-23T03:28:45,False,False,
TXN-9D810E4138,ACC-F3BE1B6D2F,ACC-5DF531FCA6,35922.83,RTGS,2026-01-27T07:05:20,False,False,
TXN-082D058602,ACC-E459DE3C78,ACC-3CD4B5DA97,26283.39,UPI,2026-03-06T19:56:53,False,False,
TXN-EE34D54646,ACC-86858D0E29,ACC-18C29B6F29,34895.97,IMPS,2026-04-23T11:47:34,False,False,
TXN-AD4D736690,ACC-7065A81A34,ACC-180C85B69F,3227.51,IMPS,2026-06-04T08:54:39,False,False,
TXN-D1F6EF2BE6,ACC-FEFD474107,ACC-B3C08E3167,26717.0,UPI,2026-03-06T06:44:29,False,False,
TXN-3219C2C20C,ACC-AAFB6325CE,ACC-6145DF68ED,25562.06,RTGS,2026-06-05T16:10:59,False,False,
TXN-E02608342D,ACC-16277DA3F8,ACC-A26ED4E77D,10504.84,UPI,2026-03-04T03:20:11,False,False,
TXN-5FE9935D27,ACC-78A16E7E25,ACC-14300691C9,29687.22,UPI,2026-07-19T03:36:07,False,False,
TXN-14D2A6A5F3,ACC-379E774384,ACC-E6B5060B5D,35446.15,NEFT,2026-04-28T19:59:15,False,False,
TXN-CB3248FF12,ACC-15113E5F76,ACC-F92E70E3C1,35471.08,UPI,2026-03-08T10:51:08,False,False,
TXN-0E59BD2FDD,ACC-AB3C5011ED,ACC-7065A81A34,26771.58,NEFT,2026-01-16T04:21:05,False,False,
TXN-56B801D636,ACC-48A80C4541,ACC-0633630EE6,47113.89,NEFT,2026-02-21T15:22:59,False,False,
TXN-79D1191792,ACC-A65178755C,ACC-AA7A8B94C0,32192.17,IMPS,2026-03-23T13:05:04,False,False,
TXN-178C8A49A7,ACC-C77EB75317,ACC-2E794F15F7,269.72,NEFT,2026-08-24T00:29:44,False,False,
TXN-AA382DC8DA,ACC-AECA8D84BB,ACC-A85ACB75BF,4345.66,NEFT,2026-02-21T21:21:01,False,False,
TXN-1AAF227286,ACC-B57DC57093,ACC-A7BEAC881D,14885.79,UPI,2026-01-05T01:00:40,False,False,
TXN-43FD9ECFF8,ACC-7E47E73A36,ACC-B7823C27D8,36577.74,NEFT,2026-03-10T15:17:30,False,False,
TXN-8BB0ECE42A,ACC-550953772A,ACC-4E99782B8B,26961.96,UPI,2026-05-29T08:19:14,False,False,
TXN-28B35E562D,ACC-E29496DB40,ACC-0E17B2F62E,43527.28,IMPS,2026-06-21T17:27:42,False,False,
TXN-16F5723318,ACC-15113E5F76,ACC-A85ACB75BF,13585.92,RTGS,2026-03-02T10:41:01,False,False,
TXN-6CB5218352,ACC-2917D096F0,ACC-1EB891BCE8,36544.63,RTGS,2026-05-24T03:58:26,False,False,
TXN-D4E7DEC797,ACC-0633630EE6,ACC-640FAAC1A6,4865.81,IMPS,2026-06-28T09:49:34,False,False,
TXN-251EA06E33,ACC-2B11DEC838,ACC-9F3F8647A9,9605.22,RTGS,2026-03-12T01:30:42,False,False,
TXN-0002EBF0D5,ACC-9775561CCA,ACC-DBB3368EEA,1248.16,IMPS,2026-03-11T00:36:12,False,False,
TXN-22DEDE7FDF,ACC-EB1B768C42,ACC-C316F81D91,30469.54,UPI,2026-02-25T17:43:31,False,False,
TXN-66D9FEEEBC,ACC-D0AE8D3A4E,ACC-73A9A3591F,12413.64,RTGS,2026-02-08T22:14:48,False,False,
TXN-740329274F,ACC-FC1CE0B093,ACC-67DD07E5DE,7037.11,UPI,2026-08-23T07:06:11,False,False,
TXN-5EC48E0D45,ACC-9FC0AFB708,ACC-EB06C9ED42,19322.73,UPI,2026-01-06T06:18:51,False,False,
TXN-5D4BC6A230,ACC-7CDA8721D4,ACC-C7F14C5086,46746.95,IMPS,2026-04-07T10:43:26,False,False,
TXN-79896F04EB,ACC-D6B7EC030A,ACC-824E2F1D98,13529.29,UPI,2026-01-04T15:34:43,False,False,
TXN-F0AD306FCC,ACC-0A1B1B5164,ACC-528E2FBFFC,36859.35,NEFT,2026-02-02T23:55:58,False,False,
TXN-7EAD65E3B3,ACC-2615FB9091,ACC-A0826D22AE,24125.19,RTGS,2026-03-05T08:36:59,False,False,
TXN-FF21AB76A4,ACC-C61EBC8EFC,ACC-76B304AAAA,24049.64,IMPS,2026-01-22T16:47:50,False,False,
TXN-1C50C215ED,ACC-4086ADBCC7,ACC-7C2A155650,13519.34,UPI,2026-01-09T05:40:19,False,False,
TXN-7A30FFEE88,ACC-546990EA97,ACC-B314ABEA6F,27323.18,UPI,2026-07-18T15:55:15,False,False,
TXN-37EBE11E99,ACC-5F15AE2D5F,ACC-FB8C719E6E,260.28,IMPS,2026-01-10T07:42:15,False,False,
TXN-B416F3C2C9,ACC-73C38DBB72,ACC-7883394F1B,19392.08,NEFT,2026-04-22T09:36:01,False,False,
TXN-EBFB409BA6,ACC-14BB7A2CD6,ACC-447F620CDE,19360.24,UPI,2026-07-11T00:06:00,False,False,
TXN-5195238209,ACC-DF69D91010,ACC-C7640E1436,11381.22,NEFT,2026-05-19T18:21:03,False,False,
TXN-7B06867994,ACC-8B890E7E9D,ACC-11B514782C,16819.49,NEFT,2026-02-02T22:26:00,False,False,
TXN-53BD58D2F7,ACC-0EF6EF4616,ACC-D843FAA512,7724.93,RTGS,2026-07-26T00:26:16,False,False,
TXN-B415EE2BB5,ACC-B2942B83FB,ACC-4FD85A4C52,9232.0,RTGS,2026-02-28T08:09:07,False,False,
TXN-774E99644E,ACC-7BC373E0D3,ACC-C316F81D91,15217.88,NEFT,2026-05-16T07:11:23,False,False,
TXN-C318846E84,ACC-25F4E87B68,ACC-B7766CF1A1,45828.47,NEFT,2026-04-14T01:42:58,False,False,
TXN-0A4425E37C,ACC-EFB3CA508E,ACC-8B890E7E9D,39485.04,IMPS,2026-02-26T22:18:33,False,False,
TXN-15B0867AD8,ACC-4DEC6547E5,ACC-0633630EE6,19651.86,RTGS,2026-01-27T03:24:30,False,False,
TXN-8228A93686,ACC-790F45837C,ACC-FE101774C0,21487.17,NEFT,2026-02-26T04:24:06,False,False,
TXN-DF033BD580,ACC-E5FF32B83D,ACC-78063956AD,49739.63,IMPS,2026-05-30T12:37:20,False,False,
TXN-054A060A93,ACC-F8EA76CDC7,ACC-7FB138125E,24811.48,RTGS,2026-06-10T18:14:27,False,False,
TXN-CDD350A395,ACC-9689E95CF5,ACC-5B08E29A74,16806.56,IMPS,2026-05-29T19:32:42,False,False,
TXN-E46CED2E31,ACC-4AF65220ED,ACC-420560F7DA,24955.69,RTGS,2026-07-26T19:01:17,False,False,
TXN-5C5A9BBDEC,ACC-E905AF5F05,ACC-3B161F37FC,19354.44,RTGS,2026-07-24T15:29:31,False,False,
TXN-08AD747CBE,ACC-FE101774C0,ACC-AB66858F8B,34736.25,IMPS,2026-02-03T21:13:51,False,False,
TXN-E8FEC35F15,ACC-927E6074CB,ACC-0735508F97,342.73,UPI,2026-05-21T17:47:53,False,False,
TXN-E793D6A2A5,ACC-F92965B93C,ACC-29CB0EC2FB,47889.27,UPI,2026-01-24T03:18:05,False,False,
TXN-410B9C1827,ACC-62B41A2151,ACC-BC8F7A397C,42467.82,IMPS,2026-04-25T10:46:40,False,False,
TXN-60C83402CB,ACC-C8E71B7947,ACC-1BE237EF1F,41795.57,RTGS,2026-04-05T04:14:22,False,False,
TXN-C029719864,ACC-AEE8AC8B42,ACC-AB3C5011ED,2982.11,IMPS,2026-02-15T12:43:00,False,False,
TXN-4798343C8E,ACC-29D2E7CBB1,ACC-97DE8F3D46,7325.21,UPI,2026-06-14T22:34:20,False,False,
TXN-097683CD49,ACC-CC005EB078,ACC-9A82A8F408,35129.81,UPI,2026-07-05T04:20:44,False,False,
TXN-85D62D9977,ACC-95313103B8,ACC-AD385E3FB0,1703.25,NEFT,2026-02-24T20:48:06,False,False,
TXN-C6027B0B45,ACC-DCE8AEC782,ACC-5686318150,4037.85,RTGS,2026-02-28T03:27:56,False,False,
TXN-DA2F4A6B37,ACC-ABA49273CF,ACC-40FD962921,23594.28,IMPS,2026-07-24T20:11:26,False,False,
TXN-8CE6A7EB37,ACC-E85088220C,ACC-4D79601CD5,23615.19,NEFT,2026-06-22T10:08:03,False,False,
TXN-8DAFDB24AD,ACC-BDB1ACBE88,ACC-C33D5B366A,857.83,UPI,2026-03-02T12:58:31,False,False,
TXN-99959F340C,ACC-FBE8498AA0,ACC-9FCC7D1426,1799.53,IMPS,2026-07-15T11:03:12,False,False,
TXN-449674C591,ACC-B893CD7F4B,ACC-32FCC8C65C,19940.26,RTGS,2026-06-26T10:21:01,False,False,
TXN-D8699764FC,ACC-EB16F1E385,ACC-EFB3CA508E,41510.01,NEFT,2026-03-30T06:43:40,False,False,
TXN-25E130AF44,ACC-852D8A89CD,ACC-D0A2372515,13737.01,UPI,2026-07-22T12:44:31,False,False,
TXN-B76D4C819B,ACC-EB06C9ED42,ACC-BFF43FCEEC,37208.11,RTGS,2026-08-29T09:54:21,False,False,
TXN-6A15638551,ACC-78508EE723,ACC-B7823C27D8,19736.09,UPI,2026-07-01T22:08:27,False,False,
TXN-C058A0B1D8,ACC-6A2B38523A,ACC-BC27322374,32704.46,RTGS,2026-05-28T18:14:16,False,False,
TXN-96D9822831,ACC-7514A16381,ACC-9A82A8F408,40206.3,RTGS,2026-03-17T15:01:14,False,False,
TXN-1EECD08184,ACC-A65178755C,ACC-64AB233688,5399.12,NEFT,2026-08-23T06:08:23,False,False,
TXN-9635BD1E88,ACC-9BF20630BA,ACC-27BAF0D834,1596.83,NEFT,2026-03-05T05:02:12,False,False,
TXN-9C8F83E829,ACC-3E4E52E0F7,ACC-218D531755,3452.89,UPI,2026-05-01T01:12:29,False,False,
TXN-928E490511,ACC-F92FBF16A2,ACC-A2C339E9C0,10245.95,UPI,2026-04-04T08:05:09,False,False,
TXN-4825BB35BE,ACC-43F0764A9E,ACC-24E98BF3A4,48837.82,UPI,2026-08-07T22:25:52,False,False,
TXN-3362985166,ACC-8E21016DF3,ACC-7065A81A34,2592.84,UPI,2026-04-30T20:24:20,False,False,
TXN-2CC66E6B4B,ACC-777B646391,ACC-FA10BE1FA4,37633.64,RTGS,2026-07-14T06:21:06,False,False,
TXN-241A34C1E6,ACC-E7FA384148,ACC-C2DC9694BC,37641.75,NEFT,2026-02-20T07:11:05,False,False,
TXN-9F969248C9,ACC-8EAC86435A,ACC-63DABB2760,5049.52,RTGS,2026-07-15T13:41:27,False,False,
TXN-FBF2158319,ACC-202632C916,ACC-F93CCD06E3,40413.22,IMPS,2026-01-10T04:45:47,False,False,
TXN-4B4E25C42D,ACC-DE5B619833,ACC-CFBD921E4D,23952.26,UPI,2026-04-23T16:06:31,False,False,
TXN-6432403194,ACC-7302298273,ACC-EDF8AEA14D,34182.22,UPI,2026-02-06T05:32:01,False,False,
TXN-F86183016F,ACC-FFC9D0FFD3,ACC-1EB891BCE8,44243.22,IMPS,2026-03-04T13:04:01,False,False,
TXN-03CE2914CA,ACC-62FE6D513D,ACC-08756AA444,49615.49,NEFT,2026-06-23T18:49:04,False,False,
TXN-346587734A,ACC-D6669E7AAC,ACC-14622DF05B,14683.91,RTGS,2026-01-16T12:56:50,False,False,
TXN-1C0C98CF55,ACC-E2A3133D65,ACC-B2F5356E7C,34207.1,IMPS,2026-03-23T02:20:57,False,False,
TXN-965F99810B,ACC-8F9C68EB8C,ACC-16277DA3F8,3934.91,IMPS,2026-08-09T03:53:56,False,False,
TXN-7CF587308B,ACC-89C7971B17,ACC-3C93F1616E,5050.82,UPI,2026-02-25T09:20:17,False,False,
TXN-DA2EFF5D33,ACC-5EF11517C0,ACC-39C9248263,27447.38,UPI,2026-07-13T18:11:57,False,False,
TXN-369E185A39,ACC-C5A4F93DE5,ACC-7D79DF515F,15823.19,NEFT,2026-03-04T17:01:57,False,False,
TXN-B689C857DD,ACC-6082943E35,ACC-FE620C98BD,28910.28,NEFT,2026-02-04T15:40:36,False,False,
TXN-D4A3D3E96A,ACC-499D1565B6,ACC-11553C3108,35590.62,RTGS,2026-04-11T04:12:47,False,False,
TXN-6FEA9BB703,ACC-6F46916E7E,ACC-550953772A,38204.69,RTGS,2026-02-24T13:03:47,False,False,
TXN-1A2F1872EF,ACC-1CEC7DB577,ACC-2494521276,24515.3,NEFT,2026-04-22T07:32:21,False,False,
TXN-2730FA3AC6,ACC-7F7EE3CA38,ACC-B57DC57093,42878.65,IMPS,2026-06-21T04:48:42,False,False,
TXN-D5AE8628DF,ACC-564DDDA45C,ACC-527DD88844,42272.82,NEFT,2026-05-26T02:58:44,False,False,
TXN-5DE7261337,ACC-824E2F1D98,ACC-364CCC95E8,20777.07,RTGS,2026-04-13T01:43:45,False,False,
TXN-6BB1C5D35C,ACC-364CCC95E8,ACC-162408A040,31106.56,UPI,2026-04-06T01:51:28,False,False,
TXN-D9554070B9,ACC-6EAD40290B,ACC-C22170FA88,595.56,UPI,2026-04-23T21:09:11,False,False,
TXN-EA3DE6BA26,ACC-4C3E73EFA6,ACC-7B2CEDF0C2,28592.66,UPI,2026-03-28T14:59:19,False,False,
TXN-1820922C43,ACC-CB3F05F503,ACC-8CA8143342,33523.7,NEFT,2026-06-30T22:17:38,False,False,
TXN-AD59A071DF,ACC-F4704FE65D,ACC-9FCC7D1426,26848.76,RTGS,2026-02-12T09:03:47,False,False,
TXN-FFE84F22B1,ACC-24E98BF3A4,ACC-FE98868FCE,36642.55,RTGS,2026-06-18T04:55:07,False,False,
TXN-2CF227B3BE,ACC-D03850541F,ACC-8C6EEE6E66,16570.29,NEFT,2026-05-13T23:37:07,False,False,
TXN-FD9B737FBA,ACC-0BA8E5E1C6,ACC-C0FEDCAB89,10789.23,RTGS,2026-02-14T09:35:58,False,False,
TXN-D2C71B5CE7,ACC-26BB62B633,ACC-7D79DF515F,2106.46,IMPS,2026-07-02T12:24:54,False,False,
TXN-63D598A3E3,ACC-D4B88C7671,ACC-B032E7B84B,10830.81,UPI,2026-08-22T10:26:51,False,False,
TXN-9D3C0598DE,ACC-B2F5356E7C,ACC-A0AF725079,3307.53,NEFT,2026-06-17T00:54:47,False,False,
TXN-19D19BA292,ACC-6F46916E7E,ACC-0BE5BCC8A0,2893.06,UPI,2026-06-14T05:54:12,False,False,
TXN-E73917BDEF,ACC-A65178755C,ACC-15A2BC1592,31857.23,UPI,2026-02-25T01:05:34,False,False,
TXN-D8CE6F087B,ACC-6EB684699B,ACC-18C29B6F29,20372.41,NEFT,2026-06-25T07:32:52,False,False,
TXN-83E64BA823,ACC-3CD4B5DA97,ACC-F5003B4F47,10862.42,NEFT,2026-03-13T11:44:02,False,False,
TXN-869ADED5C2,ACC-9A82A8F408,ACC-4AC34A3CF5,44768.84,RTGS,2026-05-13T19:50:58,False,False,
TXN-E0321CDA90,ACC-6E4F982747,ACC-70C525537E,8393.76,NEFT,2026-06-12T18:18:18,False,False,
TXN-C00C74BDDE,ACC-42561BAF46,ACC-F480D3981E,26868.21,IMPS,2026-06-19T15:07:18,False,False,
TXN-0784C38C55,ACC-5A59EEED82,ACC-18A95F0463,28601.78,UPI,2026-08-06T20:02:44,False,False,
TXN-37FA5382C3,ACC-BF751C37BF,ACC-B739AC709B,4074.87,IMPS,2026-05-06T17:24:22,False,False,
TXN-1E70473D25,ACC-3BC75DF505,ACC-651117ECCC,37193.25,NEFT,2026-01-06T12:13:49,False,False,
TXN-5DEB8A6616,ACC-E7014E27E0,ACC-D4EEC9C86D,46704.21,RTGS,2026-05-03T21:08:05,False,False,
TXN-F89346A19D,ACC-AA2B7C2290,ACC-63DABB2760,20438.05,UPI,2026-06-24T23:30:50,False,False,
TXN-15A82F1589,ACC-BFF43FCEEC,ACC-7B282E32C1,22576.57,UPI,2026-01-15T04:04:26,False,False,
TXN-FD3B8199CA,ACC-14300691C9,ACC-11BAA92237,48955.79,RTGS,2026-08-01T01:53:33,False,False,
TXN-1383010159,ACC-B2F5356E7C,ACC-3EF22AE255,30126.98,IMPS,2026-05-16T04:23:33,False,False,
TXN-FE5C49D57E,ACC-2772396B1A,ACC-28D29824EF,48592.88,UPI,2026-05-24T19:02:23,False,False,
TXN-0A7FD7A5C9,ACC-F957DD43AC,ACC-4E99782B8B,15236.83,NEFT,2026-07-14T23:46:23,False,False,
TXN-D690E3EE92,ACC-F7241A5691,ACC-6EAD40290B,25056.71,RTGS,2026-06-10T19:15:37,False,False,
TXN-C5E524033C,ACC-F3D06559F3,ACC-BE6BD33BB9,17740.12,RTGS,2026-07-23T04:17:46,False,False,
TXN-24B49370D9,ACC-ABA49273CF,ACC-27BAF0D834,5846.32,IMPS,2026-06-28T04:32:44,False,False,
TXN-FF296FA849,ACC-478A68504D,ACC-C17DF81397,9009.38,IMPS,2026-07-30T18:55:00,False,False,
TXN-000DD7297D,ACC-2E4FEC1EA8,ACC-65FA99C299,14394.39,RTGS,2026-04-21T00:03:57,False,False,
TXN-8C6A774B8D,ACC-B8E2A0CEC8,ACC-C154C76851,46907.5,UPI,2026-02-04T00:40:45,False,False,
TXN-F233ED571F,ACC-25F4E87B68,ACC-20C002644B,32551.3,RTGS,2026-02-10T06:19:25,False,False,
TXN-D54DFFC91B,ACC-24F522F2BC,ACC-2D8F981E06,37635.99,UPI,2026-06-22T11:20:35,False,False,
TXN-87C77FE33C,ACC-E6B5060B5D,ACC-0E693A23A9,40332.36,NEFT,2026-06-13T08:39:25,False,False,
TXN-2AC23466FE,ACC-E273084685,ACC-B79CF1E2E6,38888.64,RTGS,2026-02-14T11:13:39,False,False,
TXN-0C005E1AFC,ACC-AA2A409CCB,ACC-B8F764D783,47537.46,NEFT,2026-06-30T04:18:02,False,False,
TXN-7B1432723B,ACC-805C00B3BA,ACC-BDB1ACBE88,35250.98,RTGS,2026-01-03T22:53:05,False,False,
TXN-C072BA85F3,ACC-40CE764DEC,ACC-AB3C5011ED,25476.53,NEFT,2026-04-13T17:18:36,False,False,
TXN-CF3BF36B7B,ACC-C61EBC8EFC,ACC-31FE231B1B,33730.38,UPI,2026-06-10T23:56:53,False,False,
TXN-BD3A111AB0,ACC-8F71C06043,ACC-9E1489C0CB,1507.09,NEFT,2026-07-21T13:05:16,False,False,
TXN-F3A3DFE90F,ACC-F79E5B6E30,ACC-4FD85A4C52,16010.05,IMPS,2026-08-11T05:10:24,False,False,
TXN-9D9B021987,ACC-8948A66CCA,ACC-3535A7CF50,27875.83,RTGS,2026-03-16T19:43:30,False,False,
TXN-B9A1C962E1,ACC-E6C3585964,ACC-C7F14C5086,19787.22,UPI,2026-08-13T09:59:09,False,False,
TXN-936112D82B,ACC-ABD4538C3C,ACC-EF4C528854,46981.71,RTGS,2026-03-09T11:09:44,False,False,
TXN-02E88746BC,ACC-5B3E8503F1,ACC-8D2B37E15B,25960.4,RTGS,2026-03-31T16:47:30,False,False,
TXN-4276AE0ECC,ACC-3C019EF409,ACC-9FB7DE9911,40098.36,UPI,2026-08-13T01:24:44,False,False,
TXN-6E295192EB,ACC-73AD3C2674,ACC-5B113A2100,31440.46,NEFT,2026-08-03T17:27:10,False,False,
TXN-7B1FFBD80A,ACC-7B2CEDF0C2,ACC-78063956AD,10347.38,UPI,2026-01-10T22:59:03,False,False,
TXN-49ADBA962B,ACC-D51E8CAB49,ACC-32FCC8C65C,31518.93,IMPS,2026-01-11T19:17:08,False,False,
TXN-75D4A55899,ACC-012C518606,ACC-D672496BB9,27274.89,UPI,2026-08-11T01:30:17,False,False,
TXN-6342CACF93,ACC-CFBD921E4D,ACC-1BB80E9374,37168.51,IMPS,2026-06-26T04:50:55,False,False,
TXN-BC916D7980,ACC-7B282E32C1,ACC-3084D7D388,38923.97,IMPS,2026-04-04T02:22:11,False,False,
TXN-6494410250,ACC-216468EA2A,ACC-420FED7829,14986.74,IMPS,2026-05-27T20:12:44,False,False,
TXN-352C4A2757,ACC-D6B7EC030A,ACC-24278E82A3,33031.03,NEFT,2026-02-02T05:16:28,False,False,
TXN-361FEE28DD,ACC-1BE237EF1F,ACC-89C7971B17,1352.41,UPI,2026-02-13T01:57:24,False,False,
TXN-46775B5927,ACC-49CA71AD82,ACC-A7035C201C,6309.68,IMPS,2026-04-20T16:44:46,False,False,
TXN-B3FB65FD07,ACC-01947BC03F,ACC-FE98868FCE,4820.3,RTGS,2026-05-21T08:28:01,False,False,
TXN-4615E60B3F,ACC-0EBA265950,ACC-55AB15FD2D,5213.45,UPI,2026-06-10T16:23:02,False,False,
TXN-05492AEAC4,ACC-EDB7761749,ACC-3EDAF055AB,47969.02,UPI,2026-03-23T16:06:01,False,False,
TXN-46F2CED257,ACC-C316F81D91,ACC-3CD4B5DA97,18887.67,NEFT,2026-06-25T02:29:32,False,False,
TXN-996BE57838,ACC-B893CD7F4B,ACC-FE98868FCE,15078.0,IMPS,2026-08-09T07:33:42,False,False,
TXN-6928453F4A,ACC-3084D7D388,ACC-16277DA3F8,42769.48,UPI,2026-05-14T03:13:29,False,False,
TXN-B0360E1807,ACC-EDE54FCC92,ACC-8E21016DF3,49746.82,UPI,2026-03-03T12:17:08,False,False,
TXN-941C3084E8,ACC-0B1CAB7B46,ACC-F79E5B6E30,12874.15,UPI,2026-03-16T21:26:53,False,False,
TXN-3D810BEE32,ACC-F2C2B527B9,ACC-0E0C1E2E4E,26890.52,IMPS,2026-03-26T00:07:22,False,False,
TXN-16DAC60C51,ACC-05DF6021DB,ACC-4D95CE3389,44948.9,UPI,2026-05-08T04:53:29,False,False,
TXN-77B5566F32,ACC-D4A942971A,ACC-15113E5F76,4355.45,IMPS,2026-04-14T22:07:28,False,False,
TXN-81CA86030B,ACC-18C29B6F29,ACC-42561BAF46,10122.03,UPI,2026-05-16T08:45:10,False,False,
TXN-E65B7ACB7C,ACC-76C65895CF,ACC-A2C339E9C0,32665.84,RTGS,2026-07-12T13:12:24,False,False,
TXN-93FCC1E086,ACC-2E4FEC1EA8,ACC-527DD88844,47328.01,IMPS,2026-04-08T03:02:13,False,False,
TXN-62CB362B08,ACC-CCEA09B822,ACC-F0B35E74EA,34415.46,NEFT,2026-06-02T13:24:10,False,False,
TXN-73DBE67531,ACC-B314ABEA6F,ACC-6CE41F6087,39699.03,NEFT,2026-03-06T07:59:56,False,False,
TXN-641D02104C,ACC-DD90926B70,ACC-EB4D2BF02E,24494.02,RTGS,2026-06-14T13:31:05,False,False,
TXN-08EE92DF25,ACC-A7035C201C,ACC-CA0071ADF6,13729.36,NEFT,2026-08-30T21:57:03,False,False,
TXN-D41708F03C,ACC-C89F6DD400,ACC-16277DA3F8,19275.68,IMPS,2026-08-09T06:08:48,False,False,
TXN-B9EADFAD37,ACC-F8EA76CDC7,ACC-C17DF81397,44915.15,UPI,2026-06-24T12:44:35,False,False,
TXN-321396742E,ACC-699468409A,ACC-49E8CB1413,47913.25,NEFT,2026-08-16T22:01:04,False,False,
TXN-37B489EE49,ACC-02C5001F94,ACC-C963CD9027,30273.33,NEFT,2026-06-04T16:29:14,False,False,
TXN-7971F4BA5D,ACC-0E0C1E2E4E,ACC-4D95CE3389,9159.23,NEFT,2026-06-16T18:10:30,False,False,
TXN-07192773BF,ACC-7611E6EE5E,ACC-E002377908,12416.84,IMPS,2026-05-25T08:07:30,False,False,
TXN-A6377DFCD5,ACC-CC005EB078,ACC-6E9CCAA402,39019.82,UPI,2026-01-04T17:47:09,False,False,
TXN-C5DE8D3317,ACC-7FB138125E,ACC-2847A7188C,742.87,NEFT,2026-03-25T00:30:12,False,False,
TXN-F6AFDCFD14,ACC-5D3857F4E3,ACC-31C7C84AB6,39802.92,IMPS,2026-08-07T02:52:10,False,False,
TXN-8B3876C3C3,ACC-2491C47775,ACC-92BA6DED1D,14323.99,IMPS,2026-07-24T18:26:29,False,False,
TXN-FE3DE90930,ACC-F7E5116AF5,ACC-B314ABEA6F,28135.74,UPI,2026-08-11T21:35:12,False,False,
TXN-BA57B6E9EC,ACC-DB242399C2,ACC-3CA6155674,34170.17,RTGS,2026-05-04T09:57:17,False,False,
TXN-2F2E78C0B4,ACC-4DEC6547E5,ACC-F0B35E74EA,10016.74,RTGS,2026-07-13T15:45:50,False,False,
TXN-0B3F8AFE1D,ACC-FAAF574CBF,ACC-38251481D0,21177.61,UPI,2026-06-25T20:15:47,False,False,
TXN-065C45AEE4,ACC-2E36E5F8A4,ACC-0013C45F4C,16478.36,RTGS,2026-04-02T19:36:43,False,False,
TXN-58562988AC,ACC-D8121DF259,ACC-E03D1772D7,14394.84,UPI,2026-06-29T08:01:32,False,False,
TXN-CFBF652874,ACC-6364A8BD24,ACC-D6669E7AAC,42113.81,RTGS,2026-01-15T08:56:28,False,False,
TXN-152A3238F6,ACC-5667CE7568,ACC-4CA38AEDEE,2148.19,UPI,2026-01-27T23:21:33,False,False,
TXN-BA81E8D6BC,ACC-CB2D6018FF,ACC-7803864F0D,41526.54,RTGS,2026-04-27T21:30:26,False,False,
TXN-6D5724E29B,ACC-38251481D0,ACC-4E192E264E,37733.88,RTGS,2026-01-31T23:29:03,False,False,
TXN-A3B2C2AD2E,ACC-4D54803324,ACC-AB8DF99C87,15796.1,UPI,2026-06-02T18:04:40,False,False,
TXN-D6ECC9A759,ACC-26A4FE84BC,ACC-93A4E5AEC0,49201.55,RTGS,2026-02-17T03:39:02,False,False,
TXN-45453FBE0F,ACC-C17DF81397,ACC-012C518606,5316.63,IMPS,2026-01-19T13:50:50,False,False,
TXN-518583DDD9,ACC-5CF210449D,ACC-A0826D22AE,5435.76,NEFT,2026-06-19T04:51:17,False,False,
TXN-6C9AEEBDDA,ACC-14BB7A2CD6,ACC-130E527A8D,4583.23,NEFT,2026-07-28T18:24:25,False,False,
TXN-14BADB0B4A,ACC-9057966242,ACC-2847A7188C,43427.14,NEFT,2026-01-17T17:29:56,False,False,
TXN-0BBFE336FB,ACC-3902FA8D9F,ACC-2D88C0440D,47367.81,UPI,2026-04-13T10:06:54,False,False,
TXN-09628C84DB,ACC-0CC0CED010,ACC-2847A7188C,30714.98,RTGS,2026-04-15T19:45:45,False,False,
TXN-D84B918CF6,ACC-E85088220C,ACC-130E527A8D,46257.95,RTGS,2026-02-16T13:33:44,False,False,
TXN-70326005CF,ACC-F1A6C1EA09,ACC-7FB138125E,43122.37,RTGS,2026-06-23T12:17:20,False,False,
TXN-FF95DF209D,ACC-C46FDCD89C,ACC-90CBA5197E,26183.83,IMPS,2026-08-13T10:16:33,False,False,
TXN-489E697547,ACC-867E2E7256,ACC-FB4F337A9C,24607.17,NEFT,2026-05-06T00:25:52,False,False,
TXN-26EF960985,ACC-271222B259,ACC-8ADBC4AE0B,24238.77,UPI,2026-04-13T10:54:22,False,False,
TXN-6FDDF6D45A,ACC-5EF11517C0,ACC-F92E70E3C1,35626.79,NEFT,2026-08-05T21:44:21,False,False,
TXN-F3DD75B8B4,ACC-DFAA153F85,ACC-DCADBBE396,32427.29,IMPS,2026-01-31T07:10:07,False,False,
TXN-DB8A69BAE2,ACC-B1F5E6D0A8,ACC-FEFD474107,3201.29,UPI,2026-03-25T22:31:42,False,False,
TXN-E683B52643,ACC-F4704FE65D,ACC-92BA6DED1D,9558.29,UPI,2026-05-13T05:13:31,False,False,
TXN-B66ABE77DF,ACC-CB4AD17DFE,ACC-02F5E7CB8F,38127.81,NEFT,2026-05-02T02:25:25,False,False,
TXN-9D61E21B82,ACC-76C65895CF,ACC-174B868AF3,32833.41,UPI,2026-02-20T12:15:06,False,False,
TXN-69E818ABBA,ACC-B7823C27D8,ACC-F957DD43AC,19401.67,RTGS,2026-08-29T23:16:28,False,False,
TXN-BE77EE9DAC,ACC-A830244D0A,ACC-2615FB9091,39045.05,IMPS,2026-01-27T15:45:53,False,False,
TXN-1C97662C28,ACC-016ED7C075,ACC-852D8A89CD,8376.98,NEFT,2026-08-13T04:17:16,False,False,
TXN-1ADBECAEE2,ACC-9775561CCA,ACC-A1F6C1B59A,7535.03,UPI,2026-02-12T19:07:50,False,False,
TXN-10F06789A1,ACC-3999FEBF46,ACC-4E99782B8B,44726.08,IMPS,2026-04-14T14:21:08,False,False,
TXN-BA02810C83,ACC-9348003ED1,ACC-542A9CBD37,33161.9,RTGS,2026-05-17T16:28:31,False,False,
TXN-D5452FFB3F,ACC-F37C68CD36,ACC-41740025DD,46361.0,UPI,2026-05-18T15:29:51,False,False,
TXN-500B857C85,ACC-DFABF003B7,ACC-B684F395A0,7700.88,RTGS,2026-07-17T06:13:16,False,False,
TXN-3FEF9D8F5C,ACC-F185D565E6,ACC-46ACE32C69,22178.76,NEFT,2026-02-07T23:40:49,False,False,
TXN-F6D7ED589F,ACC-8EB3CAD19A,ACC-4EC4D221E6,19249.62,RTGS,2026-03-17T07:34:25,False,False,
TXN-12E46B8DD5,ACC-C21DAC488E,ACC-7ADF18BB0F,20254.07,NEFT,2026-07-25T15:52:57,False,False,
TXN-2BB9297642,ACC-99EC609564,ACC-815F9190D9,26027.2,UPI,2026-01-20T08:50:08,False,False,
TXN-60D43BE782,ACC-DB242399C2,ACC-CA717E470D,47956.79,IMPS,2026-02-14T17:37:44,False,False,
TXN-216A49B937,ACC-46ACE32C69,ACC-5DAE621EB3,28846.48,IMPS,2026-01-26T13:44:31,False,False,
TXN-EF0E550202,ACC-639FF4E37D,ACC-202632C916,13917.88,RTGS,2026-06-02T04:50:53,False,False,
TXN-C2B34E2190,ACC-F94199C495,ACC-202632C916,11150.44,NEFT,2026-07-12T07:20:03,False,False,
TXN-0F9F508524,ACC-DD90926B70,ACC-2E36E5F8A4,39329.24,NEFT,2026-04-22T20:17:06,False,False,
TXN-43DA8E2579,ACC-4D6FD21437,ACC-A7035C201C,14541.34,UPI,2026-02-06T14:24:15,False,False,
TXN-A43DAB0BA5,ACC-2B11DEC838,ACC-E6B5060B5D,45407.57,RTGS,2026-04-29T13:49:39,False,False,
TXN-1C7BE50410,ACC-2847A7188C,ACC-43F7F1BA86,8677.58,UPI,2026-03-06T17:14:53,False,False,
TXN-E27B725EF4,ACC-814BB3CD63,ACC-C06C86F552,45013.49,IMPS,2026-01-05T22:41:49,False,False,
TXN-0DB049ECFF,ACC-5AFE95B7F4,ACC-29CB0EC2FB,21510.54,UPI,2026-03-10T22:33:36,False,False,
TXN-8B3F280CC1,ACC-0060D2042A,ACC-8B890E7E9D,8702.11,UPI,2026-08-19T16:31:45,False,False,
TXN-5799031B73,ACC-BE6BD33BB9,ACC-29CB0EC2FB,29241.31,RTGS,2026-04-07T02:57:51,False,False,
TXN-FD0C2D1EF9,ACC-BC8E32E08B,ACC-C7640E1436,2449.79,UPI,2026-08-09T07:18:32,False,False,
TXN-65F80AA121,ACC-885AA00664,ACC-62B369F1B3,41800.88,IMPS,2026-02-26T22:15:07,False,False,
TXN-1545A2121E,ACC-AB8DF99C87,ACC-C5A4F93DE5,5179.62,NEFT,2026-06-25T18:41:24,False,False,
TXN-40337A96C0,ACC-E6B86E6FA6,ACC-AEEECF22FC,17668.9,NEFT,2026-07-08T22:26:46,False,False,
TXN-DA37D3B6D8,ACC-6D239D0E4C,ACC-05DF6021DB,23045.79,NEFT,2026-04-27T22:46:21,False,False,
TXN-C1563D1527,ACC-9FB7DE9911,ACC-F185D565E6,44590.35,RTGS,2026-02-13T19:00:33,False,False,
TXN-BEC24C4E30,ACC-A65178755C,ACC-6428682424,26061.58,UPI,2026-02-27T10:31:53,False,False,
TXN-A4B82E6B03,ACC-F3D06559F3,ACC-15113E5F76,33036.47,IMPS,2026-05-19T17:17:35,False,False,
TXN-31014D0D60,ACC-3C93F1616E,ACC-19A3798E9A,12369.52,RTGS,2026-05-20T14:02:11,False,False,
TXN-DA3D6E9383,ACC-CCEC58F489,ACC-0165A5DCE4,4645.84,RTGS,2026-02-11T21:59:45,False,False,
TXN-647B81FBAE,ACC-18C29B6F29,ACC-FC78CBF289,34004.32,RTGS,2026-07-24T15:07:41,False,False,
TXN-C558F2E5C9,ACC-38AC7EBCEF,ACC-F37C68CD36,45534.3,NEFT,2026-05-09T14:58:02,False,False,
TXN-5FBA4F5541,ACC-55AB15FD2D,ACC-0CF66CA1E7,20981.26,NEFT,2026-05-01T03:06:07,False,False,
TXN-A47CDC99C2,ACC-28D29824EF,ACC-64133B7277,29059.94,NEFT,2026-08-26T19:40:41,False,False,
TXN-A93C32A27F,ACC-90CBA5197E,ACC-7919653E0C,39807.58,NEFT,2026-04-23T00:09:44,False,False,
TXN-D9B5E7F7CA,ACC-C7640E1436,ACC-777B646391,25046.57,IMPS,2026-07-01T02:23:37,False,False,
TXN-5B29EC3DE1,ACC-03F034657E,ACC-D7879A2627,26254.67,NEFT,2026-08-05T18:14:59,False,False,
TXN-EC45CBF5C9,ACC-3BC75DF505,ACC-3C9806DF8A,15321.55,NEFT,2026-01-26T02:16:09,False,False,
TXN-E4877AA456,ACC-C21DAC488E,ACC-9E1489C0CB,22802.14,IMPS,2026-04-20T21:54:44,False,False,
TXN-2F3E80B514,ACC-F18365684C,ACC-1CEC7DB577,2849.03,NEFT,2026-01-02T23:26:40,False,False,
TXN-332C426891,ACC-8948A66CCA,ACC-BE6BD33BB9,33080.62,UPI,2026-01-20T09:07:14,False,False,
TXN-BC76BED9FF,ACC-C456B6C5DF,ACC-D4A942971A,17640.87,NEFT,2026-07-14T22:54:57,False,False,
TXN-8F806B3B99,ACC-0833635625,ACC-5BA2323BCA,28125.31,UPI,2026-04-16T02:49:01,False,False,
TXN-E823A72A5C,ACC-7F97DE3607,ACC-AD0BCCC4E1,9997.03,UPI,2026-04-23T22:28:16,False,False,
TXN-AD87E53AC9,ACC-B7823C27D8,ACC-881DE7EA23,23764.25,NEFT,2026-04-07T14:19:03,False,False,
TXN-4E053462D2,ACC-1E527431C0,ACC-47795EDE90,19434.79,RTGS,2026-02-08T02:43:08,False,False,
TXN-EA7F8F9473,ACC-9ACE70AC5F,ACC-5A1EE3F0E9,29932.53,IMPS,2026-08-07T23:59:59,False,False,
TXN-81DE67D87B,ACC-2E4FEC1EA8,ACC-18CA389BCC,43821.43,IMPS,2026-03-19T11:32:12,False,False,
TXN-4C7EDD5E74,ACC-16D5DE4BFB,ACC-839BC026ED,20932.35,IMPS,2026-04-27T22:06:13,False,False,
TXN-ABD1B12201,ACC-707D020FFD,ACC-24E98BF3A4,15007.24,RTGS,2026-07-31T23:30:38,False,False,
TXN-55E95E129B,ACC-9D9CAA235E,ACC-4C3E73EFA6,39163.81,RTGS,2026-02-07T07:10:44,False,False,
TXN-A0B7FD8EB5,ACC-D4A942971A,ACC-67DD07E5DE,22206.69,NEFT,2026-07-15T15:53:51,False,False,
TXN-0D218E12E9,ACC-B3C08E3167,ACC-E2A3133D65,18006.44,NEFT,2026-06-16T02:09:56,False,False,
TXN-2012A5C75F,ACC-DDAFB58A0C,ACC-D4C1048A81,48080.06,RTGS,2026-01-11T17:55:49,False,False,
TXN-E907DA3C29,ACC-69261F9DE4,ACC-D2D793E5E9,47883.09,RTGS,2026-02-04T08:13:04,False,False,
TXN-2EA0EF377B,ACC-27F3C98FB7,ACC-BF52E5A85B,30837.39,NEFT,2026-04-05T05:37:17,False,False,
TXN-75AE1553AA,ACC-070D19C553,ACC-527DD88844,18780.94,NEFT,2026-01-21T18:59:30,False,False,
TXN-B7E4BD2CAD,ACC-27F3C98FB7,ACC-F94199C495,6471.6,UPI,2026-06-29T17:40:53,False,False,
TXN-66E3D4C415,ACC-7CDA8721D4,ACC-666B15ED36,23118.99,UPI,2026-02-02T21:04:47,False,False,
TXN-F7C0D6FEE2,ACC-4B2C067387,ACC-A65178755C,41528.74,UPI,2026-05-10T12:17:27,False,False,
TXN-BC5958BD0D,ACC-95313103B8,ACC-87A5064991,41132.62,RTGS,2026-05-09T16:00:38,False,False,
TXN-60518E4CF0,ACC-259A629A07,ACC-3A9523F661,37075.55,UPI,2026-03-21T15:20:21,False,False,
TXN-B0018EEB74,ACC-08756AA444,ACC-1BE237EF1F,28190.05,RTGS,2026-02-22T23:21:56,False,False,
TXN-7EC9FD31E9,ACC-B79CF1E2E6,ACC-AE4D16816A,32055.47,IMPS,2026-04-27T20:31:07,False,False,
TXN-EAE51DD476,ACC-CB714FE2D9,ACC-BD4A668900,36013.27,UPI,2026-07-08T08:06:34,False,False,
TXN-49CA66141F,ACC-800B8EADF0,ACC-2847A7188C,10194.85,UPI,2026-01-01T00:19:58,False,False,
TXN-0D75486F18,ACC-B2E0AC9287,ACC-0BA8E5E1C6,44018.97,UPI,2026-04-07T00:07:39,False,False,
TXN-8FB78BC943,ACC-CBD640205D,ACC-25F4E87B68,23792.37,RTGS,2026-06-01T17:43:02,False,False,
TXN-F47AB20ABF,ACC-4B2C067387,ACC-3A9523F661,15136.2,RTGS,2026-03-13T11:24:49,False,False,
TXN-EE877DF535,ACC-927E6074CB,ACC-54D1D15CE3,13161.52,RTGS,2026-08-28T16:20:03,False,False,
TXN-30D6307121,ACC-1CEC7DB577,ACC-F2A8694245,7483.07,UPI,2026-03-13T18:32:02,False,False,
TXN-826D7F6DF7,ACC-FB8C719E6E,ACC-0165A5DCE4,32941.78,IMPS,2026-07-18T15:39:55,False,False,
TXN-1F0D0603EE,ACC-F79E5B6E30,ACC-6EAD40290B,27424.72,RTGS,2026-07-06T14:16:19,False,False,
TXN-CA4F7CAA0A,ACC-A27D9889F7,ACC-7BC373E0D3,5180.98,RTGS,2026-05-23T15:51:05,False,False,
TXN-714045E1D0,ACC-7BC373E0D3,ACC-38251481D0,19681.22,UPI,2026-06-30T04:27:18,False,False,
TXN-0FE0F3C254,ACC-6E3E268136,ACC-2B7C24EF20,7578.69,NEFT,2026-06-27T12:18:56,False,False,
TXN-0B776AE84E,ACC-3254A1CA4E,ACC-44A90443FC,19593.58,NEFT,2026-01-14T05:40:53,False,False,
TXN-6746C82613,ACC-BDB1ACBE88,ACC-0BA17EEC9F,44682.4,RTGS,2026-01-17T13:21:25,False,False,
TXN-E8C27D891E,ACC-5A59EEED82,ACC-A0826D22AE,23501.77,RTGS,2026-04-18T12:55:57,False,False,
TXN-79D67F59BE,ACC-B774B2D1BC,ACC-7B2CEDF0C2,18015.83,IMPS,2026-05-16T11:22:09,False,False,
TXN-107982ADCA,ACC-2030851CD5,ACC-F5003B4F47,19653.09,UPI,2026-03-09T18:25:43,False,False,
TXN-B93850BC9C,ACC-1DEA054489,ACC-EDF8AEA14D,17722.98,NEFT,2026-06-28T10:40:48,False,False,
TXN-8883CE0FF3,ACC-6B7FC0B72D,ACC-BF52E5A85B,14061.34,NEFT,2026-06-02T23:40:54,False,False,
TXN-C54341527E,ACC-6082943E35,ACC-BDB1ACBE88,24290.48,RTGS,2026-08-24T06:51:17,False,False,
TXN-AC1BD86E76,ACC-AC37282B6E,ACC-FE98868FCE,28886.74,NEFT,2026-02-20T06:18:00,False,False,
TXN-0306A91168,ACC-E0BA6B7C1D,ACC-744D8EC3A9,29524.83,NEFT,2026-08-15T23:52:18,False,False,
TXN-3C7A06C255,ACC-012C518606,ACC-82303C3115,3564.98,UPI,2026-03-03T19:39:43,False,False,
TXN-1A9ADF10EA,ACC-1EB891BCE8,ACC-C9091D07F2,33330.0,RTGS,2026-07-05T00:29:27,False,False,
TXN-4241EA53AB,ACC-744D8EC3A9,ACC-B02A895FFA,11730.42,IMPS,2026-02-10T22:41:44,False,False,
TXN-2AA0415AB3,ACC-1672980D7E,ACC-4A6E5CA4CB,44645.15,RTGS,2026-01-25T23:58:15,False,False,
TXN-7C8EFCEDA4,ACC-12DEBE4D7D,ACC-A7BEAC881D,12674.1,UPI,2026-01-29T07:18:23,False,False,
TXN-D0CCD8EEB4,ACC-C0D660E6FD,ACC-7CDA8721D4,18841.24,UPI,2026-03-09T14:25:27,False,False,
TXN-6F2189FBBC,ACC-FCAC3A896F,ACC-C89F6DD400,34996.54,RTGS,2026-02-21T17:40:08,False,False,
TXN-03FBECCD2C,ACC-47795EDE90,ACC-DFFB3F40EF,27912.12,IMPS,2026-04-09T01:25:24,False,False,
TXN-E1F8E9B816,ACC-E6B86E6FA6,ACC-AAFB6325CE,34006.68,IMPS,2026-03-20T03:15:08,False,False,
TXN-9A3D36282D,ACC-F79E5B6E30,ACC-7302298273,21816.34,IMPS,2026-02-03T09:44:55,False,False,
TXN-04758A663F,ACC-C8239DDCE2,ACC-40E0FD9381,31529.96,UPI,2026-03-21T01:07:36,False,False,
TXN-BDC5135D77,ACC-49E8CB1413,ACC-BF52E5A85B,44685.89,NEFT,2026-06-08T11:05:26,False,False,
TXN-4C1D6EA0D3,ACC-31C7C84AB6,ACC-54D1D15CE3,43251.66,NEFT,2026-03-13T23:09:42,False,False,
TXN-E7ECF5342E,ACC-364CCC95E8,ACC-D2850455D3,47895.63,RTGS,2026-03-15T20:12:15,False,False,
TXN-2630E39991,ACC-0EBA265950,ACC-4536A10727,41413.27,NEFT,2026-05-19T10:40:58,False,False,
TXN-7719E2E479,ACC-5EBDC3EF6B,ACC-69261F9DE4,42700.4,UPI,2026-06-20T10:38:24,False,False,
TXN-2D699CE2CC,ACC-7883394F1B,ACC-A25BD37547,18930.69,UPI,2026-08-10T00:53:06,False,False,
TXN-7E8C81438A,ACC-DCE8AEC782,ACC-75F2FA030F,39162.89,NEFT,2026-02-09T04:34:38,False,False,
TXN-69505AE18C,ACC-1A158E2B39,ACC-F096D4C6E9,11682.56,NEFT,2026-01-09T18:06:40,False,False,
TXN-A8E5D286B9,ACC-AB3C5011ED,ACC-A27D9889F7,46129.21,NEFT,2026-06-01T15:02:16,False,False,
TXN-90A6D00A78,ACC-97DE8F3D46,ACC-E002377908,3584.05,IMPS,2026-04-22T20:59:51,False,False,
TXN-5C5B303D66,ACC-B1F5E6D0A8,ACC-C77EB75317,28852.72,NEFT,2026-06-05T00:59:48,False,False,
TXN-4973200C5A,ACC-5EBDC3EF6B,ACC-39DF57796E,27387.89,UPI,2026-08-15T07:50:00,False,False,
TXN-DC28ECDFDD,ACC-B727761BBE,ACC-3CDEE78BB2,32730.95,UPI,2026-05-12T06:48:36,False,False,
TXN-E15642F75B,ACC-3CA6155674,ACC-9ACE70AC5F,10185.46,UPI,2026-02-24T02:15:50,False,False,
TXN-14CEA49173,ACC-CBD640205D,ACC-2F6B718C23,40874.77,NEFT,2026-01-25T04:56:37,False,False,
TXN-4603974AE0,ACC-0EF9A10310,ACC-815F9190D9,3831.01,UPI,2026-05-15T07:30:51,False,False,
TXN-9E028967B3,ACC-499D1565B6,ACC-6E3E268136,29987.75,UPI,2026-08-03T03:39:21,False,False,
TXN-373D8D4AB1,ACC-640FAAC1A6,ACC-1C50ED9C49,13671.32,UPI,2026-02-10T09:55:15,False,False,
TXN-91BAE9D5DE,ACC-5DAE621EB3,ACC-24F522F2BC,25478.69,NEFT,2026-06-17T14:00:59,False,False,
TXN-60ABF455CE,ACC-867E2E7256,ACC-8BDC85DDB6,39120.78,IMPS,2026-01-09T07:51:56,False,False,
TXN-B20B7A2F1A,ACC-4B2C067387,ACC-071B895276,38725.94,IMPS,2026-07-27T10:58:23,False,False,
TXN-47B142C5C7,ACC-99EC609564,ACC-9DDDF0EB39,34160.67,UPI,2026-08-03T13:38:08,False,False,
TXN-4D32139B27,ACC-42561BAF46,ACC-2D4BA286B8,19478.81,RTGS,2026-02-18T15:17:49,False,False,
TXN-9CB788FA37,ACC-8948A66CCA,ACC-B8E2A0CEC8,21456.31,IMPS,2026-02-14T21:18:48,False,False,
TXN-B35FD7A134,ACC-AAFB6325CE,ACC-1A158E2B39,44877.91,NEFT,2026-05-17T14:54:43,False,False,
TXN-5133A2F0A8,ACC-916753B14F,ACC-3552A8B7B0,21938.94,UPI,2026-04-03T11:54:26,False,False,
TXN-48E9AC7130,ACC-1EB891BCE8,ACC-4AC34A3CF5,29513.15,IMPS,2026-06-10T10:02:57,False,False,
TXN-D5BA3F7CCE,ACC-CA0071ADF6,ACC-71321C26BF,44439.1,UPI,2026-01-06T18:51:52,False,False,
TXN-34DBAFF664,ACC-575D2A535F,ACC-782C1DCA3A,40668.57,UPI,2026-01-23T00:03:32,False,False,
TXN-1B4DC52ACB,ACC-F1A6C1EA09,ACC-AF3A1DDB76,9193.56,UPI,2026-05-02T23:51:55,False,False,
TXN-5CC33411E7,ACC-1CCF766288,ACC-9689E95CF5,32829.41,IMPS,2026-04-24T13:29:02,False,False,
TXN-06D2830E53,ACC-1C50ED9C49,ACC-F2C2B527B9,20011.37,UPI,2026-01-30T19:51:49,False,False,
TXN-2523550BFE,ACC-8B890E7E9D,ACC-16D5DE4BFB,46930.83,IMPS,2026-07-12T05:04:29,False,False,
TXN-97B4A84919,ACC-4D6FD21437,ACC-AEEECF22FC,40708.56,IMPS,2026-06-22T06:06:34,False,False,
TXN-BD13354EB4,ACC-4590CA8AF6,ACC-5A1EE3F0E9,47083.06,NEFT,2026-04-05T20:09:46,False,False,
TXN-8CCDB5A4C2,ACC-67DD07E5DE,ACC-BB43C19BEE,16079.18,UPI,2026-01-21T23:17:36,False,False,
TXN-448C87CE72,ACC-70566D979F,ACC-F3D06559F3,35333.98,RTGS,2026-04-19T15:46:28,False,False,
TXN-4B3AA593E3,ACC-DCE8AEC782,ACC-866F9BCA0B,45620.05,IMPS,2026-04-29T10:14:21,False,False,
TXN-46E9495516,ACC-F79E5B6E30,ACC-EB83C67414,10696.33,NEFT,2026-02-25T03:10:28,False,False,
TXN-B2326A8CD8,ACC-5DAE621EB3,ACC-927E6074CB,34977.43,RTGS,2026-02-14T08:46:52,False,False,
TXN-7DD4F17BC2,ACC-E03D1772D7,ACC-F096D4C6E9,41849.0,NEFT,2026-04-18T22:50:35,False,False,
TXN-86272D5B10,ACC-A7F8107923,ACC-6AA0A9180D,15160.56,UPI,2026-01-24T04:37:52,False,False,
TXN-8744C3E670,ACC-26BB62B633,ACC-B982011985,19320.03,UPI,2026-05-29T13:58:49,False,False,
TXN-961C9B61E8,ACC-6AA0A9180D,ACC-FC68401E79,2411.89,IMPS,2026-05-28T07:35:01,False,False,
TXN-01FB8E52BA,ACC-62C2B0875E,ACC-DCADBBE396,21668.03,UPI,2026-04-29T12:11:10,False,False,
TXN-30B19162E4,ACC-881DE7EA23,ACC-3E4E52E0F7,38197.22,UPI,2026-08-25T09:51:41,False,False,
TXN-CE8D055A5C,ACC-0F6B3E6554,ACC-99EE9C11B6,46150.39,NEFT,2026-08-18T12:08:01,False,False,
TXN-73BD5CA6F5,ACC-ACDADA8CEB,ACC-A6DE6B58BB,1561.79,RTGS,2026-06-16T01:02:50,False,False,
TXN-2FE227F2E3,ACC-205C5A9540,ACC-4699D54DC3,37669.56,UPI,2026-08-03T21:04:31,False,False,
TXN-34BF9E8C99,ACC-CB3F05F503,ACC-190183B2DC,46637.14,NEFT,2026-07-27T16:20:14,False,False,
TXN-68CDE55CE4,ACC-7B9514B58D,ACC-2F5AFAD426,28715.61,NEFT,2026-03-05T03:03:54,False,False,
TXN-89A4132677,ACC-65FA99C299,ACC-A1213A3BAA,37332.57,IMPS,2026-02-21T05:08:33,False,False,
TXN-6837DC6D0F,ACC-9E1489C0CB,ACC-67B3AE715B,40019.53,NEFT,2026-02-03T05:15:40,False,False,
TXN-2AEFF2B466,ACC-782C1DCA3A,ACC-655E91503F,27231.67,NEFT,2026-08-10T18:52:33,False,False,
TXN-61652D71CC,ACC-750B08D60C,ACC-F69EFF6313,30854.25,NEFT,2026-04-15T08:54:24,False,False,
TXN-CFE29096BA,ACC-DCADBBE396,ACC-16D5DE4BFB,39164.83,UPI,2026-02-18T06:37:11,False,False,
TXN-69185CAAA0,ACC-C61EBC8EFC,ACC-2494521276,33106.67,NEFT,2026-03-11T10:23:28,False,False,
TXN-053DEDD81E,ACC-FC68401E79,ACC-8CA8143342,1059.88,UPI,2026-07-01T03:31:52,False,False,
TXN-A8C1DE3BFD,ACC-CFE43AA132,ACC-CEEC7AB2F4,24114.35,IMPS,2026-06-08T16:31:46,False,False,
TXN-C378ABD432,ACC-9FEDF3D99B,ACC-A930381713,46953.95,NEFT,2026-08-26T00:40:26,False,False,
TXN-79C13B18F9,ACC-A2C339E9C0,ACC-A8A2646A94,47674.01,RTGS,2026-03-11T19:53:38,False,False,
TXN-E4C47603CE,ACC-9912037D7A,ACC-5EF11517C0,39379.44,NEFT,2026-07-12T05:04:19,False,False,
TXN-173EC3A4B6,ACC-75F2FA030F,ACC-73C38DBB72,31590.84,IMPS,2026-08-28T23:42:17,False,False,
TXN-F1AA68AEA9,ACC-1DEA054489,ACC-8EB3CAD19A,11787.09,UPI,2026-03-13T13:23:08,False,False,
TXN-0D4FEC7A55,ACC-447F620CDE,ACC-C56EE285EE,43056.4,NEFT,2026-01-17T07:03:15,False,False,
TXN-1277D793CC,ACC-EB83C67414,ACC-81C5183F45,11552.03,NEFT,2026-04-10T23:33:43,False,False,
TXN-95C02601DE,ACC-4E99782B8B,ACC-1E527431C0,42277.56,NEFT,2026-07-29T21:16:42,False,False,
TXN-AFE93F9C16,ACC-FFC9D0FFD3,ACC-546990EA97,30108.83,NEFT,2026-02-12T09:28:38,False,False,
TXN-D524987590,ACC-9D9CEED106,ACC-DD20BC5842,22301.87,UPI,2026-04-03T00:48:06,False,False,
TXN-ACEFA9B76C,ACC-866F9BCA0B,ACC-D776A0BE4C,28604.22,RTGS,2026-01-28T17:25:57,False,False,
TXN-E0FB16A0F5,ACC-9FCC7D1426,ACC-73A9A3591F,43817.49,IMPS,2026-01-10T14:10:13,False,False,
TXN-BE618044A8,ACC-58E2280A96,ACC-16277DA3F8,39450.59,NEFT,2026-06-08T12:07:03,False,False,
TXN-54BD1D88C4,ACC-A080E0B4CA,ACC-40CE764DEC,23640.11,NEFT,2026-08-30T12:40:50,False,False,
TXN-DDF396D008,ACC-19A3798E9A,ACC-B893CD7F4B,18541.44,NEFT,2026-02-28T06:41:27,False,False,
TXN-5F6E97A218,ACC-E1564FA410,ACC-071B895276,5490.36,IMPS,2026-05-02T14:21:26,False,False,
TXN-69B3FCD193,ACC-1FBBC00607,ACC-6B7FC0B72D,39087.51,NEFT,2026-03-25T10:43:17,False,False,
TXN-465FB56E33,ACC-4161640330,ACC-C8239DDCE2,1823.46,IMPS,2026-05-29T00:00:47,False,False,
TXN-21BC510CEB,ACC-5B113A2100,ACC-4EC4D221E6,4106.56,UPI,2026-03-29T05:14:48,False,False,
TXN-A429A5681C,ACC-76445D988C,ACC-E6B5060B5D,49891.09,RTGS,2026-07-29T07:32:24,False,False,
TXN-3D5A545BE2,ACC-AD0BCCC4E1,ACC-3A9523F661,42410.23,UPI,2026-08-24T18:36:03,False,False,
TXN-5ABA776EED,ACC-BC8E32E08B,ACC-DCADBBE396,26317.51,RTGS,2026-05-04T02:05:20,False,False,
TXN-BBB8161EB8,ACC-43F0764A9E,ACC-E7FA384148,41833.25,NEFT,2026-04-05T18:30:54,False,False,
TXN-3D75241C60,ACC-67E6A14EEA,ACC-DFAA153F85,39990.5,NEFT,2026-03-31T16:03:26,False,False,
TXN-889A68C57E,ACC-379E774384,ACC-C2DC9694BC,37459.78,UPI,2026-04-04T14:42:57,False,False,
TXN-468DBCF074,ACC-6D358C6424,ACC-AD0BCCC4E1,47888.91,RTGS,2026-05-21T12:58:36,False,False,
TXN-E9EA59263B,ACC-21E3AE70D3,ACC-BE6BD33BB9,28110.77,UPI,2026-05-21T16:51:09,False,False,
TXN-D6159654B7,ACC-E29496DB40,ACC-8E21016DF3,30339.89,RTGS,2026-06-12T15:58:01,False,False,
TXN-466DFB496A,ACC-3B161F37FC,ACC-BF9CB7E353,41425.49,IMPS,2026-07-28T18:56:36,False,False,
TXN-54960BF8A3,ACC-5686318150,ACC-AB66858F8B,45481.43,IMPS,2026-08-24T04:05:40,False,False,
TXN-F47615E8D5,ACC-24278E82A3,ACC-6A47CE5A9F,17210.28,UPI,2026-02-01T15:41:26,False,False,
TXN-A6BF4725C7,ACC-B57DC57093,ACC-3CA6155674,25350.29,IMPS,2026-08-12T16:49:07,False,False,
TXN-7D4E90DA63,ACC-FEFD474107,ACC-4283D26207,44095.77,IMPS,2026-03-11T20:56:09,False,False,
TXN-D2D0147758,ACC-174B868AF3,ACC-9E1489C0CB,8505.19,RTGS,2026-04-13T06:50:36,False,False,
TXN-E6D4C83E9D,ACC-ABA49273CF,ACC-EB16F1E385,35626.82,RTGS,2026-02-09T05:20:42,False,False,
TXN-98FD99B551,ACC-F1A6C1EA09,ACC-49E8CB1413,41726.16,UPI,2026-03-06T19:57:10,False,False,
TXN-1D45D65C39,ACC-E515F4F75D,ACC-21D44CE318,25841.88,RTGS,2026-06-14T00:40:05,False,False,
TXN-1C3CDD094A,ACC-CAEEF3E77C,ACC-75F2FA030F,20235.41,IMPS,2026-04-24T22:36:38,False,False,
TXN-11AC75C48E,ACC-41740025DD,ACC-99EE9C11B6,44891.83,NEFT,2026-08-18T16:58:28,False,False,
TXN-BD2E3FD7F5,ACC-A86A8F2CEF,ACC-E6C3585964,5567.04,UPI,2026-01-29T15:25:24,False,False,
TXN-E3E97744E8,ACC-4868E01901,ACC-5A59EEED82,47505.97,RTGS,2026-06-24T16:00:30,False,False,
TXN-CFAE32A99A,ACC-284AA105A8,ACC-2E4FEC1EA8,14606.7,RTGS,2026-02-22T06:36:52,False,False,
TXN-85FCBA37B0,ACC-651117ECCC,ACC-9D9CAA235E,36240.63,UPI,2026-03-01T03:07:56,False,False,
TXN-4CC1A0E89F,ACC-742872BC2B,ACC-F18365684C,29733.8,RTGS,2026-05-28T08:01:38,False,False,
TXN-A8257D0C35,ACC-FCAC3A896F,ACC-AF3A1DDB76,9000.77,NEFT,2026-02-07T15:09:37,False,False,
TXN-221DB9CAC2,ACC-1EB891BCE8,ACC-70C525537E,24766.01,UPI,2026-08-08T02:05:06,False,False,
TXN-E6EEACAE77,ACC-666B15ED36,ACC-F5003B4F47,29075.44,RTGS,2026-04-21T18:47:23,False,False,
TXN-5CB69D980D,ACC-78063956AD,ACC-6AA0A9180D,16065.2,IMPS,2026-02-25T14:41:19,False,False,
TXN-3D586884EF,ACC-64133B7277,ACC-AEEECF22FC,44142.73,IMPS,2026-06-17T04:54:06,False,False,
TXN-850D6B9D2B,ACC-22C8A8AA60,ACC-016ED7C075,28841.86,NEFT,2026-02-08T15:05:43,False,False,
TXN-061FDF25D5,ACC-EDE54FCC92,ACC-6364A8BD24,8446.51,NEFT,2026-04-17T08:27:10,False,False,
TXN-B9DC909D08,ACC-3EDAF055AB,ACC-AF3A1DDB76,11336.94,IMPS,2026-04-23T00:49:02,False,False,
TXN-75C15F511E,ACC-4CC2D08CE6,ACC-F2C2B527B9,37722.75,IMPS,2026-04-19T05:00:28,False,False,
TXN-5ACBD1783E,ACC-47E287D902,ACC-C9091D07F2,10500.79,IMPS,2026-01-11T14:55:17,False,False,
TXN-FB96913705,ACC-4C3B5F7DD0,ACC-27D28B0244,48000.86,IMPS,2026-01-03T14:07:23,False,False,
TXN-376C6DCA02,ACC-701A2F2D0F,ACC-071B895276,18603.12,NEFT,2026-08-10T19:38:42,False,False,
TXN-9F532AEE82,ACC-73A9A3591F,ACC-67A0A8E390,22352.27,IMPS,2026-06-26T06:10:58,False,False,
TXN-B431DEC553,ACC-DFAADBE8F3,ACC-C7640E1436,35869.3,UPI,2026-06-22T14:09:19,False,False,
TXN-316130C81B,ACC-F2A8694245,ACC-815F9190D9,13300.22,IMPS,2026-04-19T03:22:18,False,False,
TXN-215CEBB96A,ACC-67A0A8E390,ACC-C46FDCD89C,5999.84,NEFT,2026-01-31T16:57:30,False,False,
TXN-6808C73791,ACC-0165A5DCE4,ACC-420FED7829,36422.61,NEFT,2026-03-02T20:48:11,False,False,
TXN-DB4BA00FA9,ACC-DD20BC5842,ACC-27BAF0D834,13950.18,UPI,2026-05-03T06:14:28,False,False,
TXN-9564E97A21,ACC-F69EFF6313,ACC-7919653E0C,5201.85,NEFT,2026-03-15T22:38:39,False,False,
TXN-332C6677BF,ACC-F92965B93C,ACC-BD293A9B4B,41914.22,UPI,2026-01-04T02:17:28,False,False,
TXN-75771C4168,ACC-5719E56777,ACC-8F943FF21B,29399.9,IMPS,2026-03-17T23:51:14,False,False,
TXN-B9996DFF10,ACC-F37C68CD36,ACC-CB2D6018FF,7741.37,IMPS,2026-07-12T21:49:32,False,False,
TXN-7D5F61D77A,ACC-892865ECA5,ACC-D6669E7AAC,10088.93,UPI,2026-07-20T12:19:22,False,False,
TXN-48A49D959E,ACC-73068A09D2,ACC-2D8F981E06,10866.62,RTGS,2026-01-27T02:55:13,False,False,
TXN-493FFA80F3,ACC-E6B86E6FA6,ACC-F92965B93C,30638.62,IMPS,2026-01-16T01:45:39,False,False,
TXN-785EFDA295,ACC-4AF65220ED,ACC-2847A7188C,13301.08,RTGS,2026-08-15T18:19:57,False,False,
TXN-3EB95C3F18,ACC-927E6074CB,ACC-063B0DF9B6,17565.45,IMPS,2026-04-27T13:08:24,False,False,
TXN-FB29774DEC,ACC-1EB891BCE8,ACC-D7608B7F05,33465.19,RTGS,2026-06-02T07:39:45,False,False,
TXN-2BB58F6333,ACC-4C3B5F7DD0,ACC-FA10BE1FA4,27261.98,NEFT,2026-02-07T11:45:17,False,False,
TXN-9AB46FD6AD,ACC-B7823C27D8,ACC-790F45837C,48153.36,NEFT,2026-06-12T22:53:59,False,False,
TXN-4317F8EC04,ACC-39123E81E5,ACC-D776A0BE4C,12520.33,RTGS,2026-02-14T23:30:46,False,False,
TXN-0875F03504,ACC-9F3F8647A9,ACC-31D8A89722,47824.51,UPI,2026-05-15T23:40:01,False,False,
TXN-7C2B2E8117,ACC-93A4E5AEC0,ACC-79256D8375,35299.98,RTGS,2026-07-09T23:26:08,False,False,
TXN-619E705005,ACC-0013C45F4C,ACC-C8A8330605,34423.65,UPI,2026-04-23T23:39:58,False,False,
TXN-8654261A41,ACC-4D424AD3CE,ACC-DD20BC5842,10912.29,RTGS,2026-01-24T14:43:38,False,False,
TXN-41366F2D85,ACC-31878FEFFC,ACC-FB32091F6D,16294.96,NEFT,2026-06-09T16:55:58,False,False,
TXN-E02A11EBAB,ACC-55AB15FD2D,ACC-C0D660E6FD,21374.92,NEFT,2026-01-22T05:13:11,False,False,
TXN-D3788D9B4C,ACC-4D424AD3CE,ACC-C0FEDCAB89,36463.71,NEFT,2026-01-18T17:17:19,False,False,
TXN-2E6A07B44B,ACC-FB262F231A,ACC-B1F9006D61,20608.61,IMPS,2026-07-28T04:00:15,False,False,
TXN-C53A4CC082,ACC-CCEC58F489,ACC-D7D4D11CC0,31339.27,NEFT,2026-02-20T04:22:27,False,False,
TXN-E96350C469,ACC-D843FAA512,ACC-54B9E3F978,1192.01,UPI,2026-05-28T06:17:22,False,False,
TXN-B67DF05C2B,ACC-E5FF32B83D,ACC-70B8E77906,35295.58,NEFT,2026-08-03T17:20:50,False,False,
TXN-E745B6D452,ACC-C741D6977A,ACC-65DDB8C5FD,2650.92,IMPS,2026-05-21T14:59:44,False,False,
TXN-97C5A95118,ACC-7F0DBD2FAA,ACC-B739AC709B,49263.82,RTGS,2026-03-31T01:33:07,False,False,
TXN-AEDD76F9A8,ACC-62B369F1B3,ACC-7302298273,45550.56,NEFT,2026-06-10T13:07:23,False,False,
TXN-CBD414A5DF,ACC-BD9438B62E,ACC-EB83C67414,36720.05,UPI,2026-01-15T00:14:35,False,False,
TXN-48E990B467,ACC-832DB8563C,ACC-27F3C98FB7,47029.69,UPI,2026-07-14T18:18:44,False,False,
TXN-B19B342E64,ACC-79256D8375,ACC-0B9FA22C53,2305.8,NEFT,2026-04-28T01:52:15,False,False,
TXN-3BEC2E7373,ACC-40E0FD9381,ACC-3B161F37FC,31651.46,IMPS,2026-01-14T02:50:02,False,False,
TXN-7FD6E0D78D,ACC-A26ED4E77D,ACC-2D8F981E06,6357.41,RTGS,2026-06-05T15:16:10,False,False,
TXN-CED9ADC523,ACC-D6669E7AAC,ACC-284AA105A8,43855.76,UPI,2026-01-30T17:17:02,False,False,
TXN-5F0E68BC48,ACC-EDB7761749,ACC-3BB48B1CF1,36161.22,RTGS,2026-01-08T19:51:02,False,False,
TXN-996EA2601F,ACC-9E1489C0CB,ACC-76274A7181,41546.53,IMPS,2026-02-07T02:39:09,False,False,
TXN-461B26557A,ACC-4699D54DC3,ACC-A7F8107923,39672.48,IMPS,2026-08-24T05:27:16,False,False,
TXN-C1ADA12011,ACC-F7B774FDC5,ACC-744D8EC3A9,21372.6,UPI,2026-04-28T08:16:45,False,False,
TXN-780C88163F,ACC-18C29B6F29,ACC-D4EEC9C86D,10292.8,NEFT,2026-08-12T18:35:03,False,False,
TXN-7EB4F906BB,ACC-B727761BBE,ACC-765C988E8A,14703.68,UPI,2026-03-28T07:32:51,False,False,
TXN-DE911A5A5D,ACC-BD36F7BA6A,ACC-C22170FA88,14072.18,NEFT,2026-07-27T01:49:14,False,False,
TXN-A9E33A0CD0,ACC-C56EE285EE,ACC-5686318150,19243.94,RTGS,2026-06-02T21:02:20,False,False,
TXN-88B2018FAB,ACC-3D9503D477,ACC-7CDA8721D4,27419.75,UPI,2026-06-25T15:27:54,False,False,
TXN-1AE5C72629,ACC-AB3C5011ED,ACC-FE101774C0,48764.49,RTGS,2026-04-01T03:28:25,False,False,
TXN-3C646E025E,ACC-39123E81E5,ACC-4779286848,23944.95,UPI,2026-05-01T15:05:36,False,False,
TXN-06E78B361D,ACC-C06C86F552,ACC-1BE237EF1F,40522.1,UPI,2026-02-07T01:05:24,False,False,
TXN-6724D8428C,ACC-C22170FA88,ACC-DF69D91010,10542.55,RTGS,2026-08-19T10:58:39,False,False,
TXN-E13277BC06,ACC-782C1DCA3A,ACC-824E2F1D98,7238.26,RTGS,2026-07-23T06:29:39,False,False,
TXN-F4518A895F,ACC-73068A09D2,ACC-997180843F,38076.96,UPI,2026-07-11T14:59:12,False,False,
TXN-4212213CD8,ACC-15A2BC1592,ACC-C8A8330605,15710.46,NEFT,2026-02-28T11:48:19,False,False,
TXN-2F0B594468,ACC-CFE43AA132,ACC-5FFB73CA57,34512.08,RTGS,2026-01-03T03:55:57,False,False,
TXN-BEB96AA0E5,ACC-4D424AD3CE,ACC-4AD834E3C4,10619.36,RTGS,2026-07-31T21:15:20,False,False,
TXN-1C2BB64681,ACC-061AE2D0D5,ACC-BC27322374,47981.87,IMPS,2026-05-05T23:44:49,False,False,
TXN-8E073A3230,ACC-F48B1C477F,ACC-76C65895CF,24253.22,UPI,2026-02-10T19:04:47,False,False,
TXN-1BB3DC73F4,ACC-2B7C24EF20,ACC-6EAD40290B,4059.72,IMPS,2026-01-06T06:59:23,False,False,
TXN-BA1A95F72D,ACC-7302298273,ACC-B8FC9FB216,37457.81,IMPS,2026-03-18T15:35:58,False,False,
TXN-DCD2776E65,ACC-AAFB6325CE,ACC-AA2B7C2290,2145.29,RTGS,2026-07-12T07:27:15,False,False,
TXN-2F6AABBA5E,ACC-130E527A8D,ACC-FC78CBF289,40197.05,RTGS,2026-02-24T07:38:23,False,False,
TXN-05F2BABEB6,ACC-C437E4BF08,ACC-2F6B718C23,21023.74,UPI,2026-04-26T05:55:12,False,False,
TXN-26B873E834,ACC-1A158E2B39,ACC-9CAE4D5853,49788.07,NEFT,2026-07-22T21:52:03,False,False,
TXN-352011EF3B,ACC-78063956AD,ACC-ABF55A14B6,44499.35,IMPS,2026-02-24T23:02:22,False,False,
TXN-523FE15ED8,ACC-62B369F1B3,ACC-0E2386D597,34314.19,NEFT,2026-07-21T16:58:13,False,False,
TXN-5CCF800451,ACC-D843FAA512,ACC-C456B6C5DF,23711.08,IMPS,2026-05-09T05:28:27,False,False,
TXN-DA6F8AA11F,ACC-45ECE5D9E9,ACC-575D2A535F,49810.09,IMPS,2026-03-05T18:48:39,False,False,
TXN-7F47D45BE2,ACC-AEA5766321,ACC-6B7FC0B72D,41504.52,UPI,2026-05-04T09:04:01,False,False,
TXN-4C6C601262,ACC-6E3E268136,ACC-11553C3108,7687.38,UPI,2026-01-03T04:13:06,False,False,
TXN-7374460232,ACC-F7B774FDC5,ACC-B8E2A0CEC8,9546.19,UPI,2026-07-28T20:01:14,False,False,
TXN-E7BE312CC8,ACC-D4EEC9C86D,ACC-A6FBC3240E,4916.79,RTGS,2026-08-19T20:43:01,False,False,
TXN-32BB47FEC9,ACC-D0A2372515,ACC-25C9887F3A,17652.55,IMPS,2026-05-14T23:14:11,False,False,
TXN-CCD800927B,ACC-CB714FE2D9,ACC-8F1BE8A8CB,46408.4,NEFT,2026-04-21T08:49:12,False,False,
TXN-5638C58901,ACC-73A9A3591F,ACC-14B161A190,36520.29,NEFT,2026-06-06T14:44:00,False,False,
TXN-F56D89FBED,ACC-F114605CC3,ACC-C22170FA88,27142.65,IMPS,2026-01-31T02:07:47,False,False,
TXN-28E40C36F0,ACC-C5D2B7C89F,ACC-B2E0AC9287,5328.22,IMPS,2026-04-19T17:39:15,False,False,
TXN-A14D284F45,ACC-DD605CC508,ACC-3CDEE78BB2,28270.26,IMPS,2026-07-22T20:21:17,False,False,
TXN-B81C5AD94C,ACC-DE5B619833,ACC-BDB1ACBE88,38349.51,NEFT,2026-08-12T13:30:00,False,False,
TXN-FED102C990,ACC-FB32091F6D,ACC-C5D2B7C89F,30317.81,RTGS,2026-03-23T06:52:47,False,False,
TXN-52EC34F87F,ACC-721930AB12,ACC-C9EC862861,39211.57,IMPS,2026-02-05T11:20:03,False,False,
TXN-01EFA01EE6,ACC-ABF55A14B6,ACC-898942215E,7338.0,RTGS,2026-01-01T02:18:03,False,False,
TXN-D3AE6D5212,ACC-744D8EC3A9,ACC-9D9CEED106,44818.48,UPI,2026-02-23T04:41:55,False,False,
TXN-7F19B9C30F,ACC-1FBBC00607,ACC-907F3585BC,21385.21,RTGS,2026-05-08T00:41:37,False,False,
TXN-F8C1A36985,ACC-5A1EE3F0E9,ACC-71B3F3476E,38048.37,IMPS,2026-08-06T12:55:51,False,False,
TXN-1516EF2EC5,ACC-F94199C495,ACC-EB06C9ED42,38741.2,RTGS,2026-05-18T20:45:42,False,False,
TXN-501F1717AB,ACC-F7B774FDC5,ACC-0B1CAB7B46,15985.2,UPI,2026-08-24T02:33:35,False,False,
TXN-4325635D69,ACC-2B5F825F48,ACC-3EF22AE255,47285.4,NEFT,2026-02-25T11:46:31,False,False,
TXN-5D88ED8647,ACC-D51E8CAB49,ACC-7CDA84AC00,22194.01,NEFT,2026-02-16T16:42:58,False,False,
TXN-86935DE477,ACC-F92965B93C,ACC-9CAE4D5853,32674.19,IMPS,2026-01-10T19:46:17,False,False,
TXN-7D517B1E0A,ACC-02C0759379,ACC-DDAFB58A0C,38583.09,NEFT,2026-06-14T16:41:34,False,False,
TXN-558EDD07E9,ACC-0BE5BCC8A0,ACC-E6C3585964,28077.74,IMPS,2026-05-29T12:45:41,False,False,
TXN-0B63E999C1,ACC-40CE764DEC,ACC-11553C3108,46672.98,UPI,2026-03-18T01:19:28,False,False,
TXN-1B3DB03F5C,ACC-C0D660E6FD,ACC-BC8F7A397C,26394.93,UPI,2026-08-16T15:40:19,False,False,
TXN-3B8275DF87,ACC-2690ED0E5C,ACC-67E6A14EEA,4886.6,NEFT,2026-04-09T13:13:03,False,False,
TXN-E035EFF219,ACC-F93CCD06E3,ACC-FFAB625EFD,30417.37,UPI,2026-04-17T18:43:58,False,False,
TXN-FE52F36167,ACC-9FCC7D1426,ACC-640FAAC1A6,20035.04,NEFT,2026-04-17T11:29:07,False,False,
TXN-2B3E7EC436,ACC-A25BD37547,ACC-39DF57796E,48562.81,UPI,2026-07-02T20:15:38,False,False,
TXN-04633C4816,ACC-99EC609564,ACC-4283D26207,22833.14,IMPS,2026-07-03T20:51:32,False,False,
TXN-37C49FCBB7,ACC-2D8F981E06,ACC-9775561CCA,37579.2,UPI,2026-01-15T19:59:24,False,False,
TXN-0891C77F66,ACC-4779286848,ACC-9348003ED1,30723.44,IMPS,2026-03-10T16:53:56,False,False,
TXN-558BE4FF16,ACC-D6669E7AAC,ACC-AA6D5EBBA7,21094.71,UPI,2026-01-22T18:24:18,False,False,
TXN-6BE6FBE941,ACC-FC68401E79,ACC-47795EDE90,35587.43,NEFT,2026-02-07T20:32:13,False,False,
TXN-E7CD7A3F99,ACC-441A624A48,ACC-016ED7C075,49173.49,IMPS,2026-08-27T10:55:48,False,False,
TXN-0BBD736C4E,ACC-9BF271EE8F,ACC-1246A18253,16766.72,NEFT,2026-03-07T17:11:04,False,False,
TXN-6D9DE54711,ACC-47A6DECA4B,ACC-EB4D2BF02E,47226.19,UPI,2026-06-06T13:50:43,False,False,
TXN-A4A98E204D,ACC-6E3E268136,ACC-7BC373E0D3,33548.13,UPI,2026-03-16T22:19:49,False,False,
TXN-5CC9B52885,ACC-EA88E8CA7B,ACC-62FE6D513D,7546.19,NEFT,2026-02-02T14:38:42,False,False,
TXN-82E625056E,ACC-296A1F7971,ACC-FC68401E79,2416.52,IMPS,2026-07-16T07:16:58,False,False,
TXN-6117A3882B,ACC-02C5001F94,ACC-CCEA09B822,31837.93,UPI,2026-05-01T20:15:48,False,False,
TXN-1A6896E0D0,ACC-18C29B6F29,ACC-C22170FA88,17664.1,NEFT,2026-07-01T01:47:10,False,False,
TXN-B5FEBD803D,ACC-31C7C84AB6,ACC-93A4E5AEC0,4487.54,RTGS,2026-02-04T05:43:44,False,False,
TXN-596D7C977A,ACC-DC9B5ECFC2,ACC-E5FF32B83D,9288.55,UPI,2026-03-14T02:27:58,False,False,
TXN-FD7A842F69,ACC-8D2B37E15B,ACC-E1564FA410,31405.92,UPI,2026-03-07T18:19:27,False,False,
TXN-A65200B6DA,ACC-5CF210449D,ACC-F7E5116AF5,31969.69,RTGS,2026-02-01T13:32:14,False,False,
TXN-0702EC05BA,ACC-FC1CE0B093,ACC-CABEA4CE2A,15527.56,IMPS,2026-02-21T13:10:41,False,False,
TXN-BA0ADDF5E7,ACC-2690ED0E5C,ACC-46ACE32C69,19089.66,NEFT,2026-03-11T03:07:04,False,False,
TXN-609AA2D793,ACC-26BB62B633,ACC-BF52E5A85B,28338.99,RTGS,2026-03-29T18:06:12,False,False,
TXN-4EEF8CDF92,ACC-F92FBF16A2,ACC-134110EB77,44201.72,IMPS,2026-04-25T12:58:07,False,False,
TXN-873ABBAC8F,ACC-4CC2D08CE6,ACC-E0BA6B7C1D,22092.0,UPI,2026-07-10T06:03:55,False,False,
TXN-01004F44B6,ACC-5A59EEED82,ACC-21AD94C61E,18307.94,RTGS,2026-03-08T04:56:19,False,False,
TXN-6351682AF6,ACC-CFE43AA132,ACC-FE482F5C86,19406.9,IMPS,2026-06-18T11:48:24,False,False,
TXN-6F7CDD3A1E,ACC-EDE54FCC92,ACC-DB242399C2,40583.23,NEFT,2026-03-22T13:32:44,False,False,
TXN-ED22DE59E0,ACC-FD09B22B95,ACC-6EAD40290B,48430.82,NEFT,2026-02-05T05:55:16,False,False,
TXN-4B4D30F79D,ACC-A830244D0A,ACC-271222B259,10693.95,IMPS,2026-07-01T15:10:11,False,False,
TXN-A08EBD1F50,ACC-9ACE70AC5F,ACC-881DE7EA23,46111.58,IMPS,2026-07-04T13:16:35,False,False,
TXN-CFEA038B9B,ACC-BF52E5A85B,ACC-A1213A3BAA,29423.67,NEFT,2026-08-07T22:42:42,False,False,
TXN-8D190A466E,ACC-EB06C9ED42,ACC-AC37282B6E,29501.86,UPI,2026-05-06T04:43:30,False,False,
TXN-E12BE58227,ACC-B8E2A0CEC8,ACC-1FAEE737D8,31547.71,UPI,2026-03-03T15:39:42,False,False,
TXN-6CBD8132EA,ACC-3CA6155674,ACC-F480D3981E,16868.68,UPI,2026-03-14T16:00:20,False,False,
TXN-4A70BF7A48,ACC-E002377908,ACC-C01D8EE4E1,8304.73,IMPS,2026-01-09T10:43:27,False,False,
TXN-E52AC9AB72,ACC-AF3A1DDB76,ACC-E6C3585964,22930.99,RTGS,2026-06-05T02:03:28,False,False,
TXN-0201A6DD22,ACC-6F46916E7E,ACC-A04FEE425F,12778.22,NEFT,2026-08-22T09:11:04,False,False,
TXN-806C50C64F,ACC-0A5EE1B113,ACC-E459DE3C78,33992.08,NEFT,2026-01-16T14:01:44,False,False,
TXN-B196D6A9B3,ACC-6F896842BF,ACC-7CDA8721D4,46750.77,UPI,2026-06-13T11:52:25,False,False,
TXN-3E92F43FC0,ACC-73A9A3591F,ACC-B2F5356E7C,13614.18,RTGS,2026-08-19T07:52:10,False,False,
TXN-26A622AA61,ACC-9348003ED1,ACC-66D7D5D3CA,25707.78,NEFT,2026-08-20T19:03:21,False,False,
TXN-6A8E7489A7,ACC-E0BA6B7C1D,ACC-AEA5766321,10083.41,IMPS,2026-02-20T10:40:12,False,False,
TXN-B630C165F8,ACC-6F4436A295,ACC-F185D565E6,39470.76,UPI,2026-02-05T02:34:35,False,False,
TXN-70A91B8C31,ACC-39C9248263,ACC-5EF11517C0,7244.76,NEFT,2026-06-28T03:31:11,False,False,
TXN-9A2C70FDC0,ACC-4A7B999733,ACC-38E209123A,23137.27,IMPS,2026-03-19T19:55:27,False,False,
TXN-E539E37019,ACC-296A1F7971,ACC-7ACEB00C1E,15514.83,IMPS,2026-04-02T17:23:25,False,False,
TXN-C5E73A1E5A,ACC-866F9BCA0B,ACC-D51E8CAB49,4690.31,IMPS,2026-03-01T20:40:10,False,False,
TXN-AE713D54C4,ACC-B3C08E3167,ACC-D082666A95,42314.29,NEFT,2026-01-02T22:05:19,False,False,
TXN-14C9011B1B,ACC-6A2B38523A,ACC-3E8F3ABF9C,17366.65,RTGS,2026-08-02T12:46:42,False,False,
TXN-7C3397690F,ACC-C316F81D91,ACC-EB1B768C42,34999.23,RTGS,2026-05-27T03:17:30,False,False,
TXN-6DE34540DE,ACC-7B9514B58D,ACC-2030851CD5,12288.55,UPI,2026-05-31T12:27:02,False,False,
TXN-A8D2DCD817,ACC-EF4C528854,ACC-8D2B37E15B,38199.61,IMPS,2026-06-05T07:11:05,False,False,
TXN-BF66FE217E,ACC-271222B259,ACC-58E2280A96,44921.46,RTGS,2026-08-20T19:52:24,False,False,
TXN-5D819C2472,ACC-EB1B768C42,ACC-5667CE7568,3768.51,RTGS,2026-08-16T17:54:50,False,False,
TXN-2F2B6775B9,ACC-D2D793E5E9,ACC-420FED7829,44302.29,IMPS,2026-04-02T07:49:39,False,False,
TXN-738D1967B4,ACC-AECA8D84BB,ACC-0735508F97,17124.58,UPI,2026-08-26T02:53:32,False,False,
TXN-08B7E17252,ACC-86858D0E29,ACC-E3CDF1B8F6,20029.4,UPI,2026-03-31T08:26:24,False,False,
TXN-07F2308D7B,ACC-D4A942971A,ACC-061AE2D0D5,9560.93,IMPS,2026-04-28T06:15:55,False,False,
TXN-29532F8EEC,ACC-9CAE4D5853,ACC-0309D08B25,17111.42,IMPS,2026-06-15T07:55:01,False,False,
TXN-A1A48BBD68,ACC-E7014E27E0,ACC-6364A8BD24,15692.39,RTGS,2026-01-14T12:36:28,False,False,
TXN-1C3DBA9E95,ACC-9ACE70AC5F,ACC-3CA6155674,9139.99,RTGS,2026-07-20T22:02:17,False,False,
TXN-3A81C35E55,ACC-0A1B1B5164,ACC-5D3857F4E3,40350.2,NEFT,2026-02-09T09:09:50,False,False,
TXN-A0EC9794B4,ACC-1DEA054489,ACC-ADEE22EAB1,40216.8,UPI,2026-03-04T11:32:43,False,False,
TXN-67497A4914,ACC-7FB138125E,ACC-EF4C528854,28819.17,RTGS,2026-06-26T14:02:14,False,False,
TXN-8683E841F9,ACC-32FCC8C65C,ACC-C0FEDCAB89,32760.1,RTGS,2026-06-14T01:35:06,False,False,
TXN-85E4175E83,ACC-655E91503F,ACC-9A82A8F408,15287.13,NEFT,2026-02-15T00:48:38,False,False,
TXN-EF19A59727,ACC-0BA8E5E1C6,ACC-4AE564720E,25202.67,RTGS,2026-05-11T03:01:05,False,False,
TXN-207F883EA6,ACC-C77EB75317,ACC-05DF6021DB,5761.27,IMPS,2026-06-14T16:34:24,False,False,
TXN-34E8F7507C,ACC-639FF4E37D,ACC-DD97A5398E,19296.9,UPI,2026-02-28T09:42:37,False,False,
TXN-DD1113A34E,ACC-742872BC2B,ACC-0A5EE1B113,47420.42,NEFT,2026-03-18T17:53:13,False,False,
TXN-7ADC5B92C5,ACC-4A829B5104,ACC-ABF55A14B6,36435.91,RTGS,2026-06-18T21:27:01,False,False,
TXN-D3572EFD5A,ACC-2D88C0440D,ACC-31D8A89722,14229.35,UPI,2026-07-10T03:36:08,False,False,
TXN-E67D35AF66,ACC-C8E71B7947,ACC-564DDDA45C,2693.66,NEFT,2026-04-08T23:51:22,False,False,
TXN-4EAC9BC60B,ACC-2B7C24EF20,ACC-0A5EE1B113,33814.81,UPI,2026-07-30T18:46:57,False,False,
TXN-F12C870EC4,ACC-BB43C19BEE,ACC-11553C3108,14803.34,RTGS,2026-01-07T19:17:19,False,False,
TXN-57269B25FB,ACC-39123E81E5,ACC-A85ACB75BF,15024.63,UPI,2026-08-20T09:03:42,False,False,
TXN-759D1C070E,ACC-40C97E39E2,ACC-FA10BE1FA4,36648.83,RTGS,2026-04-07T13:22:08,False,False,
TXN-88484B04BB,ACC-38AC7EBCEF,ACC-1F0F3CBE01,26842.26,IMPS,2026-02-26T04:10:57,False,False,
TXN-951A6A1566,ACC-0FF32FDF91,ACC-815F9190D9,21668.81,NEFT,2026-05-15T03:14:00,False,False,
TXN-059E072837,ACC-D4EEC9C86D,ACC-8663F4CB7F,30938.61,RTGS,2026-01-16T18:48:05,False,False,
TXN-1A7A31FC1A,ACC-8B890E7E9D,ACC-58E2280A96,18765.21,IMPS,2026-08-25T15:35:10,False,False,
TXN-5C92AF9D74,ACC-FC1CE0B093,ACC-063B0DF9B6,40661.33,UPI,2026-05-29T07:41:13,False,False,
TXN-2739774E2A,ACC-527DD88844,ACC-5BF5891FE1,4122.49,NEFT,2026-06-14T02:15:51,False,False,
TXN-DE5919C8B0,ACC-7F7EE3CA38,ACC-95F0624A85,9359.73,NEFT,2026-01-31T18:58:25,False,False,
TXN-6E6FF34075,ACC-7919653E0C,ACC-DC9B5ECFC2,39723.51,NEFT,2026-04-28T18:02:31,False,False,
TXN-4A8F349A6F,ACC-11B514782C,ACC-2FEA127818,27050.05,IMPS,2026-01-19T23:08:23,False,False,
TXN-073C3E5F52,ACC-40CE764DEC,ACC-DFFB3F40EF,23751.34,RTGS,2026-04-17T17:11:53,False,False,
TXN-B4F79B4321,ACC-45ECE5D9E9,ACC-8663F4CB7F,38959.79,NEFT,2026-07-14T18:54:24,False,False,
TXN-203CE8F7F1,ACC-89971B1940,ACC-7065A81A34,30310.2,IMPS,2026-04-21T15:34:37,False,False,
TXN-EF44207D7C,ACC-134110EB77,ACC-9057966242,20477.7,UPI,2026-06-10T21:47:14,False,False,
TXN-29BCD51B60,ACC-B530B7482A,ACC-1C50ED9C49,13883.48,RTGS,2026-08-21T15:49:30,False,False,
TXN-B082CA88A6,ACC-AAC5FB04B0,ACC-8D2B37E15B,5037.96,IMPS,2026-01-08T00:27:06,False,False,
TXN-351EE13C8A,ACC-847A760E3C,ACC-A85ACB75BF,11208.67,NEFT,2026-08-25T15:14:17,False,False,
TXN-40ABAB536D,ACC-C8E71B7947,ACC-A7F8107923,21154.09,NEFT,2026-07-30T06:45:13,False,False,
TXN-6DCBF239D9,ACC-38A80976AA,ACC-542A9CBD37,46507.66,UPI,2026-05-14T04:31:56,False,False,
TXN-271FA8E170,ACC-4CDAB72A3B,ACC-4DEC6547E5,17449.04,RTGS,2026-02-28T22:40:45,False,False,
TXN-1B73F0627C,ACC-8CA8143342,ACC-76274A7181,25048.94,IMPS,2026-06-01T11:38:03,False,False,
TXN-F38FC02595,ACC-D495744B0B,ACC-5B3E8503F1,1806.87,UPI,2026-07-08T22:52:03,False,False,
TXN-EDC1055728,ACC-C22170FA88,ACC-9A5DA012CF,4337.98,NEFT,2026-04-29T01:47:25,False,False,
TXN-C4A2763A9B,ACC-2C977634DF,ACC-6145DF68ED,15903.84,RTGS,2026-01-12T11:33:42,False,False,
TXN-ACFB468E2C,ACC-C2CBD0C8EC,ACC-AA9C661D0F,29329.86,NEFT,2026-08-08T09:10:44,False,False,
TXN-B5F9DA505A,ACC-DFABF003B7,ACC-5F15AE2D5F,49792.13,UPI,2026-04-21T06:01:29,False,False,
TXN-9606A35F6A,ACC-4D54803324,ACC-BC7E528579,24639.69,IMPS,2026-05-26T17:54:12,False,False,
TXN-5D0CB7C6D5,ACC-EAE932E25B,ACC-D6669E7AAC,19045.76,UPI,2026-02-07T15:55:02,False,False,
TXN-919CC53400,ACC-4A7B999733,ACC-14300691C9,10723.0,UPI,2026-08-10T15:43:44,False,False,
TXN-47A7C64517,ACC-A27D9889F7,ACC-DD605CC508,43271.69,RTGS,2026-08-02T15:01:38,False,False,
TXN-AAA78290A1,ACC-B57DC57093,ACC-BE6BD33BB9,37613.79,RTGS,2026-08-21T17:24:04,False,False,
TXN-3595C25348,ACC-26BB62B633,ACC-4DEC6547E5,38570.88,UPI,2026-05-04T09:52:42,False,False,
TXN-02A0E3050A,ACC-F93CCD06E3,ACC-7F0DBD2FAA,26718.92,IMPS,2026-06-06T21:14:08,False,False,
TXN-142B47F5F8,ACC-FEFD474107,ACC-88FCBCC66C,23302.91,RTGS,2026-03-02T23:02:45,False,False,
TXN-736C39C335,ACC-7A16E4EF27,ACC-B3DBC46391,14562.71,NEFT,2026-06-30T04:59:37,False,False,
TXN-3B8636C6A5,ACC-1DEA054489,ACC-296A1F7971,34230.92,UPI,2026-05-29T21:06:46,False,False,
TXN-146AB4C993,ACC-070D19C553,ACC-216468EA2A,21021.38,RTGS,2026-06-09T08:12:55,False,False,
TXN-700CEA3355,ACC-7ADF18BB0F,ACC-5B08E29A74,1646.24,IMPS,2026-02-23T19:35:06,False,False,
TXN-8911EDB8CA,ACC-B982011985,ACC-E8ED755DF3,25267.39,UPI,2026-08-21T20:22:49,False,False,
TXN-5A384FFDE5,ACC-4536A10727,ACC-67A0A8E390,20557.01,UPI,2026-05-07T05:24:31,False,False,
TXN-8122EC907A,ACC-B982011985,ACC-782C1DCA3A,8489.65,RTGS,2026-02-05T07:52:07,False,False,
TXN-A7407E9D8C,ACC-220F23770A,ACC-0C3C054753,37199.68,RTGS,2026-08-03T09:32:51,False,False,
TXN-682376E4E1,ACC-1FBBC00607,ACC-C6FBBC5DC0,42545.39,IMPS,2026-06-27T18:42:55,False,False,
TXN-92F0665838,ACC-AECA8D84BB,ACC-73068A09D2,43757.58,IMPS,2026-07-03T08:55:58,False,False,
TXN-28524722D1,ACC-E2A3133D65,ACC-D03850541F,16271.67,NEFT,2026-01-26T04:05:57,False,False,
TXN-E39CBDECF9,ACC-19A3798E9A,ACC-CCEC58F489,28964.59,RTGS,2026-04-06T04:00:11,False,False,
TXN-51AF02A452,ACC-447F620CDE,ACC-C470247F3E,22293.93,IMPS,2026-03-10T16:37:17,False,False,
TXN-4F76B0F557,ACC-F48B1C477F,ACC-71B3F3476E,32140.69,NEFT,2026-03-03T20:28:19,False,False,
TXN-C4BB4F9AB7,ACC-5686318150,ACC-8CA8143342,36157.9,UPI,2026-01-03T16:09:25,False,False,
TXN-C4D77E0514,ACC-C437E4BF08,ACC-8F71C06043,34164.78,RTGS,2026-07-21T20:35:03,False,False,
TXN-45536F5C0A,ACC-CB2D6018FF,ACC-92BA6DED1D,3704.21,RTGS,2026-04-11T23:38:53,False,False,
TXN-DAE4F4028F,ACC-CF935DAC6A,ACC-EAE932E25B,6224.9,UPI,2026-06-20T07:18:47,False,False,
TXN-71F54F7931,ACC-6F305E7DE2,ACC-3A002A27CF,3177.36,RTGS,2026-01-16T11:57:18,False,False,
TXN-4E2724F204,ACC-F957DD43AC,ACC-B3DBC46391,35887.91,RTGS,2026-06-16T10:44:04,False,False,
TXN-5E8FB32C0C,ACC-F7241A5691,ACC-25F4E87B68,7469.99,NEFT,2026-08-14T04:14:21,False,False,
TXN-2DE541ED56,ACC-6E4F982747,ACC-40C97E39E2,36155.31,NEFT,2026-06-10T08:26:31,False,False,
TXN-F90880DF0F,ACC-B530B7482A,ACC-14622DF05B,7269.11,IMPS,2026-07-07T10:04:27,False,False,
TXN-515800E304,ACC-AEE8AC8B42,ACC-0060D2042A,5036.86,UPI,2026-06-27T23:07:30,False,False,
TXN-371ECD6C6C,ACC-847A760E3C,ACC-AC74C712B4,37674.62,NEFT,2026-05-13T23:47:57,False,False,
TXN-DD10541A4F,ACC-DFAADBE8F3,ACC-8663F4CB7F,22344.67,RTGS,2026-04-11T04:00:18,False,False,
TXN-868D5C9C9A,ACC-31C7C84AB6,ACC-38251481D0,29802.52,IMPS,2026-02-27T11:41:00,False,False,
TXN-7318EEA55A,ACC-0B1CAB7B46,ACC-3DA9871BED,1491.84,NEFT,2026-08-07T20:34:05,False,False,
TXN-6B171A471F,ACC-7B3104B541,ACC-4590CA8AF6,14702.67,IMPS,2026-08-09T10:47:15,False,False,
TXN-3DE2FEE23B,ACC-7B282E32C1,ACC-707D020FFD,23869.19,RTGS,2026-04-25T12:28:38,False,False,
TXN-7146861CF5,ACC-C35B9127FF,ACC-BC7E528579,40298.89,IMPS,2026-02-26T21:43:21,False,False,
TXN-B8BFEE27C3,ACC-99EC609564,ACC-D7608B7F05,42985.55,NEFT,2026-03-30T12:21:00,False,False,
TXN-60E1719DF9,ACC-BB7ABF97C6,ACC-E273084685,29244.87,IMPS,2026-08-15T21:27:46,False,False,
TXN-3D0E85DC27,ACC-8762C82C0F,ACC-4CC2D08CE6,18335.26,RTGS,2026-07-05T05:43:22,False,False,
TXN-68A8832ABD,ACC-5EBDC3EF6B,ACC-130E527A8D,48625.68,IMPS,2026-08-17T00:29:55,False,False,
TXN-E89329A56D,ACC-62FE6D513D,ACC-A8A2646A94,26262.2,RTGS,2026-07-08T10:49:06,False,False,
TXN-4DA56FE4D8,ACC-9775561CCA,ACC-DF69D91010,43564.96,RTGS,2026-03-10T02:43:43,False,False,
TXN-189F31FF03,ACC-8E21016DF3,ACC-9DDDF0EB39,908.78,UPI,2026-05-13T23:05:30,False,False,
TXN-4B6A686919,ACC-0F9E6E857D,ACC-39C9248263,10480.18,IMPS,2026-04-19T02:05:20,False,False,
TXN-B846E97F7B,ACC-A86A8F2CEF,ACC-69D19FB6C3,36492.34,UPI,2026-03-18T11:38:03,False,False,
TXN-02AB65DED7,ACC-FA10BE1FA4,ACC-F096D4C6E9,23074.22,UPI,2026-07-23T13:08:12,False,False,
TXN-9FC3A2A105,ACC-5D08515DA7,ACC-F79E5B6E30,10285.99,UPI,2026-06-04T18:12:26,False,False,
TXN-A692D9445F,ACC-FC78CBF289,ACC-3C019EF409,47611.01,UPI,2026-04-16T10:19:01,False,False,
TXN-95396358E0,ACC-EB83C67414,ACC-C77EB75317,42360.96,UPI,2026-01-22T17:43:22,False,False,
TXN-B95E78A5F8,ACC-39123E81E5,ACC-997180843F,26242.85,IMPS,2026-04-10T10:45:52,False,False,
TXN-7757A7FA70,ACC-13A8DBBE7A,ACC-9D9CAA235E,34547.01,IMPS,2026-03-30T16:16:56,False,False,
TXN-B27FD0F3F0,ACC-4AD834E3C4,ACC-81C5183F45,22912.09,UPI,2026-08-25T13:34:29,False,False,
TXN-100B350DFF,ACC-7EDF6E2936,ACC-12474E0D6B,14018.33,IMPS,2026-01-25T17:26:14,False,False,
TXN-3E2817AAF5,ACC-21D44CE318,ACC-0E2386D597,15277.49,IMPS,2026-03-30T09:15:27,False,False,
TXN-1FE97CE808,ACC-A04FEE425F,ACC-FE482F5C86,38131.69,RTGS,2026-06-30T07:19:19,False,False,
TXN-39BC680DD4,ACC-C2AEE47C4B,ACC-E905AF5F05,44105.71,UPI,2026-05-04T19:58:30,False,False,
TXN-1878C73CE5,ACC-7B282E32C1,ACC-E515F4F75D,9982.01,UPI,2026-06-21T14:47:18,False,False,
TXN-226A9B0241,ACC-824E2F1D98,ACC-542A9CBD37,10030.33,IMPS,2026-08-21T08:30:07,False,False,
TXN-2EE08C2AAE,ACC-3EDAF055AB,ACC-2F8D0B5A25,28552.6,RTGS,2026-02-13T07:28:41,False,False,
TXN-844DF01284,ACC-575D2A535F,ACC-445AF8A995,38914.31,IMPS,2026-08-17T17:17:44,False,False,
TXN-E602F70171,ACC-AAC5FB04B0,ACC-ABF55A14B6,37826.04,UPI,2026-04-08T18:27:33,False,False,
TXN-A1B54FD6D1,ACC-0F6B3E6554,ACC-BD36F7BA6A,30147.44,RTGS,2026-03-10T13:23:46,False,False,
TXN-C814D74CC0,ACC-67E6A14EEA,ACC-DD20BC5842,24267.33,NEFT,2026-04-27T08:49:18,False,False,
TXN-D148240B46,ACC-0060D2042A,ACC-639FF4E37D,12601.3,NEFT,2026-08-06T23:21:45,False,False,
TXN-639BED64D8,ACC-E6B5060B5D,ACC-39C9248263,31370.9,UPI,2026-03-12T18:02:35,False,False,
TXN-331BC2BED5,ACC-B61E536FF6,ACC-E73288F9DD,16096.54,RTGS,2026-07-12T13:04:42,False,False,
TXN-C057CE6BAF,ACC-66D7D5D3CA,ACC-11553C3108,3464.86,RTGS,2026-04-29T07:27:35,False,False,
TXN-6769EDD84A,ACC-C5A4F93DE5,ACC-445AF8A995,17253.1,IMPS,2026-03-17T04:26:27,False,False,
TXN-5CEAD49258,ACC-9BF20630BA,ACC-64AB233688,38190.06,IMPS,2026-04-30T07:18:52,False,False,
TXN-3E5DB3896D,ACC-62FE6D513D,ACC-707D020FFD,16136.79,RTGS,2026-02-09T23:15:25,False,False,
TXN-02B1B91BE9,ACC-B3C08E3167,ACC-2F8D0B5A25,46392.06,IMPS,2026-08-10T18:11:03,False,False,
TXN-AD76F1C020,ACC-91579CCF81,ACC-C35B9127FF,16323.52,IMPS,2026-06-03T21:13:27,False,False,
TXN-77D4EF91C5,ACC-2E36E5F8A4,ACC-AD385E3FB0,30584.14,IMPS,2026-05-07T11:34:09,False,False,
TXN-75AB3608A3,ACC-08756AA444,ACC-29CB0EC2FB,32743.83,RTGS,2026-04-15T14:49:59,False,False,
TXN-13B70AE222,ACC-AABAB59228,ACC-3CDEE78BB2,23704.69,NEFT,2026-05-25T00:01:25,False,False,
TXN-FD32FBC933,ACC-6E9CCAA402,ACC-C01D8EE4E1,16819.36,NEFT,2026-05-03T11:14:37,False,False,
TXN-D8C06FC89E,ACC-8F67E176FD,ACC-FB262F231A,21379.84,RTGS,2026-06-11T23:52:26,False,False,
TXN-25E79D90F9,ACC-9057966242,ACC-5B113A2100,47011.37,UPI,2026-06-08T18:10:41,False,False,
TXN-92E55683CE,ACC-CAEEF3E77C,ACC-DB242399C2,40307.46,RTGS,2026-04-17T11:47:50,False,False,
TXN-1BC9E66542,ACC-CF494D791D,ACC-2FE4F9E6DB,10270.21,NEFT,2026-04-25T11:42:22,False,False,
TXN-50F349307A,ACC-C17DF81397,ACC-40E0FD9381,16227.92,RTGS,2026-05-07T11:36:19,False,False,
TXN-B4DE36440A,ACC-F92965B93C,ACC-7CDA84AC00,37003.04,IMPS,2026-08-28T20:02:15,False,False,
TXN-6A30EF99C6,ACC-E6B5060B5D,ACC-907F3585BC,42848.89,UPI,2026-01-29T21:42:32,False,False,
TXN-1F8E39ED88,ACC-DFAA153F85,ACC-B893CD7F4B,16409.06,RTGS,2026-08-19T06:36:13,False,False,
TXN-7242EC2017,ACC-CB2D6018FF,ACC-FAAF574CBF,39105.15,RTGS,2026-07-09T03:33:15,False,False,
TXN-6C14A506E0,ACC-782C1DCA3A,ACC-FE620C98BD,49349.07,RTGS,2026-01-24T00:52:22,False,False,
TXN-32C5670C16,ACC-202632C916,ACC-78508EE723,32053.51,NEFT,2026-07-28T21:33:05,False,False,
TXN-B9EBFBDAA1,ACC-4779286848,ACC-AAFB6325CE,46195.58,UPI,2026-07-03T05:52:32,False,False,
TXN-4B005C6907,ACC-933DCCC0E8,ACC-2D8F981E06,3884.64,RTGS,2026-02-28T22:37:22,False,False,
TXN-C91799FE42,ACC-E7014E27E0,ACC-0CF66CA1E7,15083.01,IMPS,2026-08-07T04:41:40,False,False,
TXN-3448A1ACBD,ACC-BA384602AA,ACC-AAFB6325CE,12412.29,NEFT,2026-08-05T04:34:54,False,False,
TXN-306242169E,ACC-8572892C25,ACC-2C977634DF,34540.59,IMPS,2026-01-27T09:50:32,False,False,
TXN-4326E632F7,ACC-6EAD40290B,ACC-EFB3CA508E,37005.1,NEFT,2026-06-23T03:32:00,False,False,
TXN-258F2CC155,ACC-CA0071ADF6,ACC-2B5F825F48,9370.17,RTGS,2026-03-30T10:09:09,False,False,
TXN-2F2CCE7E75,ACC-C8E71B7947,ACC-0735508F97,16784.0,NEFT,2026-04-10T04:06:25,False,False,
TXN-5FA9BDFBA7,ACC-0BA8E5E1C6,ACC-CA0071ADF6,46647.53,IMPS,2026-02-16T06:56:07,False,False,
TXN-218E2932AB,ACC-9FCC7D1426,ACC-F3D06559F3,21481.08,RTGS,2026-01-19T15:40:55,False,False,
TXN-C11E5815DC,ACC-16B5023BFB,ACC-FBE8498AA0,45666.51,NEFT,2026-01-07T07:00:24,False,False,
TXN-80EA8DF353,ACC-180C85B69F,ACC-D51E8CAB49,49783.59,NEFT,2026-07-29T06:04:03,False,False,
TXN-C4C349528C,ACC-AC74C712B4,ACC-892865ECA5,28825.81,UPI,2026-01-30T08:12:03,False,False,
TXN-A84CADBA04,ACC-76445D988C,ACC-4AC34A3CF5,48716.53,UPI,2026-07-26T12:23:06,False,False,
TXN-02AD1E9A4E,ACC-7B2CEDF0C2,ACC-A830244D0A,42345.71,UPI,2026-08-11T21:22:15,False,False,
TXN-94DC83BBBA,ACC-F4704FE65D,ACC-B982011985,32578.67,IMPS,2026-01-29T09:11:17,False,False,
TXN-7461EBE233,ACC-22F56C107F,ACC-447F620CDE,21661.15,NEFT,2026-06-30T20:46:47,False,False,
TXN-5F4E95C9C6,ACC-FE70458486,ACC-4868E01901,7779.82,NEFT,2026-01-29T08:38:58,False,False,
TXN-669EAC8492,ACC-40FD962921,ACC-9775561CCA,28846.14,RTGS,2026-07-24T22:39:02,False,False,
TXN-FD20D726E4,ACC-70B8E77906,ACC-18A95F0463,37025.04,RTGS,2026-01-09T08:14:27,False,False,
TXN-6B09370038,ACC-8C6EEE6E66,ACC-6E4E1E9D4F,14831.93,RTGS,2026-01-08T07:53:47,False,False,
TXN-E188206DA4,ACC-777B646391,ACC-0F9E6E857D,16254.74,IMPS,2026-04-11T12:41:03,False,False,
TXN-1BFB3524A7,ACC-B79CF1E2E6,ACC-14B161A190,33792.01,NEFT,2026-07-26T17:59:40,False,False,
TXN-5617907ACB,ACC-98518C4C77,ACC-E29496DB40,33337.01,NEFT,2026-08-13T00:41:18,False,False,
TXN-0DB9049D68,ACC-B2E0AC9287,ACC-7ADF18BB0F,38695.0,IMPS,2026-04-30T19:15:27,False,False,
TXN-BC9EA1205D,ACC-C4F1C92E12,ACC-202632C916,1505.98,UPI,2026-02-19T10:44:29,False,False,
TXN-F3D231530D,ACC-FE85C6E186,ACC-767782128C,47742.1,NEFT,2026-05-03T11:08:48,False,False,
TXN-627BD90C13,ACC-3B161F37FC,ACC-F596F82B97,10598.6,NEFT,2026-03-05T09:57:46,False,False,
TXN-7D80361903,ACC-2F5AFAD426,ACC-B7766CF1A1,11802.35,IMPS,2026-05-19T00:03:11,False,False,
TXN-D5712349AE,ACC-D2D793E5E9,ACC-8F943FF21B,43906.35,RTGS,2026-02-17T19:28:09,False,False,
TXN-32C5BC888B,ACC-4C3E73EFA6,ACC-071B895276,22308.83,IMPS,2026-05-28T17:44:21,False,False,
TXN-7B1583C401,ACC-8EB3CAD19A,ACC-39123E81E5,22039.63,IMPS,2026-03-21T20:37:53,False,False,
TXN-BBB4AC8391,ACC-655E91503F,ACC-A0AF725079,29592.82,UPI,2026-02-06T01:26:29,False,False,
TXN-BE5CC701F8,ACC-38AC7EBCEF,ACC-C56EE285EE,45681.5,UPI,2026-03-05T06:10:46,False,False,
TXN-996D6CB71A,ACC-88FCBCC66C,ACC-2772396B1A,6193.84,RTGS,2026-08-23T21:35:44,False,False,
TXN-1FABA0DCE4,ACC-E002377908,ACC-2D8F981E06,49768.81,RTGS,2026-03-16T04:04:23,False,False,
TXN-EBEB27E7BE,ACC-AEE8AC8B42,ACC-E5FF32B83D,40029.6,NEFT,2026-07-05T15:05:12,False,False,
TXN-0E61B1374F,ACC-D495744B0B,ACC-246DDFB129,5777.22,RTGS,2026-01-07T06:29:11,False,False,
TXN-D70794D075,ACC-742872BC2B,ACC-A0AF725079,40209.9,RTGS,2026-02-08T20:40:58,False,False,
TXN-957606D489,ACC-5A59EEED82,ACC-BC8F7A397C,47297.44,UPI,2026-06-18T14:33:39,False,False,
TXN-EFB7BAE3F1,ACC-A080E0B4CA,ACC-2F8D0B5A25,11622.07,UPI,2026-06-01T08:08:19,False,False,
TXN-CE8A8B554D,ACC-B727761BBE,ACC-4E99782B8B,47575.2,NEFT,2026-05-06T13:06:12,False,False,
TXN-3F4C1183EF,ACC-7065A81A34,ACC-47E287D902,42401.26,IMPS,2026-08-08T06:15:36,False,False,
TXN-3E370B6B7A,ACC-B774B2D1BC,ACC-EF4C528854,26027.38,IMPS,2026-07-02T10:58:18,False,False,
TXN-EE6C6928A7,ACC-5B113A2100,ACC-F69EFF6313,3246.84,IMPS,2026-04-24T19:44:46,False,False,
TXN-BDDF2E5BD9,ACC-CC005EB078,ACC-012C518606,20860.84,IMPS,2026-06-12T19:35:31,False,False,
TXN-9FB07CDD9E,ACC-296A1F7971,ACC-1672980D7E,46827.32,IMPS,2026-03-12T12:46:17,False,False,
TXN-285E731121,ACC-05DF6021DB,ACC-C7640E1436,39370.53,UPI,2026-07-13T05:33:08,False,False,
TXN-4261DC4A2D,ACC-866F9BCA0B,ACC-C01D8EE4E1,20301.98,NEFT,2026-04-13T23:40:09,False,False,
TXN-EC8ACD7465,ACC-C1685C01FB,ACC-FCAC3A896F,1618.21,UPI,2026-05-09T18:34:07,False,False,
TXN-031353E9A9,ACC-9348003ED1,ACC-CB2D6018FF,1904.29,IMPS,2026-06-08T07:36:48,False,False,
TXN-9977CBC66C,ACC-FAAF574CBF,ACC-54B9E3F978,18976.43,IMPS,2026-03-03T10:16:31,False,False,
TXN-3E885C582A,ACC-9FC0AFB708,ACC-9E1489C0CB,17563.59,IMPS,2026-02-05T18:39:25,False,False,
TXN-8CDEC1FD53,ACC-3CD4B5DA97,ACC-2491C47775,5798.05,RTGS,2026-06-30T08:49:56,False,False,
TXN-71C871A41C,ACC-5F15AE2D5F,ACC-E905AF5F05,22132.71,UPI,2026-05-01T22:44:46,False,False,
TXN-961191F768,ACC-542A9CBD37,ACC-B8F764D783,44997.54,NEFT,2026-02-19T18:53:51,False,False,
TXN-C7C42A90AA,ACC-78063956AD,ACC-B530B7482A,27091.31,UPI,2026-07-05T13:19:26,False,False,
TXN-426ADF7FEB,ACC-6C36439464,ACC-C437E4BF08,41588.25,IMPS,2026-02-18T20:50:54,False,False,
TXN-5BFC88E912,ACC-B7823C27D8,ACC-4A829B5104,6664.42,IMPS,2026-03-29T14:17:43,False,False,
TXN-1983FF01F5,ACC-DCADBBE396,ACC-AA6D5EBBA7,37210.62,RTGS,2026-04-20T15:13:28,False,False,
TXN-356C120E2E,ACC-ABF55A14B6,ACC-1FAEE737D8,12638.98,NEFT,2026-03-13T16:50:45,False,False,
TXN-F41A122DFC,ACC-D2850455D3,ACC-DCADBBE396,15195.19,RTGS,2026-08-18T10:30:43,False,False,
TXN-D716E31F72,ACC-B8FC9FB216,ACC-D82840F1AF,28942.92,NEFT,2026-02-21T03:35:56,False,False,
TXN-8071A0A541,ACC-A2FBAF3CC0,ACC-D8D4E9B435,18863.58,IMPS,2026-08-14T00:06:22,False,False,
TXN-E02EC22C3D,ACC-049BEC7606,ACC-3F63039D0D,37447.21,RTGS,2026-01-19T15:33:51,False,False,
TXN-15C63DE6A0,ACC-F0B35E74EA,ACC-40FD962921,913.22,UPI,2026-04-03T08:43:48,False,False,
TXN-F5A932E9AA,ACC-7302298273,ACC-F4366809DC,16262.11,RTGS,2026-07-07T21:45:39,False,False,
TXN-2D81783B9C,ACC-A34D67F943,ACC-F92FBF16A2,31509.9,RTGS,2026-06-25T13:54:56,False,False,
TXN-66A26AAD74,ACC-2B5F825F48,ACC-174B868AF3,31141.37,RTGS,2026-02-15T18:09:13,False,False,
TXN-516E163CED,ACC-0165A5DCE4,ACC-FE620C98BD,32841.93,NEFT,2026-05-11T23:26:26,False,False,
TXN-660FC70492,ACC-7611E6EE5E,ACC-D495744B0B,17180.95,RTGS,2026-08-02T04:07:34,False,False,
TXN-5DCBC29FFA,ACC-B4EF26F30C,ACC-6F4436A295,5005.87,NEFT,2026-07-21T14:06:37,False,False,
TXN-0E2635FABF,ACC-3CDEE78BB2,ACC-C741D6977A,39141.32,RTGS,2026-01-10T20:52:31,False,False,
TXN-70573690C1,ACC-4086ADBCC7,ACC-F1A6C1EA09,4910.26,RTGS,2026-02-13T03:52:17,False,False,
TXN-5C2017FE50,ACC-3254A1CA4E,ACC-FB8B45AA08,35692.23,IMPS,2026-05-16T00:05:34,False,False,
TXN-B2CE7CF35A,ACC-C61EBC8EFC,ACC-578F5CF5AA,21920.97,UPI,2026-07-16T00:21:57,False,False,
TXN-053DC86897,ACC-40FD962921,ACC-79256D8375,41037.33,IMPS,2026-02-25T00:49:05,False,False,
TXN-8FE85DED73,ACC-885AA00664,ACC-420FED7829,38840.39,IMPS,2026-05-18T10:55:38,False,False,
TXN-0574E09697,ACC-0949F0D18E,ACC-0013C45F4C,39040.9,UPI,2026-07-27T01:22:35,False,False,
TXN-5477FA2F3B,ACC-7B3104B541,ACC-54B9E3F978,11675.09,IMPS,2026-05-26T10:19:59,False,False,
TXN-AEEFF3B1E0,ACC-7B2CEDF0C2,ACC-9FC0AFB708,34083.77,IMPS,2026-03-01T01:13:07,False,False,
TXN-5E2858D6CA,ACC-FE85C6E186,ACC-B982011985,21315.98,IMPS,2026-04-19T03:04:31,False,False,
TXN-2E411751B5,ACC-8EB3CAD19A,ACC-7F7EE3CA38,14965.52,RTGS,2026-07-05T01:43:44,False,False,
TXN-D5A8CF7885,ACC-F4704FE65D,ACC-5FFB73CA57,6978.77,NEFT,2026-01-01T03:17:45,False,False,
TXN-37955C37D1,ACC-B1F5E6D0A8,ACC-C456B6C5DF,35475.38,NEFT,2026-03-23T01:44:08,False,False,
TXN-38F2393BB2,ACC-651117ECCC,ACC-A934D822B8,29780.45,UPI,2026-01-23T23:59:28,False,False,
TXN-86B3D1AC66,ACC-27F3C98FB7,ACC-F3D06559F3,7187.1,RTGS,2026-03-04T05:39:56,False,False,
TXN-2A49576DE0,ACC-67E20C7EFE,ACC-DFAA153F85,19683.67,IMPS,2026-06-12T17:26:58,False,False,
TXN-B6815E127B,ACC-55AB15FD2D,ACC-E1564FA410,9829.89,NEFT,2026-01-28T09:24:09,False,False,
TXN-5A53738DFF,ACC-14BB7A2CD6,ACC-C7F0E00F88,7193.93,RTGS,2026-02-17T22:50:13,False,False,
TXN-22C63476EC,ACC-3A002A27CF,ACC-13A8DBBE7A,29379.3,IMPS,2026-03-21T22:29:05,False,False,
TXN-537731AAB0,ACC-FC68401E79,ACC-FB8C719E6E,33677.46,NEFT,2026-01-05T04:22:28,False,False,
TXN-160915926A,ACC-47795EDE90,ACC-1A158E2B39,26126.89,UPI,2026-08-21T09:55:32,False,False,
TXN-8BA862407D,ACC-B727761BBE,ACC-1EB891BCE8,33088.99,NEFT,2026-02-18T11:49:17,False,False,
TXN-7E98544B71,ACC-3E4E52E0F7,ACC-76274A7181,30579.78,IMPS,2026-01-28T08:12:03,False,False,
TXN-E409538655,ACC-0F6B3E6554,ACC-575D2A535F,17200.58,NEFT,2026-01-16T21:52:59,False,False,
TXN-DD61EE0817,ACC-65FA99C299,ACC-D495744B0B,5819.31,RTGS,2026-06-15T09:46:27,False,False,
TXN-48942BB0AD,ACC-FE482F5C86,ACC-721930AB12,43836.87,RTGS,2026-04-24T01:18:47,False,False,
TXN-398D3DF3D8,ACC-0F9E6E857D,ACC-0E2386D597,5331.9,NEFT,2026-04-04T17:00:35,False,False,
TXN-0420653E9D,ACC-3BC75DF505,ACC-FEFD474107,41868.11,RTGS,2026-06-13T18:17:15,False,False,
TXN-C0E28B59F3,ACC-39DF57796E,ACC-063B0DF9B6,5438.47,NEFT,2026-04-18T03:15:14,False,False,
TXN-9BC7EE86F2,ACC-C456B6C5DF,ACC-B032E7B84B,25489.61,RTGS,2026-04-08T13:48:39,False,False,
TXN-F4C6472C19,ACC-FA10BE1FA4,ACC-824E2F1D98,843.72,RTGS,2026-04-05T06:32:24,False,False,
TXN-B7665C9662,ACC-FE482F5C86,ACC-FEFD474107,11225.13,RTGS,2026-04-14T05:00:30,False,False,
TXN-CA30949500,ACC-25F4E87B68,ACC-70B8E77906,41347.79,RTGS,2026-08-06T17:49:48,False,False,
TXN-3224B451CC,ACC-16277DA3F8,ACC-180C85B69F,18915.95,RTGS,2026-01-17T08:24:42,False,False,
TXN-EFA7E03782,ACC-9689E95CF5,ACC-C89F6DD400,29599.08,UPI,2026-08-12T13:13:07,False,False,
TXN-7DDC097E3C,ACC-7803864F0D,ACC-1A158E2B39,48343.13,IMPS,2026-05-21T01:58:31,False,False,
TXN-190D91FA06,ACC-070D19C553,ACC-91579CCF81,35523.4,RTGS,2026-06-02T21:58:13,False,False,
TXN-3096F28FB0,ACC-FFC9D0FFD3,ACC-0165A5DCE4,2185.27,RTGS,2026-06-28T22:26:08,False,False,
TXN-F0F68F18E4,ACC-DFFB3F40EF,ACC-0E2386D597,2056.36,RTGS,2026-06-17T16:38:34,False,False,
TXN-618CF857D8,ACC-6E8E5F6E2C,ACC-071B895276,10958.77,IMPS,2026-01-10T09:02:32,False,False,
TXN-563A9F89EC,ACC-DB74204A77,ACC-67E6A14EEA,5120.45,RTGS,2026-01-12T00:28:12,False,False,
TXN-2C6B2BF843,ACC-205C5A9540,ACC-B4EF26F30C,42501.62,NEFT,2026-05-20T06:17:27,False,False,
TXN-F6B884605E,ACC-5E8F1BE27B,ACC-A34D67F943,17748.45,IMPS,2026-04-18T10:24:05,False,False,
TXN-F28567FDDE,ACC-2917D096F0,ACC-A07F3210D3,16360.72,NEFT,2026-03-04T08:49:37,False,False,
TXN-4ADB97CF83,ACC-2772396B1A,ACC-F92965B93C,38586.28,NEFT,2026-06-05T20:34:53,False,False,
TXN-02CD7F1DB9,ACC-6E4F982747,ACC-767782128C,39092.22,IMPS,2026-07-14T02:48:46,False,False,
TXN-C0D80F098D,ACC-20C002644B,ACC-F185D565E6,17719.87,IMPS,2026-05-03T22:18:43,False,False,
TXN-8A733E27E8,ACC-C01D8EE4E1,ACC-202632C916,45725.73,UPI,2026-06-07T16:48:09,False,False,
TXN-9781095E03,ACC-BC27322374,ACC-C1685C01FB,24960.2,IMPS,2026-05-29T14:59:19,False,False,
TXN-D7D006756B,ACC-2615FB9091,ACC-F37C68CD36,42827.6,RTGS,2026-05-17T03:46:19,False,False,
TXN-14162F14BB,ACC-0A5EE1B113,ACC-AAFB6325CE,44809.86,IMPS,2026-03-07T10:56:11,False,False,
TXN-EB65387190,ACC-78063956AD,ACC-4E99782B8B,5751.73,NEFT,2026-07-16T13:22:24,False,False,
TXN-71699A599A,ACC-08463BBB0C,ACC-9FCC7D1426,28112.17,IMPS,2026-06-04T13:21:38,False,False,
TXN-1CEFC46AE8,ACC-5EBDC3EF6B,ACC-29D2E7CBB1,3981.58,UPI,2026-02-05T03:54:52,False,False,
TXN-42A425B2EC,ACC-EFB3CA508E,ACC-4C3B5F7DD0,45751.93,RTGS,2026-04-13T06:47:12,False,False,
TXN-18A4E73AC8,ACC-D4B88C7671,ACC-CF935DAC6A,17140.16,NEFT,2026-06-04T02:02:27,False,False,
TXN-D9639854F5,ACC-BE9AE46CD4,ACC-92BA6DED1D,5360.58,NEFT,2026-08-27T05:29:20,False,False,
TXN-0F8EC634C7,ACC-BF9CB7E353,ACC-AA6D5EBBA7,16327.05,IMPS,2026-06-21T20:44:05,False,False,
TXN-9746EDB6D0,ACC-B6B4387074,ACC-5719E56777,27489.76,NEFT,2026-01-11T05:41:07,False,False,
TXN-6433BE6282,ACC-FEFD474107,ACC-AB3C5011ED,41695.75,IMPS,2026-04-06T06:50:38,False,False,
TXN-A46D3A59C5,ACC-14BB7A2CD6,ACC-907F3585BC,32465.17,IMPS,2026-02-26T11:00:32,False,False,
TXN-8A736757BE,ACC-8762C82C0F,ACC-F92E70E3C1,12335.27,UPI,2026-08-26T18:18:31,False,False,
TXN-7A57D551C7,ACC-E459DE3C78,ACC-AF3A1DDB76,20843.39,IMPS,2026-06-10T03:08:03,False,False,
TXN-11E99A6F3D,ACC-7611E6EE5E,ACC-22C8A8AA60,29128.6,RTGS,2026-04-12T13:17:04,False,False,
TXN-6FD2BE24BF,ACC-2030851CD5,ACC-F957DD43AC,40210.62,NEFT,2026-06-17T12:08:39,False,False,
TXN-DD9B1BD78A,ACC-220F23770A,ACC-05DF6021DB,45022.63,IMPS,2026-05-05T08:03:29,False,False,
TXN-1061CAF735,ACC-FE85C6E186,ACC-FA10BE1FA4,4036.61,IMPS,2026-05-05T22:06:44,False,False,
TXN-FDCADD9B5A,ACC-8EAC86435A,ACC-CABEA4CE2A,39818.74,IMPS,2026-02-07T12:34:36,False,False,
TXN-B4864D6350,ACC-DD20BC5842,ACC-76C65895CF,23891.74,NEFT,2026-02-10T16:52:40,False,False,
TXN-114E57784D,ACC-0BA8E5E1C6,ACC-5D08515DA7,36061.29,IMPS,2026-06-30T16:47:02,False,False,
TXN-975648F13F,ACC-43F0764A9E,ACC-6E4E1E9D4F,41863.35,RTGS,2026-08-29T07:41:21,False,False,
TXN-149C2AF25B,ACC-AAFB6325CE,ACC-3C93F1616E,29634.93,UPI,2026-03-08T13:00:56,False,False,
TXN-1FBB85BB02,ACC-95F0624A85,ACC-7CDA84AC00,22533.72,UPI,2026-05-15T23:53:44,False,False,
TXN-B46178D069,ACC-6A2B38523A,ACC-2030851CD5,7564.43,NEFT,2026-01-26T09:41:27,False,False,
TXN-3695381A36,ACC-5487A8885D,ACC-C7F0E00F88,28573.73,UPI,2026-08-21T03:19:36,False,False,
TXN-F6C07D0D34,ACC-E6B86E6FA6,ACC-DFABF003B7,35270.05,IMPS,2026-06-03T21:16:50,False,False,
TXN-4B752303A2,ACC-BD9438B62E,ACC-FB4F337A9C,22715.16,NEFT,2026-05-09T08:47:35,False,False,
TXN-73307E0C93,ACC-3CA1139AD6,ACC-BF9CB7E353,39961.13,RTGS,2026-02-26T00:20:58,False,False,
TXN-AF04E0EA9E,ACC-5EF11517C0,ACC-54B9E3F978,49012.89,NEFT,2026-01-03T15:09:02,False,False,
TXN-93D11D4D0E,ACC-B982011985,ACC-46ACE32C69,35663.26,NEFT,2026-08-17T03:24:33,False,False,
TXN-DD475586E9,ACC-01D44AE2F0,ACC-AB8DF99C87,48872.22,UPI,2026-07-25T17:49:57,False,False,
TXN-227BDEC1C9,ACC-735C11E982,ACC-D2850455D3,8228.12,IMPS,2026-04-07T14:58:46,False,False,
TXN-CF5D9221E2,ACC-0013C45F4C,ACC-B2F5356E7C,37989.29,IMPS,2026-03-12T09:15:41,False,False,
TXN-5658D291E5,ACC-0E0C1E2E4E,ACC-4EC4D221E6,46455.54,UPI,2026-05-09T20:30:28,False,False,
TXN-F40A1A4F72,ACC-20C002644B,ACC-C5A4F93DE5,47318.13,RTGS,2026-06-08T06:52:00,False,False,
TXN-156D31B8F6,ACC-65FA99C299,ACC-93A4E5AEC0,23825.5,NEFT,2026-03-13T01:35:12,False,False,
TXN-14ECAC44C9,ACC-C9091D07F2,ACC-BD4A668900,17886.82,RTGS,2026-04-08T20:56:31,False,False,
TXN-BA646B3199,ACC-061AE2D0D5,ACC-E5FF32B83D,9391.41,RTGS,2026-03-19T21:47:43,False,False,
TXN-5AF6302886,ACC-73C38DBB72,ACC-37B3A93D4F,49284.67,UPI,2026-05-12T22:25:17,False,False,
TXN-ACDD155637,ACC-FE70458486,ACC-E3CDF1B8F6,4882.59,NEFT,2026-01-08T22:08:55,False,False,
TXN-B93B33BA16,ACC-F2C2B527B9,ACC-259A629A07,49104.1,UPI,2026-05-25T21:58:55,False,False,
TXN-DFE17D5725,ACC-7803864F0D,ACC-721930AB12,286.1,UPI,2026-01-02T19:26:38,False,False,
TXN-04C03C764A,ACC-58E2280A96,ACC-6AA0A9180D,15451.94,NEFT,2026-01-27T22:45:16,False,False,
TXN-778F22614C,ACC-296A1F7971,ACC-7ADF18BB0F,31896.79,RTGS,2026-03-12T14:22:29,False,False,
TXN-959D7E4667,ACC-7F0DBD2FAA,ACC-14300691C9,48793.56,UPI,2026-03-02T01:38:23,False,False,
TXN-D9AA031AED,ACC-4FD85A4C52,ACC-40CE764DEC,28784.45,RTGS,2026-03-10T22:20:43,False,False,
TXN-338D450E87,ACC-DD20BC5842,ACC-637F34A9D9,40755.2,RTGS,2026-01-12T18:48:17,False,False,
TXN-468A5CA41F,ACC-FD43157213,ACC-F69EFF6313,46777.59,UPI,2026-05-02T00:55:53,False,False,
TXN-C3D4D3582C,ACC-2C977634DF,ACC-C89F6DD400,17582.89,IMPS,2026-08-18T04:11:22,False,False,
TXN-C3E5865B62,ACC-666B15ED36,ACC-699468409A,45031.48,RTGS,2026-03-17T00:22:43,False,False,
TXN-E561461D77,ACC-C470247F3E,ACC-C35B9127FF,49867.63,NEFT,2026-06-26T13:48:15,False,False,
TXN-CC58716D13,ACC-AC37282B6E,ACC-1BDE0C98DE,41622.15,RTGS,2026-02-15T04:45:19,False,False,
TXN-807E0BA9FC,ACC-C46FDCD89C,ACC-EB16F1E385,3460.09,IMPS,2026-05-23T00:30:38,False,False,
TXN-8AD57E7564,ACC-47E287D902,ACC-04F3E4D1E4,48027.28,RTGS,2026-03-15T03:27:27,False,False,
TXN-6B1F86FBF8,ACC-82303C3115,ACC-64133B7277,18044.41,RTGS,2026-08-18T13:45:39,False,False,
TXN-271E0C36D8,ACC-3C019EF409,ACC-B8FC9FB216,4729.48,NEFT,2026-07-24T19:08:29,False,False,
TXN-1C6D029D43,ACC-831C4BCD37,ACC-6E4E1E9D4F,35169.85,RTGS,2026-08-01T04:38:28,False,False,
TXN-9DFEF7065B,ACC-0BBFA7333B,ACC-2FFF4B263F,14271.57,IMPS,2026-06-23T22:46:23,False,False,
TXN-612CD41869,ACC-7CDA8721D4,ACC-F0B35E74EA,14789.37,RTGS,2026-06-06T23:46:19,False,False,
TXN-F1E65A4F5E,ACC-9CAE4D5853,ACC-EB06C9ED42,4302.97,UPI,2026-07-10T18:40:59,False,False,
TXN-685F2D9614,ACC-25F4E87B68,ACC-5FFB73CA57,28150.4,RTGS,2026-04-29T19:10:19,False,False,
TXN-7986CA969A,ACC-3C93F1616E,ACC-655E91503F,14502.26,UPI,2026-07-24T21:07:24,False,False,
TXN-ACFDFC7A5A,ACC-64133B7277,ACC-F92FBF16A2,47349.64,NEFT,2026-08-17T03:36:57,False,False,
TXN-4CC3049888,ACC-CA0071ADF6,ACC-4536A10727,27230.79,NEFT,2026-01-19T14:58:57,False,False,
TXN-32A5D49FD0,ACC-C77EB75317,ACC-BB7ABF97C6,2550.94,NEFT,2026-05-30T11:32:27,False,False,
TXN-CDB6B9B1E5,ACC-F92FBF16A2,ACC-BE6BD33BB9,48216.52,UPI,2026-06-18T11:20:48,False,False,
TXN-6A7DED99FD,ACC-4868E01901,ACC-246DDFB129,26294.43,IMPS,2026-07-17T13:51:09,False,False,
TXN-2322FCDFD8,ACC-220F23770A,ACC-03F034657E,35019.32,IMPS,2026-02-08T07:29:29,False,False,
TXN-CCB5CA6F6C,ACC-98518C4C77,ACC-7611E6EE5E,44639.33,NEFT,2026-01-29T08:04:08,False,False,
TXN-41574128D8,ACC-20438A0D47,ACC-866F9BCA0B,24864.71,UPI,2026-01-18T13:36:37,False,False,
TXN-1C9B30C5B4,ACC-65FA99C299,ACC-DD90926B70,45035.97,UPI,2026-04-23T19:06:45,False,False,
TXN-D41E5F8A2F,ACC-F8D246D2D0,ACC-3999FEBF46,33047.79,NEFT,2026-03-10T18:17:52,False,False,
TXN-993CBA047A,ACC-88A8D95EC3,ACC-5D08515DA7,18714.83,RTGS,2026-01-18T09:09:48,False,False,
TXN-5CEDFABFA0,ACC-C2CBD0C8EC,ACC-FB8C719E6E,30017.83,NEFT,2026-06-14T05:09:36,False,False,
TXN-9BAA459D59,ACC-885AA00664,ACC-4536A10727,35566.59,NEFT,2026-03-21T13:35:07,False,False,
TXN-F6C3BB465E,ACC-E29496DB40,ACC-049BEC7606,45704.06,RTGS,2026-01-04T23:19:34,False,False,
TXN-25C10E8E41,ACC-5F15AE2D5F,ACC-735C11E982,18981.16,IMPS,2026-07-09T14:30:27,False,False,
TXN-02EE1FE24E,ACC-6D239D0E4C,ACC-4FD85A4C52,719.4,RTGS,2026-01-17T05:35:53,False,False,
TXN-2C3176197B,ACC-29D2E7CBB1,ACC-22F56C107F,22566.58,IMPS,2026-01-28T09:20:04,False,False,
TXN-1629692A97,ACC-47795EDE90,ACC-4D95CE3389,5940.86,RTGS,2026-01-26T19:49:40,False,False,
TXN-113F24DB39,ACC-9D9CAA235E,ACC-E905AF5F05,16503.45,NEFT,2026-06-04T15:32:07,False,False,
TXN-EB27A7092D,ACC-6364A8BD24,ACC-E905AF5F05,14464.66,NEFT,2026-02-12T03:13:09,False,False,
TXN-05EDDE90E1,ACC-EA88E8CA7B,ACC-01D44AE2F0,19866.33,IMPS,2026-02-03T14:16:01,False,False,
TXN-D417C05081,ACC-D082666A95,ACC-3C93F1616E,10199.25,UPI,2026-07-02T02:59:45,False,False,
TXN-DCD3B3D0D6,ACC-640FAAC1A6,ACC-64AB233688,5748.05,UPI,2026-05-31T17:01:02,False,False,
TXN-A9941F15CD,ACC-62C2B0875E,ACC-824E2F1D98,38174.56,UPI,2026-04-04T21:17:25,False,False,
TXN-00252808FF,ACC-2E4FEC1EA8,ACC-11B514782C,18670.91,IMPS,2026-06-21T15:57:38,False,False,
TXN-C6BCC835B4,ACC-BF751C37BF,ACC-5BA2323BCA,2244.38,IMPS,2026-03-23T17:21:44,False,False,
TXN-59FB889DCB,ACC-5BF5891FE1,ACC-8D2B37E15B,2379.14,UPI,2026-03-01T07:21:55,False,False,
TXN-16079636E7,ACC-94CA2362BA,ACC-16D5DE4BFB,46107.62,NEFT,2026-06-29T10:28:56,False,False,
TXN-BAC22D7013,ACC-2FFF4B263F,ACC-C7F14C5086,3010.12,RTGS,2026-03-01T10:58:20,False,False,
TXN-3492CF9211,ACC-2C977634DF,ACC-7893364839,3369.74,IMPS,2026-03-17T11:22:17,False,False,
TXN-AEA2D45212,ACC-27BAF0D834,ACC-F596F82B97,36114.82,UPI,2026-06-21T02:02:30,False,False,
TXN-B6C5589B45,ACC-159EC4E2F6,ACC-5719E56777,30162.67,NEFT,2026-08-05T06:14:50,False,False,
TXN-3726833342,ACC-B893CD7F4B,ACC-7F97DE3607,27446.74,NEFT,2026-01-23T00:36:16,False,False,
TXN-70A9C9AA78,ACC-40C97E39E2,ACC-B3C08E3167,3443.54,UPI,2026-08-29T05:38:29,False,False,
TXN-28FD28FF35,ACC-575D2A535F,ACC-DF69D91010,36259.15,NEFT,2026-05-24T20:07:07,False,False,
TXN-7740B16ADE,ACC-F69EFF6313,ACC-7F97DE3607,45095.68,IMPS,2026-01-03T07:00:25,False,False,
TXN-2CB5A9CA5E,ACC-65FA99C299,ACC-A7A8933842,28223.04,RTGS,2026-08-09T04:24:05,False,False,
TXN-DA55F53C53,ACC-01D44AE2F0,ACC-AB3C5011ED,38156.38,UPI,2026-08-07T21:29:38,False,False,
TXN-E7A2E01CE6,ACC-90A8AB35BD,ACC-EDB7761749,1185.71,RTGS,2026-08-10T22:41:25,False,False,
TXN-51266A0029,ACC-BDB1ACBE88,ACC-4B95B5E62E,14266.93,RTGS,2026-06-24T15:14:21,False,False,
TXN-7BF3ABD908,ACC-C437E4BF08,ACC-1D7B8F9113,34207.48,NEFT,2026-05-15T00:59:46,False,False,
TXN-2062C51DDA,ACC-5B08E29A74,ACC-7D79DF515F,24060.63,IMPS,2026-06-26T09:40:01,False,False,
TXN-BD2F1ECFFE,ACC-E905AF5F05,ACC-6BA07DAEE0,11347.22,NEFT,2026-03-09T17:05:21,False,False,
TXN-D1AD295E23,ACC-CB3F05F503,ACC-0E17B2F62E,44120.49,NEFT,2026-01-09T03:08:53,False,False,
TXN-04F652EEB7,ACC-F2A8694245,ACC-2F8D0B5A25,7370.39,RTGS,2026-06-09T08:56:20,False,False,
TXN-6F4ABFF263,ACC-9FB7DE9911,ACC-3E4E52E0F7,42613.85,RTGS,2026-02-18T13:18:36,False,False,
TXN-7DA9CC8583,ACC-FC78CBF289,ACC-F8EA76CDC7,10563.43,RTGS,2026-06-13T13:18:55,False,False,
TXN-C1BEE117FE,ACC-CB0B0E032C,ACC-C8E71B7947,36725.77,RTGS,2026-05-31T20:32:59,False,False,
TXN-482689D512,ACC-7B9514B58D,ACC-F957DD43AC,17022.51,RTGS,2026-02-21T16:43:07,False,False,
TXN-C861CBC84B,ACC-73068A09D2,ACC-5E6280B7EB,10454.57,IMPS,2026-03-16T03:55:24,False,False,
TXN-A345A47D73,ACC-2494521276,ACC-E7FA384148,47410.65,NEFT,2026-06-29T22:58:36,False,False,
TXN-FE1D85715D,ACC-1BDE0C98DE,ACC-67E20C7EFE,39645.5,NEFT,2026-04-30T04:30:21,False,False,
TXN-9DB78BA2E7,ACC-0BE5BCC8A0,ACC-F94199C495,7238.31,UPI,2026-07-30T19:31:48,False,False,
TXN-56877CDD55,ACC-A080E0B4CA,ACC-578F5CF5AA,15155.95,RTGS,2026-01-20T18:17:21,False,False,
TXN-30944925BA,ACC-D03850541F,ACC-F7E5116AF5,17016.62,IMPS,2026-05-30T05:50:49,False,False,
TXN-7E4EAA5E89,ACC-D82840F1AF,ACC-F2A8694245,9179.7,RTGS,2026-01-10T06:09:43,False,False,
TXN-9AECA5A784,ACC-86D9F6EBB9,ACC-CCEC58F489,19421.34,IMPS,2026-04-17T03:31:36,False,False,
TXN-3F13DAE0BB,ACC-11BAA92237,ACC-885AA00664,28255.53,IMPS,2026-06-06T01:45:37,False,False,
TXN-E5EBC65F07,ACC-6E4E1E9D4F,ACC-F0B35E74EA,7704.03,NEFT,2026-07-01T23:28:47,False,False,
TXN-7C29301EEC,ACC-5719E56777,ACC-4868E01901,6701.64,RTGS,2026-05-03T19:20:01,False,False,
TXN-661C33FB6B,ACC-8F9C68EB8C,ACC-7CDA8721D4,30693.78,UPI,2026-02-07T16:42:27,False,False,
TXN-AA773EFB31,ACC-4A9DCACDDC,ACC-24E98BF3A4,1269.01,UPI,2026-05-09T17:53:03,False,False,
TXN-C41AC93E5F,ACC-E5FF32B83D,ACC-BC27322374,46591.82,NEFT,2026-03-20T20:09:46,False,False,
TXN-8C605B7476,ACC-BC7E528579,ACC-E7014E27E0,47906.24,NEFT,2026-01-26T15:22:47,False,False,
TXN-F4A04DD949,ACC-7B3104B541,ACC-800B8EADF0,45480.43,RTGS,2026-07-04T12:08:05,False,False,
TXN-9201625CBE,ACC-C4BFC0E03A,ACC-97DE8F3D46,8925.86,NEFT,2026-02-09T10:02:37,False,False,
TXN-B202FFA9F7,ACC-31878FEFFC,ACC-3E8F3ABF9C,45060.69,IMPS,2026-03-05T09:39:47,False,False,
TXN-384E9E877E,ACC-5F15AE2D5F,ACC-41740025DD,26708.8,RTGS,2026-03-03T11:16:49,False,False,
TXN-265275AEE2,ACC-31878FEFFC,ACC-12474E0D6B,31508.39,NEFT,2026-04-07T20:28:52,False,False,
TXN-621D591983,ACC-AA2B7C2290,ACC-6F4436A295,47281.01,RTGS,2026-02-07T16:44:52,False,False,
TXN-26BB11A596,ACC-27F3C98FB7,ACC-27D28B0244,6952.82,RTGS,2026-07-03T14:56:14,False,False,
TXN-0FAF7CCFDB,ACC-9DDDF0EB39,ACC-6A2B38523A,8688.81,UPI,2026-08-16T15:33:01,False,False,
TXN-2840ED8D68,ACC-2847A7188C,ACC-7B3104B541,46560.92,IMPS,2026-06-23T17:26:58,False,False,
TXN-1F0B93FA80,ACC-832DB8563C,ACC-AC74C712B4,47340.88,NEFT,2026-05-12T22:56:52,False,False,
TXN-397FF15BCE,ACC-24E98BF3A4,ACC-4779286848,3630.72,IMPS,2026-04-27T13:10:37,False,False,
TXN-E4EE766438,ACC-44E03E54BF,ACC-EB1B768C42,45854.85,UPI,2026-03-18T13:24:06,False,False,
TXN-34960BBC52,ACC-7B282E32C1,ACC-FCAC3A896F,14759.0,UPI,2026-05-18T18:09:14,False,False,
TXN-22CEFD1976,ACC-C470247F3E,ACC-FEFD474107,994.59,RTGS,2026-03-07T15:45:17,False,False,
TXN-54E24F8AA3,ACC-05DF6021DB,ACC-15A2BC1592,9762.75,NEFT,2026-07-22T02:46:26,False,False,
TXN-E7AE384408,ACC-40E0FD9381,ACC-C2B46B24FC,16064.66,IMPS,2026-01-21T04:46:41,False,False,
TXN-DC698E0652,ACC-4EC4D221E6,ACC-43F7F1BA86,35085.64,NEFT,2026-06-24T08:20:26,False,False,
TXN-1A718F2213,ACC-7919653E0C,ACC-0A5EE1B113,2214.7,RTGS,2026-02-01T03:55:48,False,False,
TXN-358ED61A47,ACC-C06C86F552,ACC-A2C339E9C0,1762.42,UPI,2026-08-11T18:49:47,False,False,
TXN-2CE9E27DFF,ACC-CF494D791D,ACC-5A1EE3F0E9,19157.42,RTGS,2026-05-28T14:00:52,False,False,
TXN-9E188B065B,ACC-CB3F05F503,ACC-5DAE621EB3,34825.36,NEFT,2026-05-26T16:34:35,False,False,
TXN-66BAB85BE0,ACC-27BAF0D834,ACC-564DDDA45C,40196.67,RTGS,2026-06-08T03:19:58,False,False,
TXN-952D49F6A8,ACC-D672496BB9,ACC-FD09B22B95,6790.54,NEFT,2026-04-12T14:10:34,False,False,
TXN-9FC6A265A9,ACC-12474E0D6B,ACC-C6FBBC5DC0,24543.75,NEFT,2026-02-02T08:28:09,False,False,
TXN-AB6966C83B,ACC-8F67E176FD,ACC-89971B1940,4422.81,NEFT,2026-07-17T14:16:42,False,False,
TXN-5AB98161C8,ACC-AA2B7C2290,ACC-0C3C054753,40575.6,UPI,2026-04-05T08:33:39,False,False,
TXN-F21B4924B6,ACC-B1F5E6D0A8,ACC-7A16E4EF27,18794.74,IMPS,2026-08-11T02:34:35,False,False,
TXN-DC9E518B96,ACC-E46609194C,ACC-9BF20630BA,4551.88,UPI,2026-01-04T17:54:00,False,False,
TXN-9EA27E1892,ACC-73068A09D2,ACC-FFAB625EFD,36877.88,NEFT,2026-08-28T19:09:02,False,False,
TXN-AE57685D99,ACC-499D1565B6,ACC-C2CBD0C8EC,29221.19,RTGS,2026-05-09T12:13:02,False,False,
TXN-12EEC130E1,ACC-3BC75DF505,ACC-0A1B1B5164,30705.75,UPI,2026-02-23T20:55:01,False,False,
TXN-BB3B048C36,ACC-D03850541F,ACC-11BAA92237,46342.78,IMPS,2026-02-05T14:44:31,False,False,
TXN-50FAEEC772,ACC-FFC9D0FFD3,ACC-52E3C5EE3A,391.29,IMPS,2026-03-23T15:23:00,False,False,
TXN-2B0B914B85,ACC-DB4F4EEE3B,ACC-81C5183F45,4154.72,NEFT,2026-07-25T13:44:44,False,False,
TXN-0CE7C613B5,ACC-C6FBBC5DC0,ACC-542A9CBD37,40914.04,RTGS,2026-08-24T03:16:33,False,False,
TXN-7AF1EE91E9,ACC-2030851CD5,ACC-7611E6EE5E,23566.68,UPI,2026-06-21T20:33:04,False,False,
TXN-8D903D8675,ACC-2B11DEC838,ACC-DD20BC5842,514.41,IMPS,2026-03-18T18:53:19,False,False,
TXN-948219F69A,ACC-3CDEE78BB2,ACC-1BE237EF1F,43933.2,IMPS,2026-02-18T03:51:35,False,False,
TXN-F541F0C70E,ACC-8EAC86435A,ACC-EA88E8CA7B,3973.83,IMPS,2026-05-05T19:42:57,False,False,
TXN-ED54F1D34F,ACC-88FCBCC66C,ACC-5D08515DA7,8288.69,NEFT,2026-08-22T14:53:21,False,False,
TXN-35838434A1,ACC-805C00B3BA,ACC-C56EE285EE,32101.63,IMPS,2026-06-15T15:29:07,False,False,
TXN-B69FA57C56,ACC-16D5DE4BFB,ACC-9A5DA012CF,36825.07,UPI,2026-04-08T17:43:02,False,False,
TXN-95EE455C58,ACC-DBB3368EEA,ACC-0F6B3E6554,8230.96,UPI,2026-01-25T09:10:47,False,False,
TXN-9B71F2DB0A,ACC-815F9190D9,ACC-A34D67F943,45154.13,UPI,2026-08-29T17:22:39,False,False,
TXN-45839D9E09,ACC-27F3C98FB7,ACC-8948A66CCA,4181.59,RTGS,2026-01-05T15:50:17,False,False,
TXN-2296DA7EE2,ACC-0165A5DCE4,ACC-63DABB2760,4593.94,NEFT,2026-08-24T03:43:58,False,False,
TXN-137EC7A8E9,ACC-1E527431C0,ACC-2491C47775,28546.22,NEFT,2026-06-25T01:38:20,False,False,
TXN-B41ABC5E63,ACC-E002377908,ACC-76274A7181,40586.08,NEFT,2026-07-14T01:29:39,False,False,
TXN-8B11E765BC,ACC-2F8D0B5A25,ACC-7CDA8721D4,24556.56,IMPS,2026-03-30T14:09:16,False,False,
TXN-5A802F8158,ACC-DE5B619833,ACC-130E527A8D,2326.43,NEFT,2026-06-09T02:58:57,False,False,
TXN-07FE8B1AD1,ACC-5D3857F4E3,ACC-F48B1C477F,16353.52,RTGS,2026-06-30T01:17:15,False,False,
TXN-C1E6A8008C,ACC-31D8A89722,ACC-578F5CF5AA,7803.71,RTGS,2026-06-12T22:55:44,False,False,
TXN-F922AAF17B,ACC-1BB80E9374,ACC-A0826D22AE,39455.61,RTGS,2026-02-28T00:21:32,False,False,
TXN-7EE4F6F316,ACC-B3DBC46391,ACC-02C0759379,894.72,IMPS,2026-02-28T15:46:56,False,False,
TXN-C311AFF18E,ACC-F18365684C,ACC-62C2B0875E,11006.29,UPI,2026-06-01T23:06:08,False,False,
TXN-61D6138E6E,ACC-BC8E32E08B,ACC-D7879A2627,13690.33,IMPS,2026-01-09T10:04:42,False,False,
TXN-CB69B7011A,ACC-3C93F1616E,ACC-73AD3C2674,8084.15,NEFT,2026-03-30T10:41:02,False,False,
TXN-BA0ACF0E68,ACC-336CDB3E2E,ACC-3EDAF055AB,30419.88,RTGS,2026-06-18T02:30:45,False,False,
TXN-A37506CE7A,ACC-9CAE4D5853,ACC-3E8F3ABF9C,24469.64,UPI,2026-05-18T05:38:29,False,False,
TXN-8D82FFE302,ACC-0A1B1B5164,ACC-25C9887F3A,47656.93,RTGS,2026-08-25T01:16:16,False,False,
TXN-AE38F84851,ACC-A27D9889F7,ACC-47E287D902,11910.59,RTGS,2026-03-26T01:01:48,False,False,
TXN-98E8EDFE96,ACC-6E3E268136,ACC-E6B86E6FA6,845.79,NEFT,2026-03-03T14:16:53,False,False,
TXN-0BDF3AF582,ACC-C4BFC0E03A,ACC-DB74204A77,15668.47,RTGS,2026-08-26T12:46:28,False,False,
TXN-E70510FCCC,ACC-3A9523F661,ACC-86858D0E29,6645.52,NEFT,2026-05-13T11:15:24,False,False,
TXN-FED2886494,ACC-5BF5891FE1,ACC-C17DF81397,40394.79,IMPS,2026-05-24T12:37:08,False,False,
TXN-BEE9E84DBF,ACC-76445D988C,ACC-6F46916E7E,3343.62,RTGS,2026-05-24T16:43:45,False,False,
TXN-6B805C7B1A,ACC-CB0B0E032C,ACC-CABEA4CE2A,10630.91,NEFT,2026-04-01T15:48:11,False,False,
TXN-38CEDDE033,ACC-BC27322374,ACC-7B282E32C1,45803.75,RTGS,2026-04-19T22:44:29,False,False,
TXN-39F038C207,ACC-D082666A95,ACC-4CDAB72A3B,28945.55,NEFT,2026-03-17T11:43:55,False,False,
TXN-47B21BC200,ACC-75F2FA030F,ACC-5FFB73CA57,39123.44,IMPS,2026-08-19T05:37:14,False,False,
TXN-82916C5F77,ACC-B982011985,ACC-E46609194C,40703.43,IMPS,2026-07-09T17:58:10,False,False,
TXN-19CCB158B0,ACC-831C4BCD37,ACC-CB2D6018FF,44549.74,NEFT,2026-07-18T10:29:48,False,False,
TXN-2FCAED1922,ACC-7803864F0D,ACC-6AA0A9180D,37559.58,NEFT,2026-02-01T13:50:32,False,False,
TXN-9861DAF08F,ACC-16B5023BFB,ACC-E6B86E6FA6,23241.93,NEFT,2026-01-26T23:47:25,False,False,
TXN-5A1F50D339,ACC-8F67E176FD,ACC-38A80976AA,38916.17,NEFT,2026-02-25T13:38:00,False,False,
TXN-3AD12BA036,ACC-F957DD43AC,ACC-69D19FB6C3,3139.26,IMPS,2026-03-28T17:37:02,False,False,
TXN-ED60ADA693,ACC-0FF32FDF91,ACC-A7A8933842,16495.28,RTGS,2026-08-07T05:04:53,False,False,
TXN-DC68080590,ACC-D4B88C7671,ACC-134110EB77,47842.05,RTGS,2026-05-03T00:15:38,False,False,
TXN-735B7FC61B,ACC-D843FAA512,ACC-E905AF5F05,10162.91,IMPS,2026-08-21T01:54:58,False,False,
TXN-E2E604AF6F,ACC-D843FAA512,ACC-3254A1CA4E,14921.85,UPI,2026-03-17T17:00:04,False,False,
TXN-1DF465F189,ACC-AEA5766321,ACC-3BB48B1CF1,14266.32,RTGS,2026-06-14T06:33:53,False,False,
TXN-C53CE8C6CE,ACC-08463BBB0C,ACC-32FCC8C65C,15049.22,IMPS,2026-02-25T22:43:58,False,False,
TXN-122F79B807,ACC-F92E70E3C1,ACC-1BB80E9374,1635.3,RTGS,2026-01-31T13:37:38,False,False,
TXN-D616C83229,ACC-AECA8D84BB,ACC-5D3857F4E3,38834.69,IMPS,2026-06-23T11:24:24,False,False,
TXN-FFB82BE152,ACC-A25BD37547,ACC-CFBD921E4D,27852.17,RTGS,2026-05-02T23:30:11,False,False,
TXN-E36EB92E3B,ACC-C89F6DD400,ACC-18C29B6F29,22905.97,IMPS,2026-08-24T13:23:08,False,False,
TXN-572AECC6D0,ACC-174B868AF3,ACC-6364A8BD24,8312.47,IMPS,2026-05-06T08:44:55,False,False,
TXN-99D92C20C3,ACC-1246A18253,ACC-1CEC7DB577,2810.69,NEFT,2026-08-03T14:22:24,False,False,
TXN-E8E70D49E2,ACC-6A2B38523A,ACC-AECA8D84BB,7259.29,RTGS,2026-08-02T15:33:23,False,False,
TXN-2427197FE9,ACC-071B895276,ACC-CB714FE2D9,21826.13,NEFT,2026-06-03T14:40:42,False,False,
TXN-18B477B584,ACC-DD605CC508,ACC-58E2280A96,30731.49,UPI,2026-04-20T20:54:08,False,False,
TXN-39F1CC5121,ACC-744D8EC3A9,ACC-180C85B69F,37873.27,UPI,2026-07-18T17:28:03,False,False,
TXN-0BDA5C2F0A,ACC-78508EE723,ACC-73068A09D2,35920.06,IMPS,2026-07-12T21:21:41,False,False,
TXN-5A3BC84BDC,ACC-9A72BC781A,ACC-6082943E35,7167.59,UPI,2026-07-23T00:40:05,False,False,
TXN-6CE101BFC6,ACC-66D7D5D3CA,ACC-4590CA8AF6,11903.68,NEFT,2026-05-19T16:14:11,False,False,
TXN-5AEA38B455,ACC-C4BFC0E03A,ACC-C3576ECEFE,20749.56,UPI,2026-07-11T06:01:11,False,False,
TXN-C0E9780B3F,ACC-7F7EE3CA38,ACC-90A8AB35BD,3295.09,RTGS,2026-06-03T18:53:45,False,False,
TXN-6B3B92A613,ACC-C33D5B366A,ACC-C35B9127FF,27495.26,UPI,2026-03-22T11:45:09,False,False,
TXN-D18F995E54,ACC-F3BE1B6D2F,ACC-7B2CEDF0C2,5939.41,NEFT,2026-03-30T07:29:08,False,False,
TXN-D71F78F762,ACC-04F3E4D1E4,ACC-78508EE723,32308.98,UPI,2026-01-21T09:10:40,False,False,
TXN-9D004B986A,ACC-0BBFA7333B,ACC-E0BA6B7C1D,11430.89,UPI,2026-01-17T09:06:27,False,False,
TXN-66FCFD7750,ACC-B7823C27D8,ACC-E735F42522,11786.75,IMPS,2026-02-23T11:12:23,False,False,
TXN-FA19F2A063,ACC-71B3F3476E,ACC-4DEC6547E5,16282.92,RTGS,2026-01-08T11:28:35,False,False,
TXN-059830793C,ACC-62AE8DB4D8,ACC-ABA49273CF,14624.04,UPI,2026-06-11T03:30:32,False,False,
TXN-020B406B43,ACC-FB8B45AA08,ACC-6082943E35,2198.48,UPI,2026-03-23T02:29:53,False,False,
TXN-AE67248785,ACC-3B161F37FC,ACC-C8239DDCE2,24674.96,NEFT,2026-02-01T07:30:07,False,False,
TXN-1CD126F6DF,ACC-0E693A23A9,ACC-62E67F6055,25555.6,IMPS,2026-06-04T05:59:59,False,False,
TXN-607C9C4E1A,ACC-B684F395A0,ACC-EDF8AEA14D,26904.25,NEFT,2026-04-14T04:00:24,False,False,
TXN-A5862BA9DE,ACC-4D54803324,ACC-40CE764DEC,25641.81,IMPS,2026-03-20T06:55:00,False,False,
TXN-BB8E438EC0,ACC-0F6B3E6554,ACC-99EC609564,12962.66,IMPS,2026-05-08T00:24:08,False,False,
TXN-11931A2388,ACC-24278E82A3,ACC-F94199C495,6134.55,NEFT,2026-06-25T09:40:51,False,False,
TXN-26A32BF723,ACC-9348003ED1,ACC-2917D096F0,30247.72,RTGS,2026-03-21T10:55:03,False,False,
TXN-2543D78263,ACC-2B11DEC838,ACC-790F45837C,2274.67,UPI,2026-03-21T20:10:27,False,False,
TXN-9265171FA3,ACC-D03850541F,ACC-DD97A5398E,28596.31,NEFT,2026-03-25T05:48:58,False,False,
TXN-4EADA8C3EC,ACC-F18365684C,ACC-8BDC85DDB6,18174.73,UPI,2026-03-31T05:59:05,False,False,
TXN-4AB488F74B,ACC-997180843F,ACC-15A2BC1592,10996.94,UPI,2026-05-01T08:29:31,False,False,
TXN-55A2CD2A73,ACC-8762C82C0F,ACC-ACDADA8CEB,41513.44,NEFT,2026-03-22T03:20:47,False,False,
TXN-C342C480AF,ACC-061AE2D0D5,ACC-575D2A535F,19550.87,NEFT,2026-06-27T19:47:28,False,False,
TXN-585F519B3E,ACC-55AB15FD2D,ACC-9689E95CF5,37742.16,RTGS,2026-07-06T11:33:38,False,False,
TXN-CC3A4F73BB,ACC-C22170FA88,ACC-BF751C37BF,14410.06,IMPS,2026-01-31T03:58:31,False,False,
TXN-D463B1F0A6,ACC-E6C3585964,ACC-218D531755,44243.74,UPI,2026-08-29T12:04:39,False,False,
TXN-31F457EF71,ACC-DB4F4EEE3B,ACC-32FCC8C65C,47350.0,UPI,2026-04-28T20:19:36,False,False,
TXN-DC8B73B94C,ACC-6D358C6424,ACC-65FA99C299,36491.66,IMPS,2026-02-07T18:16:27,False,False,
TXN-F497962E1E,ACC-46ACE32C69,ACC-62E67F6055,10922.37,IMPS,2026-06-14T08:11:23,False,False,
TXN-7507446F13,ACC-F79E5B6E30,ACC-3D9503D477,3989.76,RTGS,2026-01-09T16:43:55,False,False,
TXN-35CAB8A3D8,ACC-70C525537E,ACC-D6B7EC030A,1942.64,UPI,2026-04-28T07:18:40,False,False,
TXN-76F5627F92,ACC-FB8C719E6E,ACC-3CDEE78BB2,22955.0,IMPS,2026-02-16T17:30:37,False,False,
TXN-ADC6E7825A,ACC-5B08E29A74,ACC-0165A5DCE4,47630.76,UPI,2026-07-05T01:20:48,False,False,
TXN-C9F2815039,ACC-1672980D7E,ACC-8F1BE8A8CB,5806.82,IMPS,2026-06-26T19:11:13,False,False,
TXN-D88F6202F3,ACC-A930381713,ACC-C33D5B366A,27960.75,NEFT,2026-01-09T18:15:52,False,False,
TXN-0E08883247,ACC-8EAC86435A,ACC-831C4BCD37,24090.3,IMPS,2026-03-25T16:22:40,False,False,
TXN-9D0132216C,ACC-4A9DCACDDC,ACC-79256D8375,33965.36,UPI,2026-01-15T10:22:01,False,False,
TXN-BCE496F197,ACC-3C93F1616E,ACC-F2A8694245,41556.47,RTGS,2026-03-09T23:19:53,False,False,
TXN-FEFC2B64D6,ACC-FFAB625EFD,ACC-D8121DF259,44890.92,UPI,2026-04-20T01:27:33,False,False,
TXN-3C477779FE,ACC-847A760E3C,ACC-DBB3368EEA,35999.77,IMPS,2026-04-14T19:16:17,False,False,
TXN-84AB611BFA,ACC-40E0FD9381,ACC-89971B1940,13743.73,IMPS,2026-04-02T04:40:01,False,False,
TXN-DA04D411DF,ACC-4AD834E3C4,ACC-B1F9006D61,40555.63,UPI,2026-08-07T17:30:57,False,False,
TXN-D136984E8E,ACC-9CAE4D5853,ACC-69261F9DE4,47616.89,RTGS,2026-03-31T21:55:51,False,False,
TXN-D35B81A7DA,ACC-6B7FC0B72D,ACC-76274A7181,2555.27,NEFT,2026-02-04T08:05:48,False,False,
TXN-B168580088,ACC-4C3B5F7DD0,ACC-62E67F6055,22921.62,RTGS,2026-07-31T11:57:13,False,False,
TXN-9A58DEA539,ACC-66D7D5D3CA,ACC-C17DF81397,32998.35,NEFT,2026-08-02T23:54:59,False,False,
TXN-3914110480,ACC-FE85C6E186,ACC-D4B88C7671,16171.42,NEFT,2026-06-08T01:31:49,False,False,
TXN-A92C0F7969,ACC-1672980D7E,ACC-070D19C553,20208.6,RTGS,2026-05-15T22:20:55,False,False,
TXN-8438FE7940,ACC-22F56C107F,ACC-D7608B7F05,7552.13,RTGS,2026-07-30T14:18:34,False,False,
TXN-756E2D35C8,ACC-910BA4F446,ACC-6BA07DAEE0,48077.04,UPI,2026-08-22T20:27:44,False,False,
TXN-B10DC4CEB6,ACC-6D239D0E4C,ACC-8F943FF21B,16773.64,NEFT,2026-07-01T04:36:33,False,False,
TXN-F379D01BB8,ACC-4AE564720E,ACC-6E4F982747,27052.75,IMPS,2026-01-17T14:30:44,False,False,
TXN-9E822DE4EA,ACC-3552A8B7B0,ACC-C56EE285EE,45931.27,IMPS,2026-08-21T13:09:03,False,False,
TXN-11493DD20E,ACC-94CA2362BA,ACC-FE85C6E186,31708.33,IMPS,2026-08-11T19:12:09,False,False,
TXN-3EA9045F03,ACC-A0826D22AE,ACC-DD90926B70,41269.34,RTGS,2026-02-01T17:54:13,False,False,
TXN-4C04E1C266,ACC-3CD4B5DA97,ACC-40C97E39E2,49527.1,UPI,2026-07-21T18:43:57,False,False,
TXN-6136409384,ACC-25F4E87B68,ACC-AD57584C63,401.22,IMPS,2026-03-30T01:45:52,False,False,
TXN-408F3D4A4F,ACC-447F620CDE,ACC-847A760E3C,39428.67,RTGS,2026-02-15T09:47:09,False,False,
TXN-97AA1D5951,ACC-D776A0BE4C,ACC-67A0A8E390,41856.15,NEFT,2026-08-01T23:55:51,False,False,
TXN-184EF23B2E,ACC-750B08D60C,ACC-0E2386D597,32913.22,RTGS,2026-03-27T01:53:37,False,False,
TXN-605BC9405C,ACC-D8121DF259,ACC-37B3A93D4F,37541.35,UPI,2026-03-29T16:44:47,False,False,
TXN-693E172D33,ACC-B032E7B84B,ACC-C7F14C5086,22791.97,IMPS,2026-01-01T05:33:22,False,False,
TXN-CC1635400E,ACC-3BB48B1CF1,ACC-C89F6DD400,24861.11,UPI,2026-04-30T01:18:30,False,False,
TXN-920CA1644A,ACC-3535A7CF50,ACC-27F3C98FB7,20424.77,IMPS,2026-07-30T11:29:50,False,False,
TXN-AAAF6F7A93,ACC-063B0DF9B6,ACC-C9091D07F2,47587.22,IMPS,2026-01-10T03:05:17,False,False,
TXN-F5B762D0FC,ACC-4E99782B8B,ACC-19A3798E9A,14930.05,IMPS,2026-03-14T02:58:51,False,False,
TXN-CD5E1B8225,ACC-81F1B479A1,ACC-885AA00664,3752.54,NEFT,2026-06-25T18:31:54,False,False,
TXN-E8C0346675,ACC-41740025DD,ACC-D8D4E9B435,47254.76,RTGS,2026-01-05T02:30:18,False,False,
TXN-42E9AA17EA,ACC-E0BA6B7C1D,ACC-BF751C37BF,15150.73,RTGS,2026-05-26T14:28:11,False,False,
TXN-A48F2635D8,ACC-CB4AD17DFE,ACC-55211DCBA3,21540.49,RTGS,2026-08-27T18:22:51,False,False,
TXN-17884A077F,ACC-F18365684C,ACC-64133B7277,34020.05,UPI,2026-07-14T04:17:23,False,False,
TXN-998CFA542E,ACC-4DEC6547E5,ACC-37B3A93D4F,1745.81,RTGS,2026-05-30T00:51:30,False,False,
TXN-5039F15603,ACC-71321C26BF,ACC-FDB5A12E90,38535.41,RTGS,2026-08-17T00:23:56,False,False,
TXN-2435B2682C,ACC-C154C76851,ACC-37B3A93D4F,47466.29,RTGS,2026-01-11T14:42:59,False,False,
TXN-D483F3102D,ACC-A0AF725079,ACC-F69EFF6313,48145.86,UPI,2026-07-04T10:07:33,False,False,
TXN-E031DC3C35,ACC-15A2BC1592,ACC-4086ADBCC7,4784.03,IMPS,2026-02-06T12:11:45,False,False,
TXN-7543C1E728,ACC-7D79DF515F,ACC-9DDDF0EB39,37502.8,IMPS,2026-08-23T10:02:28,False,False,
TXN-4B7C72A1F5,ACC-B8F764D783,ACC-3F63039D0D,16279.05,RTGS,2026-03-26T02:26:31,False,False,
TXN-276D722523,ACC-43C7F95B7C,ACC-F3D06559F3,4928.7,IMPS,2026-08-19T11:09:35,False,False,
TXN-59B3815AB5,ACC-AE4D16816A,ACC-70B8E77906,1606.14,RTGS,2026-01-27T20:03:18,False,False,
TXN-83D6C27E64,ACC-F93CCD06E3,ACC-C4F1C92E12,23266.36,RTGS,2026-07-28T00:44:25,False,False,
TXN-47CB4ED907,ACC-E29496DB40,ACC-FC1CE0B093,2626.0,UPI,2026-07-20T16:19:53,False,False,
TXN-6068BB068A,ACC-E6B86E6FA6,ACC-1672980D7E,45132.63,NEFT,2026-03-05T04:54:15,False,False,
TXN-EAB3EE6B8C,ACC-27D28B0244,ACC-62B369F1B3,30135.79,RTGS,2026-02-12T14:14:27,False,False,
TXN-F2AAD37A16,ACC-C316F81D91,ACC-C35B9127FF,48434.53,UPI,2026-03-19T07:57:41,False,False,
TXN-BEC217D76D,ACC-42561BAF46,ACC-C0FEDCAB89,12602.32,RTGS,2026-03-10T14:19:33,False,False,
TXN-C939B65E49,ACC-271222B259,ACC-765C988E8A,2384.96,IMPS,2026-03-28T18:27:00,False,False,
TXN-7B7BCF9099,ACC-4CDAB72A3B,ACC-5E8F1BE27B,29261.78,RTGS,2026-03-30T19:56:29,False,False,
TXN-758B636A8E,ACC-4590CA8AF6,ACC-6D358C6424,40459.24,UPI,2026-02-09T10:24:00,False,False,
TXN-9390E00E42,ACC-7514A16381,ACC-A0826D22AE,6773.55,UPI,2026-06-20T03:21:45,False,False,
TXN-E615E0D1A3,ACC-24F522F2BC,ACC-564DDDA45C,39758.0,RTGS,2026-01-08T23:25:27,False,False,
TXN-CE7455FB9B,ACC-76C65895CF,ACC-F5003B4F47,44904.94,NEFT,2026-07-31T01:38:38,False,False,
TXN-1D34C4D475,ACC-0A1B1B5164,ACC-4AF65220ED,23788.17,NEFT,2026-06-19T10:31:40,False,False,
TXN-3C38AE0A3A,ACC-B0438D56AA,ACC-B8E2A0CEC8,21228.31,UPI,2026-02-03T21:09:47,False,False,
TXN-7F647DEA00,ACC-3CDEE78BB2,ACC-3BC75DF505,18010.6,RTGS,2026-07-16T22:38:27,False,False,
TXN-7D8F4DABEC,ACC-A04FEE425F,ACC-8F943FF21B,6226.34,IMPS,2026-02-03T13:05:48,False,False,
TXN-6D096C360A,ACC-4536A10727,ACC-814BB3CD63,33299.12,RTGS,2026-08-01T00:19:58,False,False,
TXN-43CB930E78,ACC-C17DF81397,ACC-B0438D56AA,13297.73,UPI,2026-03-14T01:04:48,False,False,
TXN-C8368B7BDC,ACC-C8239DDCE2,ACC-735C11E982,5969.32,UPI,2026-04-01T04:42:39,False,False,
TXN-CB9E660154,ACC-2615FB9091,ACC-898942215E,15157.09,RTGS,2026-01-05T08:19:55,False,False,
TXN-F75A197C8B,ACC-CC005EB078,ACC-FBE8498AA0,25607.76,UPI,2026-02-13T18:55:48,False,False,
TXN-0E32F482B4,ACC-F5003B4F47,ACC-0833635625,13441.2,UPI,2026-04-28T19:22:20,False,False,
TXN-2C51E683B2,ACC-8F943FF21B,ACC-4DEC6547E5,46052.44,RTGS,2026-03-24T22:31:59,False,False,
TXN-9A644F869D,ACC-7ADF18BB0F,ACC-6F4436A295,23843.03,RTGS,2026-03-25T03:45:58,False,False,
TXN-7DC67E9464,ACC-3C019EF409,ACC-296A1F7971,19515.31,UPI,2026-02-26T17:51:58,False,False,
TXN-C8BEBEA675,ACC-7BC373E0D3,ACC-75F2FA030F,42920.71,IMPS,2026-01-27T09:45:00,False,False,
TXN-258AA586EA,ACC-867E2E7256,ACC-A830244D0A,49495.37,UPI,2026-08-08T20:58:10,False,False,
TXN-E98B90007B,ACC-7514A16381,ACC-CABEA4CE2A,31421.66,RTGS,2026-05-21T11:29:53,False,False,
TXN-6A568CB500,ACC-0F9E6E857D,ACC-01947BC03F,20438.29,RTGS,2026-01-17T15:56:23,False,False,
TXN-3E32AD04E0,ACC-FCAC3A896F,ACC-70B8E77906,19852.52,IMPS,2026-05-26T02:58:15,False,False,
TXN-6F642EC38D,ACC-55AB15FD2D,ACC-8F67E176FD,30400.54,IMPS,2026-02-19T10:46:03,False,False,
TXN-97B9AFFA02,ACC-640FAAC1A6,ACC-ABF55A14B6,47479.52,RTGS,2026-03-03T02:00:13,False,False,
TXN-7EC3B55B8E,ACC-3535A7CF50,ACC-86858D0E29,26158.67,RTGS,2026-01-30T03:34:01,False,False,
TXN-7FC227F36B,ACC-7919653E0C,ACC-4FD85A4C52,1739.52,UPI,2026-08-07T03:17:57,False,False,
TXN-146E04E98D,ACC-1F0F3CBE01,ACC-2FE4F9E6DB,44604.19,IMPS,2026-01-16T12:20:50,False,False,
TXN-48707626D5,ACC-4779286848,ACC-016ED7C075,19784.71,RTGS,2026-05-13T14:50:55,False,False,
TXN-BAB4BB1AE6,ACC-8BDC85DDB6,ACC-7F0DBD2FAA,30343.73,NEFT,2026-07-02T11:53:46,False,False,
TXN-0391478CB6,ACC-1FBBC00607,ACC-B61E536FF6,19427.47,IMPS,2026-07-02T06:27:17,False,False,
TXN-6AB6C0BACA,ACC-0A5EE1B113,ACC-52E3C5EE3A,34632.92,NEFT,2026-07-26T21:29:18,False,False,
TXN-9AB4E892B0,ACC-D82840F1AF,ACC-E6C3585964,31642.02,NEFT,2026-04-15T03:54:48,False,False,
TXN-398DAF294E,ACC-B7766CF1A1,ACC-3DA9871BED,29802.8,IMPS,2026-05-02T13:51:09,False,False,
TXN-70E4EB9842,ACC-744D8EC3A9,ACC-04F3E4D1E4,28387.54,NEFT,2026-04-29T23:22:00,False,False,
TXN-C5FF56C970,ACC-1FAB4FE7F5,ACC-27BAF0D834,25980.05,RTGS,2026-04-19T04:00:52,False,False,
TXN-3F08B6305F,ACC-0060D2042A,ACC-4C3B5F7DD0,21307.64,IMPS,2026-08-27T02:04:29,False,False,
TXN-041F8980AE,ACC-A0826D22AE,ACC-D6B7EC030A,34478.94,IMPS,2026-05-21T09:18:08,False,False,
TXN-7AB3DF0339,ACC-E2A3133D65,ACC-528E2FBFFC,27734.58,IMPS,2026-06-29T16:35:14,False,False,
TXN-CFD4B94C5A,ACC-0E693A23A9,ACC-B8FC9FB216,8836.1,NEFT,2026-04-06T22:27:35,False,False,
TXN-2ED8C8D3B0,ACC-DD90926B70,ACC-4C3B5F7DD0,39539.26,NEFT,2026-03-13T02:24:32,False,False,
TXN-16E1AD2EF3,ACC-9775561CCA,ACC-24F522F2BC,18874.93,RTGS,2026-07-08T02:24:24,False,False,
TXN-3B09745A84,ACC-81C5183F45,ACC-B7766CF1A1,46637.7,RTGS,2026-07-28T17:00:40,False,False,
TXN-3305EEE8DB,ACC-94CA2362BA,ACC-D4B88C7671,12885.34,UPI,2026-04-09T01:48:11,False,False,
TXN-EA896D26E6,ACC-F7241A5691,ACC-765C988E8A,40693.1,RTGS,2026-01-02T06:27:04,False,False,
TXN-482FCB18D2,ACC-25C9887F3A,ACC-7ADF18BB0F,40637.16,NEFT,2026-07-12T06:15:09,False,False,
TXN-DA493C27A1,ACC-7D79DF515F,ACC-FB8B45AA08,29262.46,NEFT,2026-07-18T11:58:07,False,False,
TXN-FB6E111A97,ACC-31C7C84AB6,ACC-D4C1048A81,10119.66,UPI,2026-06-16T02:31:15,False,False,
TXN-20957A0485,ACC-CB714FE2D9,ACC-C2B46B24FC,29844.53,RTGS,2026-06-19T18:44:25,False,False,
TXN-EA4CAEF15E,ACC-DC86F134B4,ACC-BC27322374,6148.35,IMPS,2026-02-17T17:39:56,False,False,
TXN-280E2E17F0,ACC-0735508F97,ACC-B02A895FFA,40104.73,UPI,2026-01-16T22:28:13,False,False,
TXN-5FDD7692AF,ACC-159EC4E2F6,ACC-016ED7C075,5551.59,NEFT,2026-02-19T11:39:36,False,False,
TXN-F8DDF09D0D,ACC-C9091D07F2,ACC-76274A7181,34398.87,IMPS,2026-01-16T12:14:36,False,False,
TXN-C9DC9AFDAA,ACC-BD293A9B4B,ACC-997180843F,3182.02,UPI,2026-05-12T02:42:53,False,False,
TXN-AA50044285,ACC-AA9C661D0F,ACC-5487A8885D,14003.26,RTGS,2026-04-04T11:18:09,False,False,
TXN-4B20658049,ACC-7B3B8F0BFF,ACC-15113E5F76,30991.93,NEFT,2026-08-03T14:45:09,False,False,
TXN-57375AB05E,ACC-CAEEF3E77C,ACC-E46609194C,7754.8,NEFT,2026-03-27T09:21:30,False,False,
TXN-8562EE4ADA,ACC-2E36E5F8A4,ACC-303DA6A399,10316.43,UPI,2026-03-04T06:59:49,False,False,
TXN-90623F5F6C,ACC-52E3C5EE3A,ACC-4536A10727,37074.71,NEFT,2026-07-08T20:14:40,False,False,
TXN-3E8DAF89E6,ACC-F7241A5691,ACC-7803864F0D,12460.41,RTGS,2026-03-27T19:37:19,False,False,
TXN-51E952C5A6,ACC-3535A7CF50,ACC-49CA71AD82,30558.44,IMPS,2026-03-27T13:43:57,False,False,
TXN-A6294BC7FF,ACC-FE620C98BD,ACC-218D531755,357.78,NEFT,2026-06-19T00:17:43,False,False,
TXN-68A2C8FBFD,ACC-A930381713,ACC-4FD85A4C52,42509.56,RTGS,2026-03-24T20:55:06,False,False,
TXN-3B336ACCAD,ACC-1EB891BCE8,ACC-9FC0AFB708,42394.65,RTGS,2026-06-22T11:37:12,False,False,
TXN-405D5DF15E,ACC-445AF8A995,ACC-D7879A2627,37010.39,RTGS,2026-08-27T20:42:31,False,False,
TXN-575B80AECF,ACC-6145DF68ED,ACC-A0AF725079,1346.72,NEFT,2026-03-21T15:56:19,False,False,
TXN-FE9A80581F,ACC-AAC03853A0,ACC-AC74C712B4,21945.18,NEFT,2026-05-06T02:00:12,False,False,
TXN-0B64F1827A,ACC-E03D1772D7,ACC-061AE2D0D5,25476.45,RTGS,2026-06-21T17:30:16,False,False,
TXN-94E8FD6E0A,ACC-16277DA3F8,ACC-DD90926B70,18773.46,UPI,2026-08-22T09:17:34,False,False,
TXN-75EDA5620D,ACC-E85088220C,ACC-5E8F1BE27B,19007.68,RTGS,2026-03-22T10:36:00,False,False,
TXN-F2429CB81B,ACC-14300691C9,ACC-A8A2646A94,17792.62,NEFT,2026-04-07T14:39:50,False,False,
TXN-7CB956C262,ACC-6B7FC0B72D,ACC-62B369F1B3,44942.94,RTGS,2026-08-22T04:27:56,False,False,
TXN-8C7803A96D,ACC-B8F764D783,ACC-40E0FD9381,34387.31,IMPS,2026-01-26T03:00:02,False,False,
TXN-EBBD2A598C,ACC-578F5CF5AA,ACC-4590CA8AF6,40045.01,RTGS,2026-08-11T00:13:29,False,False,
TXN-4BB3188C28,ACC-9A5DA012CF,ACC-6BA07DAEE0,19172.35,RTGS,2026-06-19T10:32:05,False,False,
TXN-66E8C8AE38,ACC-FC1CE0B093,ACC-2917D096F0,45477.56,UPI,2026-06-19T20:30:45,False,False,
TXN-41B0A2AB78,ACC-D495744B0B,ACC-767782128C,11582.13,NEFT,2026-04-11T22:03:44,False,False,
TXN-CCB7FA8987,ACC-640FAAC1A6,ACC-AD385E3FB0,8593.37,IMPS,2026-01-15T02:16:41,False,False,
TXN-18B8BDBE7F,ACC-65FA99C299,ACC-05DF6021DB,2589.33,IMPS,2026-02-04T22:36:16,False,False,
TXN-5CC57D11F9,ACC-D672496BB9,ACC-7B2CEDF0C2,4800.36,UPI,2026-04-08T05:48:51,False,False,
TXN-E6295A187D,ACC-21E3AE70D3,ACC-F5003B4F47,46614.1,RTGS,2026-02-27T21:03:14,False,False,
TXN-07E82E572C,ACC-C963CD9027,ACC-FB8C719E6E,42953.31,NEFT,2026-03-14T05:49:57,False,False,
TXN-DB6B7D8E1B,ACC-AABAB59228,ACC-02C5001F94,15717.6,UPI,2026-04-01T00:40:41,False,False,
TXN-FC4EF039F8,ACC-4AC34A3CF5,ACC-C154C76851,2796.9,IMPS,2026-04-22T22:37:09,False,False,
TXN-231D02F1C6,ACC-1BDE0C98DE,ACC-CB2D6018FF,47112.4,IMPS,2026-04-02T17:57:54,False,False,
TXN-C925789076,ACC-1246A18253,ACC-AA2A409CCB,30211.19,UPI,2026-01-27T04:02:48,False,False,
TXN-BCBAD4D9AD,ACC-271222B259,ACC-202632C916,13598.4,IMPS,2026-07-27T08:48:20,False,False,
TXN-F21A1A68E6,ACC-F7241A5691,ACC-9BF20630BA,23234.35,NEFT,2026-03-11T11:41:32,False,False,
TXN-2E134B63EB,ACC-B2E0AC9287,ACC-5667CE7568,46621.08,IMPS,2026-01-04T09:31:23,False,False,
TXN-FF98DAEEEB,ACC-D776A0BE4C,ACC-2E36E5F8A4,38364.21,UPI,2026-07-14T12:50:54,False,False,
TXN-0A5945B575,ACC-3BB48B1CF1,ACC-39DF57796E,19811.52,IMPS,2026-01-19T18:36:11,False,False,
TXN-B98BD59CD1,ACC-B8F764D783,ACC-C2CBD0C8EC,42357.55,IMPS,2026-08-25T12:00:12,False,False,
TXN-7B26B35ADF,ACC-62E67F6055,ACC-DFFB3F40EF,39201.24,RTGS,2026-04-06T10:55:07,False,False,
TXN-9FCCF7E8E9,ACC-7D79DF515F,ACC-38AC7EBCEF,35568.42,IMPS,2026-03-04T22:45:33,False,False,
TXN-B4D152B24C,ACC-B032E7B84B,ACC-F2C2B527B9,37774.78,UPI,2026-05-27T13:51:24,False,False,
TXN-7C251D08A5,ACC-C37F861391,ACC-7E1F4AC50C,14502.68,RTGS,2026-06-03T09:49:28,False,False,
TXN-AE510D72D6,ACC-FB8B45AA08,ACC-3E4E52E0F7,36366.5,RTGS,2026-07-21T19:32:46,False,False,
TXN-FBC7F97205,ACC-CAEEF3E77C,ACC-F2C2B527B9,28958.1,RTGS,2026-04-08T15:29:44,False,False,
TXN-E63FE6F71A,ACC-AEA5766321,ACC-910BA4F446,8511.4,RTGS,2026-02-19T00:38:26,False,False,
TXN-029C5FA150,ACC-CFE43AA132,ACC-CCEC58F489,3856.17,NEFT,2026-04-26T21:40:57,False,False,
TXN-9D3E45759E,ACC-2E794F15F7,ACC-0BA8E5E1C6,45227.43,RTGS,2026-05-27T00:03:14,False,False,
TXN-A2849B2C37,ACC-4D79601CD5,ACC-C17DF81397,1389.02,RTGS,2026-03-19T04:02:41,False,False,
TXN-BBBEBD7432,ACC-6145DF68ED,ACC-4E99782B8B,10935.41,IMPS,2026-06-24T17:44:55,False,False,
TXN-17020243C6,ACC-02F5E7CB8F,ACC-E735F42522,37511.42,NEFT,2026-06-03T22:21:00,False,False,
TXN-97E4B060B2,ACC-5686318150,ACC-FB8C719E6E,1015.63,IMPS,2026-06-20T12:01:09,False,False,
TXN-893A9551ED,ACC-15A2BC1592,ACC-3EDAF055AB,20082.11,RTGS,2026-05-25T07:15:23,False,False,
TXN-FB378A69AC,ACC-CBD640205D,ACC-7B9514B58D,6694.62,UPI,2026-04-06T06:58:36,False,False,
TXN-47B2980E5D,ACC-D4B88C7671,ACC-B032E7B84B,46152.79,NEFT,2026-05-26T06:15:53,False,False,
TXN-4A320915EB,ACC-46ACE32C69,ACC-1CCF766288,23361.45,RTGS,2026-06-18T07:24:58,False,False,
TXN-BB8CE72E2E,ACC-9D9CEED106,ACC-4C3B5F7DD0,14838.76,RTGS,2026-01-16T17:42:53,False,False,
TXN-CC5AA241C7,ACC-640FAAC1A6,ACC-6082943E35,17753.63,IMPS,2026-05-01T12:35:41,False,False,
TXN-0034674AA1,ACC-C56EE285EE,ACC-38E209123A,750.6,UPI,2026-02-26T16:15:01,False,False,
TXN-93F2B87390,ACC-0165A5DCE4,ACC-EFB3CA508E,28167.19,UPI,2026-01-10T14:04:01,False,False,
TXN-E0706E4183,ACC-26A18336EE,ACC-14300691C9,31607.59,NEFT,2026-01-10T08:59:58,False,False,
TXN-BC64DAC370,ACC-F3BE1B6D2F,ACC-82303C3115,16835.24,RTGS,2026-05-15T17:34:56,False,False,
TXN-274BDAA9AF,ACC-C1685C01FB,ACC-58E2280A96,14389.37,UPI,2026-07-20T18:45:58,False,False,
TXN-C3A43DF618,ACC-FE482F5C86,ACC-1CEC7DB577,44199.95,RTGS,2026-06-18T07:39:25,False,False,
TXN-B83E82ACFA,ACC-7CDA8721D4,ACC-2FEA127818,2000.56,UPI,2026-03-01T13:08:21,False,False,
TXN-779A4B112A,ACC-EB06C9ED42,ACC-A6FBC3240E,33098.69,RTGS,2026-04-14T17:36:25,False,False,
TXN-9915509228,ACC-1BE237EF1F,ACC-FB8C719E6E,38153.02,IMPS,2026-02-06T04:35:24,False,False,
TXN-246AB1A673,ACC-E6C3585964,ACC-6AA0A9180D,13932.84,IMPS,2026-01-17T06:27:30,False,False,
TXN-028D9B37DE,ACC-546990EA97,ACC-8BDC85DDB6,803.31,IMPS,2026-03-17T12:48:37,False,False,
TXN-ABD39496C7,ACC-4AF65220ED,ACC-2494521276,9844.48,IMPS,2026-06-15T19:06:12,False,False,
TXN-EEFE1B6389,ACC-2F6B718C23,ACC-31C7C84AB6,12906.36,IMPS,2026-01-01T05:17:04,False,False,
TXN-51F4E05B72,ACC-2491C47775,ACC-66D7D5D3CA,42970.26,NEFT,2026-07-07T10:45:35,False,False,
TXN-A544840446,ACC-2491C47775,ACC-B7823C27D8,23521.67,IMPS,2026-07-11T15:35:16,False,False,
TXN-2116A717EF,ACC-AA2B7C2290,ACC-21E3AE70D3,33536.97,NEFT,2026-08-28T12:58:38,False,False,
TXN-49A26F3EB2,ACC-4A6E5CA4CB,ACC-3D9503D477,42559.57,NEFT,2026-08-13T02:26:05,False,False,
TXN-C41A7306B4,ACC-F92965B93C,ACC-1BDE0C98DE,44480.68,NEFT,2026-05-07T19:30:31,False,False,
TXN-7EF52417AF,ACC-67DD07E5DE,ACC-C2CBD0C8EC,33454.04,NEFT,2026-08-19T15:05:10,False,False,
TXN-ABA44C6D30,ACC-69D19FB6C3,ACC-5719E56777,11464.7,UPI,2026-06-18T11:59:34,False,False,
TXN-A78C27A22C,ACC-E459DE3C78,ACC-A26ED4E77D,16542.05,NEFT,2026-07-13T17:50:46,False,False,
TXN-A382E383A4,ACC-FC1CE0B093,ACC-ADEE22EAB1,2754.07,NEFT,2026-04-11T01:24:00,False,False,
TXN-236B6BF090,ACC-218D531755,ACC-0633630EE6,27839.7,IMPS,2026-04-07T14:24:22,False,False,
TXN-AEA97D7CA4,ACC-31D8A89722,ACC-B2E0AC9287,46317.37,NEFT,2026-06-10T06:07:49,False,False,
TXN-D786415A60,ACC-76274A7181,ACC-B3DBC46391,21080.72,NEFT,2026-04-27T03:40:11,False,False,
TXN-2CE1F203E5,ACC-C3576ECEFE,ACC-DFAA153F85,8289.78,RTGS,2026-01-26T18:09:09,False,False,
TXN-D7FF3F4B04,ACC-AB8DF99C87,ACC-A8A2646A94,46321.0,UPI,2026-06-19T04:18:16,False,False,
TXN-F72E240125,ACC-3F1332028A,ACC-F2A8694245,7871.49,RTGS,2026-01-12T21:10:15,False,False,
TXN-1413DB0962,ACC-F185D565E6,ACC-220F23770A,6087.67,IMPS,2026-07-08T22:41:40,False,False,
TXN-DAB9FC5752,ACC-AC74C712B4,ACC-4A7B999733,29503.48,RTGS,2026-06-17T00:52:30,False,False,
TXN-FBFDACBE13,ACC-927E6074CB,ACC-6A47CE5A9F,12313.15,IMPS,2026-05-11T12:47:03,False,False,
TXN-3660054065,ACC-3E8F3ABF9C,ACC-4C3B5F7DD0,16491.72,RTGS,2026-02-02T04:28:56,False,False,
TXN-CC8DAAB876,ACC-202632C916,ACC-AA6D5EBBA7,4299.05,UPI,2026-02-28T06:31:56,False,False,
TXN-4C2050FCC1,ACC-FE85C6E186,ACC-478A68504D,24733.89,UPI,2026-02-28T23:41:44,False,False,
TXN-6054382A0C,ACC-AA7A8B94C0,ACC-C9EC862861,23666.17,UPI,2026-02-21T20:09:16,False,False,
TXN-69B23A1F3E,ACC-2C977634DF,ACC-564DDDA45C,34001.24,NEFT,2026-08-11T03:24:03,False,False,
TXN-706FCA4898,ACC-AC6E983ECA,ACC-B6B4387074,8428.03,NEFT,2026-05-09T05:08:38,False,False,
TXN-FE39B4A39C,ACC-9FC0AFB708,ACC-F69EFF6313,49816.51,UPI,2026-01-16T08:17:40,False,False,
TXN-74114A8C03,ACC-ABF55A14B6,ACC-7E1F4AC50C,41107.2,IMPS,2026-03-07T23:54:11,False,False,
TXN-20D5F2EE19,ACC-55AB15FD2D,ACC-E6B86E6FA6,5555.42,NEFT,2026-08-28T00:16:14,False,False,
TXN-CB2AE3AE5A,ACC-0949F0D18E,ACC-D0AE8D3A4E,41623.75,NEFT,2026-02-23T19:59:41,False,False,
TXN-43D8755A9E,ACC-4A9DCACDDC,ACC-8CA8143342,30387.15,NEFT,2026-03-03T03:01:07,False,False,
TXN-BFBD5CF8E2,ACC-0BBFA7333B,ACC-81F1B479A1,35057.15,UPI,2026-07-12T18:55:40,False,False,
TXN-5FFE363FCB,ACC-16277DA3F8,ACC-AB3C5011ED,34513.79,UPI,2026-06-02T18:41:34,False,False,
TXN-89E1F491DD,ACC-C4BFC0E03A,ACC-3BC75DF505,8307.76,RTGS,2026-06-25T17:41:04,False,False,
TXN-DB8E9CF70A,ACC-CEEC7AB2F4,ACC-26A18336EE,15458.66,RTGS,2026-06-12T07:45:32,False,False,
TXN-F41A49DEE9,ACC-927E6074CB,ACC-39C9248263,33379.52,IMPS,2026-04-04T11:18:43,False,False,
TXN-CD1DA5A42F,ACC-F48B1C477F,ACC-637F34A9D9,35221.08,UPI,2026-01-31T20:33:24,False,False,
TXN-4E8D4E7FAE,ACC-586C2C4507,ACC-DE5B619833,43782.05,IMPS,2026-02-11T19:35:56,False,False,
TXN-7E9D170219,ACC-F3BE1B6D2F,ACC-F1A6C1EA09,7636.48,UPI,2026-04-20T16:51:36,False,False,
TXN-1511D179A0,ACC-D6B7EC030A,ACC-C06C86F552,34448.75,IMPS,2026-07-07T00:48:25,False,False,
TXN-62D212C9C8,ACC-9CAE4D5853,ACC-02C5001F94,6306.4,NEFT,2026-03-23T11:12:56,False,False,
TXN-48DF38F943,ACC-6F46916E7E,ACC-1DEA054489,1885.04,IMPS,2026-06-01T18:28:00,False,False,
TXN-9F0C0E6569,ACC-1FAB4FE7F5,ACC-9A5DA012CF,3489.56,UPI,2026-04-08T22:30:22,False,False,
TXN-5E2006B321,ACC-38A80976AA,ACC-814BB3CD63,40663.44,RTGS,2026-06-04T08:52:18,False,False,
TXN-651CA4C5F8,ACC-847A760E3C,ACC-744D8EC3A9,22590.69,NEFT,2026-06-14T00:34:20,False,False,
TXN-EEA1BE94F0,ACC-AC37282B6E,ACC-C2DC9694BC,47911.64,IMPS,2026-01-03T21:20:01,False,False,
TXN-39B0F47B6D,ACC-7514A16381,ACC-16D5DE4BFB,20906.89,RTGS,2026-05-10T22:17:25,False,False,
TXN-974D4DA8D9,ACC-0633630EE6,ACC-162408A040,44234.11,IMPS,2026-07-19T03:29:49,False,False,
TXN-F4A83576F7,ACC-0BA8E5E1C6,ACC-D5B4E47CC4,47861.72,IMPS,2026-03-12T02:30:08,False,False,
TXN-D680FB75E9,ACC-CB0B0E032C,ACC-F69EFF6313,38588.83,NEFT,2026-05-14T04:38:48,False,False,
TXN-C1831F9F08,ACC-ABF55A14B6,ACC-3D9503D477,16991.55,UPI,2026-07-07T12:00:24,False,False,
TXN-23893C5B9E,ACC-FB32091F6D,ACC-62FE6D513D,10245.32,IMPS,2026-05-10T03:17:29,False,False,
TXN-74D317E92F,ACC-885AA00664,ACC-AC37282B6E,42917.15,NEFT,2026-07-26T04:03:31,False,False,
TXN-2CF44E10A6,ACC-55AB15FD2D,ACC-16B5023BFB,49682.83,IMPS,2026-06-18T21:54:46,False,False,
TXN-9A28788FF1,ACC-D6B7EC030A,ACC-8ADBC4AE0B,40053.92,RTGS,2026-08-18T12:17:15,False,False,
TXN-717DFC32E6,ACC-2F6B718C23,ACC-62B369F1B3,27031.85,RTGS,2026-01-18T06:53:50,False,False,
TXN-ECFE81ABD2,ACC-6364A8BD24,ACC-C06C86F552,1092.16,UPI,2026-07-04T06:49:27,False,False,
TXN-4D60E45F78,ACC-CB0B0E032C,ACC-7B9514B58D,45722.44,IMPS,2026-05-03T09:41:10,False,False,
TXN-A68850045E,ACC-E1564FA410,ACC-B79CF1E2E6,22573.71,NEFT,2026-01-16T00:48:27,False,False,
TXN-CF99A38618,ACC-AABAB59228,ACC-C46FDCD89C,45238.15,NEFT,2026-06-03T07:55:11,False,False,
TXN-C4C2BF2724,ACC-F37C68CD36,ACC-F8D246D2D0,26630.99,UPI,2026-03-28T03:20:04,False,False,
TXN-B2A3C89E06,ACC-8F67E176FD,ACC-43F7F1BA86,19969.61,RTGS,2026-01-19T13:11:25,False,False,
TXN-E81470BD52,ACC-CE7F594A4D,ACC-44A481182D,324213.75,RTGS,2026-08-22T06:51:19,True,False,0.0
TXN-25EC9F513F,ACC-44A481182D,ACC-63717C884E,291394.85,RTGS,2026-08-22T12:37:19,True,False,0.0
TXN-3C9A14918A,ACC-63717C884E,ACC-3A5E7E9E84,246398.36,RTGS,2026-08-22T17:10:19,True,False,0.0
TXN-D0808F680F,ACC-3A5E7E9E84,ACC-C20D3BE1EB,221013.22,UPI,2026-08-23T02:41:19,True,False,0.0
TXN-0B45CCB703,ACC-C20D3BE1EB,ACC-158C2AC522,214821.1,UPI,2026-08-23T07:27:19,True,True,0.0
TXN-78C36C6869,ACC-E4D956169B,ACC-084220E5C8,183689.71,IMPS,2026-02-02T09:44:53,True,False,1.0
TXN-A72A7EFD43,ACC-084220E5C8,ACC-6A2FDABB08,139025.83,RTGS,2026-02-02T15:53:53,True,False,1.0
TXN-3F030FE410,ACC-6A2FDABB08,ACC-75A5260A2D,129001.59,UPI,2026-02-03T00:18:53,True,False,1.0
TXN-BF7B5CBB4E,ACC-75A5260A2D,ACC-2A01E6538D,115815.21,IMPS,2026-02-03T05:57:53,True,False,1.0
TXN-E2DB395284,ACC-2A01E6538D,ACC-3C5DA12D88,104141.6,RTGS,2026-02-03T12:28:53,True,True,1.0
TXN-AD8DC19D63,ACC-5DF7BA419B,ACC-51D8AE3387,65211.56,RTGS,2026-08-19T11:39:36,True,False,2.0
TXN-726A0CDD78,ACC-51D8AE3387,ACC-EF8C69C19E,53118.31,RTGS,2026-08-19T14:25:36,True,False,2.0
TXN-15170D22F5,ACC-EF8C69C19E,ACC-4693C5B9D7,40116.46,NEFT,2026-08-19T21:31:36,True,True,2.0
TXN-BE413E9FCC,ACC-26299DBBE2,ACC-2EBE36A54F,318369.5,UPI,2026-04-13T19:24:15,True,False,3.0
TXN-807CE4CD8D,ACC-2EBE36A54F,ACC-25D1BD6EBF,246131.53,RTGS,2026-04-14T00:38:15,True,False,3.0
TXN-E0A8151925,ACC-25D1BD6EBF,ACC-FE2A6C5D9B,192348.12,UPI,2026-04-14T01:41:15,True,True,3.0
TXN-4B14D0107E,ACC-987D5186FF,ACC-300DDAC0CF,162436.14,IMPS,2026-02-02T00:15:41,True,False,4.0
TXN-018E202577,ACC-300DDAC0CF,ACC-3595B8C0A4,154520.1,IMPS,2026-02-02T09:20:41,True,False,4.0
TXN-956674C159,ACC-3595B8C0A4,ACC-1F0CC585F0,126292.75,IMPS,2026-02-02T18:30:41,True,False,4.0
TXN-086FAB7067,ACC-1F0CC585F0,ACC-06BEEA1409,115253.25,NEFT,2026-02-02T20:47:41,True,True,4.0
TXN-B493B6FBA7,ACC-D83259208A,ACC-9129FF7B8A,64468.18,UPI,2026-04-07T18:40:56,True,False,5.0
TXN-C418D80004,ACC-9129FF7B8A,ACC-BE0EF10141,50492.01,UPI,2026-04-08T02:27:56,True,False,5.0
TXN-B426FC523A,ACC-BE0EF10141,ACC-758ECF5444,45569.92,IMPS,2026-04-08T10:11:56,True,True,5.0
TXN-E3B7461B22,ACC-85AC05E5A5,ACC-EE59A3BB58,32732.35,NEFT,2026-06-20T00:58:13,True,False,6.0
TXN-56D739CEF1,ACC-EE59A3BB58,ACC-3B4123FD12,28964.58,NEFT,2026-06-20T02:14:13,True,False,6.0
TXN-1F7DDDC354,ACC-3B4123FD12,ACC-B6050BD8C9,22792.38,IMPS,2026-06-20T07:00:13,True,False,6.0
TXN-C40D8002B0,ACC-B6050BD8C9,ACC-046395E760,19766.25,IMPS,2026-06-20T16:34:13,True,False,6.0
TXN-EB3FC6CF8A,ACC-046395E760,ACC-2DE14B1952,18459.23,RTGS,2026-06-21T01:32:13,True,True,6.0
TXN-E9066582BB,ACC-4A47316C8C,ACC-D39F59EED1,388554.78,UPI,2026-07-13T09:05:03,True,False,7.0
TXN-641920A95F,ACC-D39F59EED1,ACC-C6264B760F,341821.38,UPI,2026-07-13T18:53:03,True,False,7.0
TXN-E5AC98017A,ACC-C6264B760F,ACC-0303ED6085,316032.02,NEFT,2026-07-14T03:05:03,True,False,7.0
TXN-DB1E1B32B6,ACC-0303ED6085,ACC-E88C697A17,253836.92,UPI,2026-07-14T05:35:03,True,True,7.0
TXN-E5404453B1,ACC-D8699EEE1D,ACC-24E457CF25,115565.08,UPI,2026-03-25T15:25:57,True,False,8.0
TXN-637D01059B,ACC-24E457CF25,ACC-E9D52CDFA4,87847.86,NEFT,2026-03-25T19:41:57,True,False,8.0
TXN-02E534634E,ACC-E9D52CDFA4,ACC-960ED5904D,81963.47,NEFT,2026-03-25T23:32:57,True,False,8.0
TXN-EB6131EA96,ACC-960ED5904D,ACC-26A6B0A4B8,79092.34,RTGS,2026-03-26T05:39:57,True,True,8.0
TXN-1B7C5BDC33,ACC-657609C08F,ACC-BC343FB697,298846.07,IMPS,2026-04-02T06:55:04,True,False,9.0
TXN-30368713B5,ACC-BC343FB697,ACC-F0ECE810B5,281510.51,RTGS,2026-04-02T12:11:04,True,False,9.0
TXN-A33E680B29,ACC-F0ECE810B5,ACC-E1479DF3DE,245645.18,RTGS,2026-04-02T12:56:04,True,False,9.0
TXN-557B4011BB,ACC-E1479DF3DE,ACC-83EF39CC02,199270.37,NEFT,2026-04-02T15:56:04,True,True,9.0
TXN-1F6058B4C2,ACC-62C9B30B52,ACC-CD3AFB9125,144073.19,UPI,2026-04-19T19:24:11,True,False,10.0
TXN-081ABF6ECA,ACC-CD3AFB9125,ACC-5C830854EF,126613.67,RTGS,2026-04-19T21:29:11,True,False,10.0
TXN-3AD0274B68,ACC-5C830854EF,ACC-35D6019B89,118226.38,IMPS,2026-04-20T01:36:11,True,False,10.0
TXN-5E8837FC3B,ACC-35D6019B89,ACC-AA81F87216,102947.68,UPI,2026-04-20T07:33:11,True,False,10.0
TXN-80C0E2D590,ACC-AA81F87216,ACC-086435917A,80518.87,IMPS,2026-04-20T11:13:11,True,False,10.0
TXN-3749C50900,ACC-086435917A,ACC-22AED06942,61873.61,NEFT,2026-04-20T20:42:11,True,True,10.0
TXN-DC930D3944,ACC-935C26412C,ACC-75C01AAC37,47281.66,NEFT,2026-01-12T20:41:30,True,False,11.0
TXN-9E5A927437,ACC-75C01AAC37,ACC-2FFE07377E,39583.28,UPI,2026-01-13T02:11:30,True,False,11.0
TXN-6993BBE021,ACC-2FFE07377E,ACC-AE5FF97E57,37087.01,RTGS,2026-01-13T11:39:30,True,True,11.0
TXN-19075C30F3,ACC-1AEAF48BA6,ACC-C2A1BDB91F,202871.86,NEFT,2026-05-28T13:02:10,True,False,12.0
TXN-CC3A0C1E63,ACC-C2A1BDB91F,ACC-DE3FDDE416,171423.41,NEFT,2026-05-28T17:13:10,True,False,12.0
TXN-C83E7BFB82,ACC-DE3FDDE416,ACC-6AD92F06E8,143365.66,UPI,2026-05-29T03:13:10,True,False,12.0
TXN-8CF93A6AA9,ACC-6AD92F06E8,ACC-A1AEAFCB32,122693.11,NEFT,2026-05-29T12:54:10,True,False,12.0
TXN-CF21F23144,ACC-A1AEAFCB32,ACC-CA1AF93483,93733.08,UPI,2026-05-29T14:10:10,True,True,12.0
TXN-6D5E47D972,ACC-38125A3F0C,ACC-384723F476,252188.09,RTGS,2026-03-11T07:05:28,True,False,13.0
TXN-1AD0F9C0FA,ACC-384723F476,ACC-3071E1C11F,219402.73,NEFT,2026-03-11T10:09:28,True,False,13.0
TXN-9A3C9C0809,ACC-3071E1C11F,ACC-F5EAFDC916,186295.84,UPI,2026-03-11T19:20:28,True,False,13.0
TXN-C3D83945F4,ACC-F5EAFDC916,ACC-8C60C1E411,146434.97,NEFT,2026-03-12T02:09:28,True,False,13.0
TXN-C05CF7EA25,ACC-8C60C1E411,ACC-A1370249D2,121275.11,IMPS,2026-03-12T08:36:28,True,True,13.0
TXN-5C66138D76,ACC-6F92D1001C,ACC-126CBCA60C,267858.04,IMPS,2026-07-19T14:58:17,True,False,14.0
TXN-858B1939A2,ACC-126CBCA60C,ACC-FE2937418F,203206.33,UPI,2026-07-19T20:56:17,True,False,14.0
TXN-476E33312D,ACC-FE2937418F,ACC-118C0D29ED,191127.93,NEFT,2026-07-20T00:24:17,True,False,14.0
TXN-214E20C591,ACC-118C0D29ED,ACC-C6054305DD,147503.41,RTGS,2026-07-20T02:06:17,True,False,14.0
TXN-8398E6AB01,ACC-C6054305DD,ACC-9E293F3B19,118806.94,UPI,2026-07-20T05:39:17,True,True,14.0
TXN-D8F0B7AAAE,ACC-9934B3DD8C,ACC-70F24BA2B6,453592.2,UPI,2026-01-31T04:54:23,True,False,15.0
TXN-1EC4462F6E,ACC-70F24BA2B6,ACC-30C85A9472,351880.21,IMPS,2026-01-31T12:08:23,True,False,15.0
TXN-62D7007E7F,ACC-30C85A9472,ACC-4BBA8FBD07,285267.19,NEFT,2026-01-31T20:47:23,True,True,15.0
TXN-9D7DFFFF18,ACC-C2CD509572,ACC-8A1A176B9B,388637.46,IMPS,2026-02-22T02:18:00,True,False,16.0
TXN-A36B3D19D6,ACC-8A1A176B9B,ACC-7120EF0D46,308882.2,IMPS,2026-02-22T09:25:00,True,False,16.0
TXN-BE525128DA,ACC-7120EF0D46,ACC-50A2E3B589,237113.81,NEFT,2026-02-22T16:43:00,True,False,16.0
TXN-81CF1A6B08,ACC-50A2E3B589,ACC-E950442F75,223077.65,UPI,2026-02-22T17:36:00,True,False,16.0
TXN-4F04A2FD83,ACC-E950442F75,ACC-35F3C2935C,193954.42,UPI,2026-02-22T18:33:00,True,True,16.0
TXN-CE11641B3C,ACC-E7AF0C472F,ACC-D5729168AD,168391.29,IMPS,2026-05-21T09:09:57,True,False,17.0
TXN-ACD8FC3B6B,ACC-D5729168AD,ACC-D04B175DF6,147606.25,RTGS,2026-05-21T18:00:57,True,False,17.0
TXN-CC7FF1A2E9,ACC-D04B175DF6,ACC-07FDEB52BD,131793.35,NEFT,2026-05-21T20:36:57,True,False,17.0
TXN-EA5BE18A8B,ACC-07FDEB52BD,ACC-1BA73E9187,122496.11,NEFT,2026-05-22T04:24:57,True,True,17.0
TXN-D22F27A48F,ACC-922BDE8E19,ACC-C721EEA9E2,306285.63,UPI,2026-05-26T15:12:11,True,False,18.0
TXN-741D45B093,ACC-C721EEA9E2,ACC-958B81888C,270776.96,IMPS,2026-05-26T19:43:11,True,False,18.0
TXN-E348499EB0,ACC-958B81888C,ACC-4FD91FD674,257239.03,NEFT,2026-05-27T02:17:11,True,False,18.0
TXN-7FE0C62F53,ACC-4FD91FD674,ACC-1D867389D0,210415.33,NEFT,2026-05-27T11:21:11,True,True,18.0
TXN-C6B4F2298A,ACC-7714EB2FD4,ACC-3CEC9F59CD,257671.57,IMPS,2026-08-10T07:55:09,True,False,19.0
TXN-D54149B206,ACC-3CEC9F59CD,ACC-FBC6926B78,221284.44,RTGS,2026-08-10T17:36:09,True,False,19.0
TXN-08CD40A761,ACC-FBC6926B78,ACC-636F3CAEC2,181715.55,IMPS,2026-08-10T21:27:09,True,False,19.0
TXN-278A4FA518,ACC-636F3CAEC2,ACC-A1E963ECA9,142076.18,UPI,2026-08-11T06:29:09,True,False,19.0
TXN-1CAF0DFFD6,ACC-A1E963ECA9,ACC-9361056F3B,138633.33,RTGS,2026-08-11T08:39:09,True,True,19.0
TXN-54B5FC1726,ACC-85EC07A476,ACC-BC5F72CD75,340073.21,RTGS,2026-02-06T17:12:31,True,False,20.0
TXN-2BC47CB234,ACC-BC5F72CD75,ACC-5BBF3EB02C,331744.49,UPI,2026-02-06T23:06:31,True,False,20.0
TXN-AF2E28B5C5,ACC-5BBF3EB02C,ACC-77BA477DBC,313646.37,NEFT,2026-02-07T04:34:31,True,False,20.0
TXN-B22E26B7A9,ACC-77BA477DBC,ACC-E0CC20B46B,283402.94,RTGS,2026-02-07T04:50:31,True,False,20.0
TXN-0C071B1EFA,ACC-E0CC20B46B,ACC-E915AC027C,217845.96,IMPS,2026-02-07T06:16:31,True,True,20.0
TXN-E3668E0312,ACC-DF9A361BD2,ACC-C8FFDD0436,254802.28,RTGS,2026-04-25T04:20:48,True,False,21.0
TXN-451509503E,ACC-C8FFDD0436,ACC-EFE0393A45,243594.87,RTGS,2026-04-25T04:47:48,True,False,21.0
TXN-81DB2C7A23,ACC-EFE0393A45,ACC-AD26E7D261,220312.19,IMPS,2026-04-25T11:58:48,True,True,21.0
TXN-0844647BD1,ACC-79B1233095,ACC-134522A80B,234404.14,IMPS,2026-03-04T21:37:57,True,False,22.0
TXN-59706A014B,ACC-134522A80B,ACC-E1CAF32842,186726.87,RTGS,2026-03-05T00:42:57,True,False,22.0
TXN-DD11250EDA,ACC-E1CAF32842,ACC-9680B2CBA7,165939.17,UPI,2026-03-05T02:12:57,True,True,22.0
TXN-AFC00E39EC,ACC-E64FD4E399,ACC-B695F2DF04,70037.47,NEFT,2026-05-27T03:25:52,True,False,23.0
TXN-6F63EBC259,ACC-B695F2DF04,ACC-661BABD612,57115.2,UPI,2026-05-27T08:17:52,True,False,23.0
TXN-B368E60B41,ACC-661BABD612,ACC-89F18C5F40,54725.49,RTGS,2026-05-27T10:52:52,True,False,23.0
TXN-D3888FD59C,ACC-89F18C5F40,ACC-E6599CF806,52300.12,IMPS,2026-05-27T19:25:52,True,False,23.0
TXN-F3E231EE3F,ACC-E6599CF806,ACC-5D6F992C68,48060.99,RTGS,2026-05-28T01:23:52,True,True,23.0
TXN-0FF1436F9F,ACC-FABBF9DE2B,ACC-2C14D12ADA,87155.23,RTGS,2026-07-20T03:29:49,True,False,24.0
TXN-389F8F47D1,ACC-2C14D12ADA,ACC-03F9CB1E17,70096.2,RTGS,2026-07-20T12:07:49,True,False,24.0
TXN-FEDEA05C86,ACC-03F9CB1E17,ACC-EB9FD08C95,61288.1,UPI,2026-07-20T18:42:49,True,True,24.0
TXN-F3CE01D1E7,ACC-D0D845DD09,ACC-9CEFDBAEC5,341125.09,IMPS,2026-01-06T19:38:44,True,False,25.0
TXN-0CBF318595,ACC-9CEFDBAEC5,ACC-83BFAF5E39,299586.65,NEFT,2026-01-06T20:28:44,True,False,25.0
TXN-8C5D46A79C,ACC-83BFAF5E39,ACC-568F47FEA9,286165.35,UPI,2026-01-06T22:47:44,True,False,25.0
TXN-7084D6E651,ACC-568F47FEA9,ACC-A46C4417D6,248017.53,NEFT,2026-01-07T03:13:44,True,False,25.0
TXN-B87C025563,ACC-A46C4417D6,ACC-BBCF3F199C,222936.08,NEFT,2026-01-07T04:30:44,True,True,25.0
TXN-372DFBCE00,ACC-CD3835148D,ACC-CB3DE56B0B,376181.35,UPI,2026-04-02T13:49:37,True,False,26.0
TXN-DBE4AA52F5,ACC-CB3DE56B0B,ACC-B9A417D732,295107.09,RTGS,2026-04-02T23:13:37,True,False,26.0
TXN-957ED3FFFE,ACC-B9A417D732,ACC-17BD9F4D59,288810.73,UPI,2026-04-03T07:48:37,True,False,26.0
TXN-0A3647A2CB,ACC-17BD9F4D59,ACC-3C46325D40,241098.22,NEFT,2026-04-03T12:01:37,True,True,26.0
TXN-06E7970153,ACC-895B703946,ACC-2D6B80D0DF,329417.76,RTGS,2026-01-13T00:47:51,True,False,27.0
TXN-41586B5116,ACC-2D6B80D0DF,ACC-C07629BBFD,298851.38,NEFT,2026-01-13T03:13:51,True,False,27.0
TXN-D554F72618,ACC-C07629BBFD,ACC-A279B0295C,288374.65,NEFT,2026-01-13T13:09:51,True,True,27.0
TXN-D4428C512B,ACC-5C2F468B75,ACC-F25914FA76,379887.71,NEFT,2026-03-11T06:05:05,True,False,28.0
TXN-3E837B883A,ACC-F25914FA76,ACC-133F9C312B,287157.74,RTGS,2026-03-11T12:29:05,True,False,28.0
TXN-E20055F073,ACC-133F9C312B,ACC-C981432FD7,266422.29,NEFT,2026-03-11T20:58:05,True,False,28.0
TXN-B33ED4E794,ACC-C981432FD7,ACC-E954A03DA1,250329.2,UPI,2026-03-12T05:52:05,True,False,28.0
TXN-EAD3D77A08,ACC-E954A03DA1,ACC-F209A81352,221254.64,NEFT,2026-03-12T11:43:05,True,False,28.0
TXN-3A92AF4C0D,ACC-F209A81352,ACC-1F433E7104,171412.65,NEFT,2026-03-12T19:37:05,True,True,28.0
TXN-51E3F0BFD1,ACC-AD81F68BC6,ACC-6ED0E6D866,328052.68,UPI,2026-04-03T13:43:28,True,False,29.0
TXN-D96C5839CF,ACC-6ED0E6D866,ACC-DEDCD927AC,281719.89,UPI,2026-04-03T22:49:28,True,False,29.0
TXN-2B45FCB8FA,ACC-DEDCD927AC,ACC-809F5F54A0,266022.88,NEFT,2026-04-04T02:59:28,True,True,29.0
TXN-DF7ED04F4D,ACC-2791350187,ACC-9FC585F269,226050.93,NEFT,2026-08-15T21:09:23,True,False,30.0
TXN-141EBAE8AD,ACC-9FC585F269,ACC-3FCF666B04,178781.03,IMPS,2026-08-16T02:13:23,True,False,30.0
TXN-B23210481B,ACC-3FCF666B04,ACC-C9434DD203,170373.44,UPI,2026-08-16T02:29:23,True,False,30.0
TXN-7B026DBA9C,ACC-C9434DD203,ACC-4990423AE6,132918.44,UPI,2026-08-16T06:41:23,True,False,30.0
TXN-F67FEF7588,ACC-4990423AE6,ACC-73B19E5B94,105928.15,RTGS,2026-08-16T15:45:23,True,True,30.0
TXN-071C94BE74,ACC-BBDE179900,ACC-CB3A7B88AD,288991.75,NEFT,2026-08-17T01:38:23,True,False,31.0
TXN-DAB41D281C,ACC-CB3A7B88AD,ACC-A3BE4940C8,277844.02,NEFT,2026-08-17T04:39:23,True,False,31.0
TXN-34B2201157,ACC-A3BE4940C8,ACC-C28F52A5C8,255483.31,IMPS,2026-08-17T06:37:23,True,False,31.0
TXN-3BD9E4DAB6,ACC-C28F52A5C8,ACC-7D3528DE9D,213774.63,UPI,2026-08-17T07:47:23,True,False,31.0
TXN-3B88893C60,ACC-7D3528DE9D,ACC-3D522A59C7,177294.34,IMPS,2026-08-17T15:51:23,True,False,31.0
TXN-99FF18D4F0,ACC-3D522A59C7,ACC-AC82627E19,169664.63,RTGS,2026-08-17T19:06:23,True,True,31.0
TXN-911A89C5C2,ACC-A5CF45FF56,ACC-4C6ACAE70D,77174.14,RTGS,2026-05-07T13:32:01,True,False,32.0
TXN-B7812646E5,ACC-4C6ACAE70D,ACC-A95614E50D,70083.46,IMPS,2026-05-07T21:30:01,True,False,32.0
TXN-11303972A5,ACC-A95614E50D,ACC-3946AA0C99,57814.59,IMPS,2026-05-07T22:09:01,True,True,32.0
TXN-364A8BDE75,ACC-3199BB0997,ACC-47AD7A7E03,300476.31,IMPS,2026-05-08T05:08:19,True,False,33.0
TXN-4B1F48813C,ACC-47AD7A7E03,ACC-530D2DB388,233799.42,RTGS,2026-05-08T12:25:19,True,False,33.0
TXN-2157910FA3,ACC-530D2DB388,ACC-0883F2DA86,193236.05,NEFT,2026-05-08T22:19:19,True,False,33.0
TXN-734DE83FE1,ACC-0883F2DA86,ACC-42CDBF5847,145046.51,IMPS,2026-05-09T05:58:19,True,False,33.0
TXN-4B12090A37,ACC-42CDBF5847,ACC-768828B942,132763.37,IMPS,2026-05-09T14:37:19,True,False,33.0
TXN-3D0F82C0C3,ACC-768828B942,ACC-C908053354,100429.92,UPI,2026-05-09T17:19:19,True,True,33.0
TXN-43DB1FF94B,ACC-74CC15D38C,ACC-BACCD8B339,326787.82,IMPS,2026-04-14T10:44:58,True,False,34.0
TXN-65EE0C2F42,ACC-BACCD8B339,ACC-ACEC9FF0EA,274730.37,UPI,2026-04-14T20:01:58,True,False,34.0
TXN-63EC4E3781,ACC-ACEC9FF0EA,ACC-B8F3B7545C,267844.99,IMPS,2026-04-15T00:55:58,True,True,34.0
TXN-B4B6CDEE8D,ACC-C7FD32D540,ACC-9F8FC46D2B,395322.88,UPI,2026-03-23T19:55:15,True,False,35.0
TXN-790ED5EE0A,ACC-9F8FC46D2B,ACC-D20D9C3784,379383.67,RTGS,2026-03-23T23:26:15,True,False,35.0
TXN-88E1BEBF20,ACC-D20D9C3784,ACC-CD305C863D,288762.49,IMPS,2026-03-24T06:23:15,True,False,35.0
TXN-D4F85C1F7A,ACC-CD305C863D,ACC-D4F98CD811,220125.32,UPI,2026-03-24T08:55:15,True,True,35.0
TXN-8ABFF0ED4F,ACC-E00F236079,ACC-BED91BE853,277354.68,IMPS,2026-02-22T23:18:18,True,False,36.0
TXN-0F69C47D04,ACC-BED91BE853,ACC-14CA6C1037,257559.66,UPI,2026-02-23T04:36:18,True,False,36.0
TXN-550C61FD0C,ACC-14CA6C1037,ACC-7BEF7FAA77,230214.58,IMPS,2026-02-23T11:30:18,True,False,36.0
TXN-0F74E48F60,ACC-7BEF7FAA77,ACC-678F5C7C19,192547.49,UPI,2026-02-23T16:33:18,True,False,36.0
TXN-7B3F22511D,ACC-678F5C7C19,ACC-D05E852A87,181595.12,UPI,2026-02-23T23:12:18,True,False,36.0
TXN-A77AA324C9,ACC-D05E852A87,ACC-E953A2164A,168741.88,RTGS,2026-02-24T01:33:18,True,True,36.0
TXN-600E7CCFAA,ACC-7F281E7B1E,ACC-F860F3AD8F,128209.74,RTGS,2026-05-31T11:08:18,True,False,37.0
TXN-63BC55F1B4,ACC-F860F3AD8F,ACC-D0B0FD37B2,97935.71,UPI,2026-05-31T16:02:18,True,False,37.0
TXN-FBA6CADA92,ACC-D0B0FD37B2,ACC-7DE2BFECE0,76379.78,NEFT,2026-05-31T20:05:18,True,False,37.0
TXN-5296C77DD8,ACC-7DE2BFECE0,ACC-A148AE7C8A,61181.92,NEFT,2026-05-31T20:22:18,True,False,37.0
TXN-74CF8CEE35,ACC-A148AE7C8A,ACC-30DDB92A79,51072.84,NEFT,2026-06-01T04:14:18,True,True,37.0
TXN-51E0930662,ACC-8DF931DB06,ACC-C968883E4B,104523.43,UPI,2026-04-06T23:25:43,True,False,38.0
TXN-3224BBB2EF,ACC-C968883E4B,ACC-A18C167D89,91707.18,UPI,2026-04-07T06:37:43,True,False,38.0
TXN-B9728D5B74,ACC-A18C167D89,ACC-0C5EB19EF1,69057.31,UPI,2026-04-07T16:04:43,True,False,38.0
TXN-660BA15061,ACC-0C5EB19EF1,ACC-4A563C5989,67266.4,UPI,2026-04-07T18:04:43,True,True,38.0
TXN-D4DAFD45B1,ACC-41DF045C2F,ACC-CD2AC789BA,383155.32,IMPS,2026-02-01T05:55:42,True,False,39.0
TXN-AD61CE7470,ACC-CD2AC789BA,ACC-541429F6A2,324899.98,RTGS,2026-02-01T13:42:42,True,False,39.0
TXN-5B092F22B4,ACC-541429F6A2,ACC-0ED9B57CE5,289031.48,IMPS,2026-02-01T17:17:42,True,False,39.0
TXN-C09005C004,ACC-0ED9B57CE5,ACC-89806FA88B,271497.21,UPI,2026-02-02T00:54:42,True,False,39.0
TXN-02CB895CB0,ACC-89806FA88B,ACC-7EFBC92111,264807.31,RTGS,2026-02-02T02:02:42,True,True,39.0
TXN-DF53AB71E2,ACC-FFA69A067D,ACC-669B83AAE7,57649.33,NEFT,2026-07-01T21:40:53,True,False,40.0
TXN-FC270EF808,ACC-669B83AAE7,ACC-6802F51CE4,51332.6,UPI,2026-07-02T02:11:53,True,False,40.0
TXN-F3D6AC1C14,ACC-6802F51CE4,ACC-31A51ED779,50184.32,IMPS,2026-07-02T11:22:53,True,False,40.0
TXN-2A525F9564,ACC-31A51ED779,ACC-AE5FD1E434,46293.96,UPI,2026-07-02T21:01:53,True,False,40.0
TXN-26C24DDFA3,ACC-AE5FD1E434,ACC-1AF689B9D9,39830.17,NEFT,2026-07-03T05:27:53,True,False,40.0
TXN-7EF74FAF30,ACC-1AF689B9D9,ACC-B744DCB2FA,36008.0,NEFT,2026-07-03T14:24:53,True,True,40.0
TXN-1D1914E461,ACC-093CA3BFA9,ACC-714616B6AB,21169.81,IMPS,2026-02-24T12:01:17,True,False,41.0
TXN-30AA8568CA,ACC-714616B6AB,ACC-D3D45E568E,20472.35,UPI,2026-02-24T21:29:17,True,False,41.0
TXN-F4906D1CBF,ACC-D3D45E568E,ACC-BCCEB00956,19595.96,UPI,2026-02-25T05:18:17,True,False,41.0
TXN-9444606B5B,ACC-BCCEB00956,ACC-0F7A7DA845,18878.65,UPI,2026-02-25T10:24:17,True,False,41.0
TXN-5C97B0F1FB,ACC-0F7A7DA845,ACC-FAC44A8400,14856.83,UPI,2026-02-25T12:55:17,True,False,41.0
TXN-FDC40987C0,ACC-FAC44A8400,ACC-069B3A3BD4,12419.92,UPI,2026-02-25T21:44:17,True,True,41.0
TXN-A00C62BFB0,ACC-42DCA3D634,ACC-63E1199DBD,180495.79,NEFT,2026-03-15T17:29:33,True,False,42.0
TXN-F5E825BE9F,ACC-63E1199DBD,ACC-F9A876F4D3,159391.69,RTGS,2026-03-16T00:20:33,True,False,42.0
TXN-0E5CC49AC9,ACC-F9A876F4D3,ACC-BA20776DC5,148509.51,RTGS,2026-03-16T02:00:33,True,False,42.0
TXN-2495EB0EE7,ACC-BA20776DC5,ACC-ABECAB0216,134410.65,IMPS,2026-03-16T07:00:33,True,True,42.0
TXN-4CD7DB31F0,ACC-DCF9D1EA86,ACC-F3DE79610C,350900.68,RTGS,2026-08-24T04:07:55,True,False,43.0
TXN-D6F5FD1010,ACC-F3DE79610C,ACC-1D21A9C1FA,276073.1,NEFT,2026-08-24T06:42:55,True,False,43.0
TXN-F0A34AB8D8,ACC-1D21A9C1FA,ACC-EE2901F4AE,238964.06,IMPS,2026-08-24T06:52:55,True,True,43.0
TXN-ADE9DF52CD,ACC-8594364250,ACC-61B2EC71A8,202753.26,IMPS,2026-06-03T13:06:26,True,False,44.0
TXN-40D9A56798,ACC-61B2EC71A8,ACC-3072402B07,198631.93,IMPS,2026-06-03T16:03:26,True,False,44.0
TXN-A475EFB1A9,ACC-3072402B07,ACC-8DF65DFE15,150974.55,NEFT,2026-06-03T20:27:26,True,False,44.0
TXN-9A0ED28371,ACC-8DF65DFE15,ACC-9581C4BC38,139290.57,RTGS,2026-06-04T01:22:26,True,False,44.0
TXN-08D88438B1,ACC-9581C4BC38,ACC-25FAF3BD6F,113233.21,RTGS,2026-06-04T06:28:26,True,True,44.0
TXN-966BEF3655,ACC-7E21A52D9D,ACC-5BA5F076B6,259731.9,IMPS,2026-04-11T18:10:58,True,False,45.0
TXN-8096C47502,ACC-5BA5F076B6,ACC-C68E4A9B80,244963.28,IMPS,2026-04-11T22:11:58,True,False,45.0
TXN-B915D44F92,ACC-C68E4A9B80,ACC-3607120D65,223098.49,RTGS,2026-04-12T02:35:58,True,False,45.0
TXN-588FBDA65F,ACC-3607120D65,ACC-E55FAB627A,184119.86,NEFT,2026-04-12T04:17:58,True,True,45.0
TXN-E243FFD714,ACC-41D09169E3,ACC-076B9E3F13,107901.23,RTGS,2026-05-21T08:55:35,True,False,46.0
TXN-3E8F63AEEE,ACC-076B9E3F13,ACC-DECDE1A345,90167.59,UPI,2026-05-21T14:40:35,True,False,46.0
TXN-8F7A85E883,ACC-DECDE1A345,ACC-0AB1F11C96,87768.52,NEFT,2026-05-21T23:53:35,True,False,46.0
TXN-4F2795A53D,ACC-0AB1F11C96,ACC-91E3DDE51B,78208.76,RTGS,2026-05-22T09:33:35,True,False,46.0
TXN-A541B70925,ACC-91E3DDE51B,ACC-81C0845F87,64318.25,NEFT,2026-05-22T15:01:35,True,False,46.0
TXN-F6712CE43F,ACC-81C0845F87,ACC-2D1483CB34,59599.94,IMPS,2026-05-22T20:26:35,True,True,46.0
TXN-1F06F4E8A3,ACC-2200B2EA2D,ACC-81FD3F1515,350994.2,NEFT,2026-05-29T07:28:16,True,False,47.0
TXN-394719CB8B,ACC-81FD3F1515,ACC-348E161DDB,275528.99,IMPS,2026-05-29T10:37:16,True,False,47.0
TXN-4A5846E738,ACC-348E161DDB,ACC-0ED83F6FA2,215159.87,NEFT,2026-05-29T17:37:16,True,False,47.0
TXN-090CB2AC0F,ACC-0ED83F6FA2,ACC-4D3BA5F694,179804.18,NEFT,2026-05-29T19:21:16,True,False,47.0
TXN-1A783014A9,ACC-4D3BA5F694,ACC-EEBE10F953,139333.86,RTGS,2026-05-29T19:46:16,True,False,47.0
TXN-4A284C8CE2,ACC-EEBE10F953,ACC-E2DD8D3C63,118732.0,UPI,2026-05-30T02:02:16,True,True,47.0
TXN-912B30B118,ACC-05DBDADE96,ACC-16DD947E7D,38857.05,UPI,2026-03-06T05:09:21,True,False,48.0
TXN-220EEAC75C,ACC-16DD947E7D,ACC-C4B8BF177A,30705.25,IMPS,2026-03-06T14:05:21,True,False,48.0
TXN-47B637E1BC,ACC-C4B8BF177A,ACC-E57EC7AEAC,23361.91,RTGS,2026-03-06T18:49:21,True,True,48.0
TXN-F3BF3BE299,ACC-8BE63AE450,ACC-98911EC451,75157.22,UPI,2026-02-13T14:54:26,True,False,49.0
TXN-E11BD57135,ACC-98911EC451,ACC-60C96D13DC,64825.78,UPI,2026-02-13T17:54:26,True,False,49.0
TXN-5BD13ABAFA,ACC-60C96D13DC,ACC-EC88A847BE,59268.26,UPI,2026-02-14T00:06:26,True,True,49.0
TXN-070977CB87,ACC-BCAF3A9CC3,ACC-BC0A89785E,273842.77,UPI,2026-05-07T10:35:00,True,False,50.0
TXN-80366012C3,ACC-BC0A89785E,ACC-DAA8C6196C,258449.75,NEFT,2026-05-07T11:53:00,True,False,50.0
TXN-F9FBA74CAD,ACC-DAA8C6196C,ACC-B931CAEC50,206336.25,NEFT,2026-05-07T21:07:00,True,False,50.0
TXN-1A75949B58,ACC-B931CAEC50,ACC-729F29A542,166185.78,UPI,2026-05-08T02:45:00,True,True,50.0
TXN-CB68BFD8FC,ACC-FA511CA3AF,ACC-A1324D54E3,233186.78,IMPS,2026-08-16T22:29:10,True,False,51.0
TXN-C49FBC65F5,ACC-A1324D54E3,ACC-6201A05E31,221113.54,RTGS,2026-08-17T00:10:10,True,False,51.0
TXN-D9ACCFE812,ACC-6201A05E31,ACC-0DC7693A32,174111.18,IMPS,2026-08-17T08:00:10,True,False,51.0
TXN-D40F5B7989,ACC-0DC7693A32,ACC-339926A11F,168374.45,IMPS,2026-08-17T10:50:10,True,False,51.0
TXN-81BB1F446A,ACC-339926A11F,ACC-3B3A845E76,130971.6,UPI,2026-08-17T13:29:10,True,False,51.0
TXN-C8E01AF8A9,ACC-3B3A845E76,ACC-6C727BB692,109657.62,UPI,2026-08-17T21:03:10,True,True,51.0
TXN-0D09F68123,ACC-765B8516B0,ACC-9FD1A657EC,268440.45,NEFT,2026-01-05T12:35:46,True,False,52.0
TXN-A4015957DF,ACC-9FD1A657EC,ACC-E3317CF604,218393.39,IMPS,2026-01-05T20:59:46,True,False,52.0
TXN-D7793EAE11,ACC-E3317CF604,ACC-DA6FF5C42D,200630.82,UPI,2026-01-06T00:32:46,True,True,52.0
TXN-064DC4E516,ACC-12489997CB,ACC-B8E5BE253A,340575.63,UPI,2026-06-20T05:29:14,True,False,53.0
TXN-C2A5E0D112,ACC-B8E5BE253A,ACC-D596C55CFE,332728.69,UPI,2026-06-20T09:29:14,True,False,53.0
TXN-31D26CFA85,ACC-D596C55CFE,ACC-BCF8A556DF,308658.42,RTGS,2026-06-20T14:14:14,True,False,53.0
TXN-11DCBA77D4,ACC-BCF8A556DF,ACC-D2116FEBA4,245855.53,IMPS,2026-06-20T23:45:14,True,False,53.0
TXN-4A9DB6BC0B,ACC-D2116FEBA4,ACC-208D5FB3C2,214245.77,RTGS,2026-06-21T00:10:14,True,False,53.0
TXN-FBD582EF02,ACC-208D5FB3C2,ACC-A2A739C398,199198.33,UPI,2026-06-21T08:36:14,True,True,53.0
TXN-F56D4FC5DB,ACC-03E8EB7170,ACC-0D2AADCE45,300124.19,IMPS,2026-01-10T08:08:28,True,False,54.0
TXN-F3AC66E411,ACC-0D2AADCE45,ACC-5D9DB3339A,250533.19,IMPS,2026-01-10T18:03:28,True,False,54.0
TXN-88DC67F691,ACC-5D9DB3339A,ACC-D1CE4D4BE5,214228.72,UPI,2026-01-11T02:31:28,True,False,54.0
TXN-EEA501CC35,ACC-D1CE4D4BE5,ACC-EA0D0DC41A,193830.74,IMPS,2026-01-11T11:55:28,True,False,54.0
TXN-58AA2F41DB,ACC-EA0D0DC41A,ACC-A1C7590E2E,172262.51,RTGS,2026-01-11T14:29:28,True,False,54.0
TXN-4195A9BA6D,ACC-A1C7590E2E,ACC-D9E64A9527,139751.79,IMPS,2026-01-11T20:54:28,True,True,54.0
TXN-E7D36EABB8,ACC-1CBF0798E0,ACC-50CDA4E57F,324781.57,RTGS,2026-01-02T03:54:02,True,False,55.0
TXN-E1309DA6F6,ACC-50CDA4E57F,ACC-E2859D94D5,305383.86,NEFT,2026-01-02T07:40:02,True,False,55.0
TXN-1CDB4CCC99,ACC-E2859D94D5,ACC-C3237CF270,229393.08,UPI,2026-01-02T12:36:02,True,False,55.0
TXN-8CAB5387E7,ACC-C3237CF270,ACC-952A6FE476,184726.85,IMPS,2026-01-02T20:29:02,True,True,55.0
TXN-A01F05B677,ACC-94AED875E6,ACC-A3E76EC7AA,311037.97,UPI,2026-08-07T18:33:27,True,False,56.0
TXN-E85F35856F,ACC-A3E76EC7AA,ACC-B0E072169D,249547.3,RTGS,2026-08-08T00:54:27,True,False,56.0
TXN-660E34919C,ACC-B0E072169D,ACC-63086A3DF4,226217.53,UPI,2026-08-08T06:25:27,True,False,56.0
TXN-CED147D81C,ACC-63086A3DF4,ACC-A519A34348,198892.29,NEFT,2026-08-08T11:54:27,True,False,56.0
TXN-8B983661A1,ACC-A519A34348,ACC-5B8AF7CF9C,176300.62,IMPS,2026-08-08T19:07:27,True,True,56.0
TXN-C300DE7DCB,ACC-DB2F9E2024,ACC-4F685E2FD3,351762.29,NEFT,2026-07-19T22:26:32,True,False,57.0
TXN-5457FF3E6E,ACC-4F685E2FD3,ACC-A6B7A8B62B,301707.42,NEFT,2026-07-19T23:46:32,True,False,57.0
TXN-BD05AE22C8,ACC-A6B7A8B62B,ACC-96CAA18692,249693.32,IMPS,2026-07-20T04:03:32,True,True,57.0
TXN-C6E22D603C,ACC-D83FBAC7BC,ACC-6D15A6762C,377091.89,IMPS,2026-04-08T20:11:48,True,False,58.0
TXN-8B25A54A1E,ACC-6D15A6762C,ACC-50BE5E789B,314051.33,NEFT,2026-04-09T03:03:48,True,False,58.0
TXN-03FC936414,ACC-50BE5E789B,ACC-800C921183,278449.0,NEFT,2026-04-09T03:22:48,True,False,58.0
TXN-C87BB6A22D,ACC-800C921183,ACC-E9177BF6B2,265802.16,UPI,2026-04-09T05:16:48,True,True,58.0
TXN-ED47F962E5,ACC-3460293056,ACC-FDB826215F,284379.53,NEFT,2026-06-23T01:34:36,True,False,59.0
TXN-38FEE5DB6D,ACC-FDB826215F,ACC-C3C01B217E,264625.03,NEFT,2026-06-23T07:05:36,True,False,59.0
TXN-011407E539,ACC-C3C01B217E,ACC-C5BAD95B87,203273.35,UPI,2026-06-23T08:06:36,True,False,59.0
TXN-067DB8C515,ACC-C5BAD95B87,ACC-B91654C16E,173033.5,NEFT,2026-06-23T12:41:36,True,False,59.0
TXN-120EF05773,ACC-B91654C16E,ACC-B1994A5730,148229.15,UPI,2026-06-23T15:03:36,True,True,59.0
